expcondId,zecoId,goccId,cztId,extra
ZDB-EXPCOND-041230-1,ZECO:0000162,none,none,
ZDB-EXPCOND-050712-1,ZECO:0000111,none,CHEBI:15367,
ZDB-EXPCOND-050831-3,ZECO:0000237,none,CHEBI:33699,
ZDB-EXPCOND-050831-6,ZECO:0000237,none,CHEBI:33699,
ZDB-EXPCOND-050901-5,ZECO:0000237,none,CHEBI:33699,
ZDB-EXPCOND-050914-5,ZECO:0000111,none,CHEBI:4021,
ZDB-EXPCOND-050922-5,ZECO:0000166,none,none,
ZDB-EXPCOND-050922-7,ZECO:0000166,none,none,
ZDB-EXPCOND-051025-2,ZECO:0000111,none,CHEBI:33699,
ZDB-EXPCOND-060105-14,ZECO:0000111,none,CHEBI:33848,
ZDB-EXPCOND-060105-15,ZECO:0000111,none,CHEBI:23888,
ZDB-EXPCOND-060119-1,ZECO:0000237,none,CHEBI:33699,
ZDB-EXPCOND-060224-1,ZECO:0000111,none,CHEBI:46261,
ZDB-EXPCOND-060303-5,ZECO:0000111,none,CHEBI:15553,
ZDB-EXPCOND-060303-6,ZECO:0000111,none,CHEBI:15552,
ZDB-EXPCOND-060403-4,ZECO:0000237,none,CHEBI:33699,
ZDB-EXPCOND-060627-14,ZECO:0000111,none,CHEBI:32497,
ZDB-EXPCOND-060825-6,ZECO:0000102,none,none,
ZDB-EXPCOND-060911-1,ZECO:0000102,none,none,
ZDB-EXPCOND-060924-2,ZECO:0000102,none,none,
ZDB-EXPCOND-060925-1,ZECO:0000237,none,CHEBI:31624,
ZDB-EXPCOND-060925-2,ZECO:0000237,none,CHEBI:31624,
ZDB-EXPCOND-060925-3,ZECO:0000237,none,CHEBI:31624,
ZDB-EXPCOND-060925-4,ZECO:0000237,none,CHEBI:31624,
ZDB-EXPCOND-061003-3,ZECO:0000111,none,CHEBI:46261,
ZDB-EXPCOND-061122-3,ZECO:0000111,none,CHEBI:46261,
ZDB-EXPCOND-061219-3,ZECO:0000111,none,CHEBI:91222,
ZDB-EXPCOND-061219-4,ZECO:0000111,none,CHEBI:91222,
ZDB-EXPCOND-070111-6,ZECO:0000111,none,CHEBI:27732,
ZDB-EXPCOND-070228-1,ZECO:0000111,none,CHEBI:21759,
ZDB-EXPCOND-070228-5,ZECO:0000111,none,CHEBI:21759,
ZDB-EXPCOND-070316-1,ZECO:0000111,none,CHEBI:6909,
ZDB-EXPCOND-070330-12,ZECO:0000111,none,CHEBI:28119,
ZDB-EXPCOND-070330-13,ZECO:0000111,none,CHEBI:28119,
ZDB-EXPCOND-070330-16,ZECO:0000111,none,CHEBI:28119,
ZDB-EXPCOND-070330-17,ZECO:0000111,none,CHEBI:28119,
ZDB-EXPCOND-070330-20,ZECO:0000111,none,CHEBI:28119,
ZDB-EXPCOND-070427-2,ZECO:0000111,none,CHEBI:63449,
ZDB-EXPCOND-070427-3,ZECO:0000163,none,none,
ZDB-EXPCOND-070516-14,ZECO:0000111,none,CHEBI:51063,
ZDB-EXPCOND-070601-1,ZECO:0000111,none,CHEBI:6762,
ZDB-EXPCOND-070601-2,ZECO:0000111,none,CHEBI:3699,
ZDB-EXPCOND-070601-3,ZECO:0000111,none,CHEBI:81391,
ZDB-EXPCOND-070601-4,ZECO:0000111,none,CHEBI:48705,
ZDB-EXPCOND-070601-5,ZECO:0000111,none,CHEBI:46261,
ZDB-EXPCOND-070607-1,ZECO:0000111,none,CHEBI:6909,
ZDB-EXPCOND-070612-6,ZECO:0000111,none,CHEBI:35222,
ZDB-EXPCOND-070613-2,ZECO:0000111,none,CHEBI:472552,
ZDB-EXPCOND-070626-8,ZECO:0000111,none,CHEBI:86193,
ZDB-EXPCOND-070626-9,ZECO:0000111,none,CHEBI:91083,
ZDB-EXPCOND-070724-1,ZECO:0000111,none,CHEBI:38452,
ZDB-EXPCOND-070724-2,ZECO:0000111,none,CHEBI:38449,
ZDB-EXPCOND-070724-4,ZECO:0000111,none,CHEBI:16688,
ZDB-EXPCOND-070724-5,ZECO:0000111,none,CHEBI:16688,
ZDB-EXPCOND-070803-2,ZECO:0000111,none,CHEBI:91108,
ZDB-EXPCOND-070917-15,ZECO:0000111,none,CHEBI:78291,
ZDB-EXPCOND-070920-17,ZECO:0000208,none,none,
ZDB-EXPCOND-071130-4,ZECO:0000146,none,none,
ZDB-EXPCOND-071211-23,ZECO:0000166,none,none,
ZDB-EXPCOND-071212-6,ZECO:0000111,none,CHEBI:35205,
ZDB-EXPCOND-080103-3,ZECO:0000111,none,CHEBI:15367,
ZDB-EXPCOND-080104-14,ZECO:0000111,none,CHEBI:23888,
ZDB-EXPCOND-080104-8,ZECO:0000111,none,CHEBI:16796,
ZDB-EXPCOND-080110-12,ZECO:0000111,none,CHEBI:34910,
ZDB-EXPCOND-080229-13,ZECO:0000111,none,CHEBI:15367,
ZDB-EXPCOND-080229-16,ZECO:0000111,none,CHEBI:15367,
ZDB-EXPCOND-080229-21,ZECO:0000111,none,CHEBI:3001,
ZDB-EXPCOND-080307-1,ZECO:0000111,none,CHEBI:33568,
ZDB-EXPCOND-080307-2,ZECO:0000111,none,CHEBI:28918,
ZDB-EXPCOND-080504-3,ZECO:0000166,none,none,
ZDB-EXPCOND-080515-4,ZECO:0000111,none,CHEBI:25905,
ZDB-EXPCOND-080515-8,ZECO:0000111,none,CHEBI:59999,
ZDB-EXPCOND-080522-3,ZECO:0000111,none,CHEBI:46261,
ZDB-EXPCOND-080605-1,ZECO:0000111,none,CHEBI:472552,
ZDB-EXPCOND-080605-2,ZECO:0000111,none,CHEBI:28262,
ZDB-EXPCOND-080609-11,ZECO:0000111,none,CHEBI:472552,
ZDB-EXPCOND-080609-8,ZECO:0000111,none,CHEBI:46261,
ZDB-EXPCOND-080708-3,ZECO:0000203,none,none,
ZDB-EXPCOND-080708-6,ZECO:0000111,none,CHEBI:3312,
ZDB-EXPCOND-080708-7,ZECO:0000111,none,CHEBI:32599,
ZDB-EXPCOND-080708-8,ZECO:0000111,none,CHEBI:26710,
ZDB-EXPCOND-080714-7,ZECO:0000237,none,CHEBI:33699,
ZDB-EXPCOND-080714-9,ZECO:0000237,none,CHEBI:33699,
ZDB-EXPCOND-080715-2,ZECO:0000111,none,CHEBI:35456,
ZDB-EXPCOND-080715-3,ZECO:0000111,none,CHEBI:35456,
ZDB-EXPCOND-080715-5,ZECO:0000111,none,CHEBI:17992,
ZDB-EXPCOND-080715-6,ZECO:0000111,none,CHEBI:15956,
ZDB-EXPCOND-080721-10,ZECO:0000111,none,CHEBI:88212,
ZDB-EXPCOND-080721-11,ZECO:0000111,none,CHEBI:59999,
ZDB-EXPCOND-080721-2,ZECO:0000111,none,CHEBI:53156,
ZDB-EXPCOND-080721-4,ZECO:0000111,none,CHEBI:28619,
ZDB-EXPCOND-080721-8,ZECO:0000111,none,CHEBI:16130,
ZDB-EXPCOND-080729-1,ZECO:0000166,none,none,
ZDB-EXPCOND-080731-3,ZECO:0000111,none,CHEBI:52289,
ZDB-EXPCOND-080801-18,ZECO:0000111,none,CHEBI:282662,
ZDB-EXPCOND-080801-20,ZECO:0000111,none,CHEBI:282662,
ZDB-EXPCOND-080801-22,ZECO:0000111,none,CHEBI:282662,
ZDB-EXPCOND-080801-35,ZECO:0000111,none,CHEBI:282662,
ZDB-EXPCOND-080801-37,ZECO:0000111,none,CHEBI:282662,
ZDB-EXPCOND-080801-40,ZECO:0000111,none,CHEBI:46024,
ZDB-EXPCOND-080801-45,ZECO:0000111,none,CHEBI:37699,
ZDB-EXPCOND-080801-46,ZECO:0000111,none,CHEBI:37699,
ZDB-EXPCOND-080813-16,ZECO:0000111,none,CHEBI:30740,
ZDB-EXPCOND-080818-11,ZECO:0000111,none,CHEBI:16469,
ZDB-EXPCOND-080820-1,ZECO:0000111,none,CHEBI:4903,
ZDB-EXPCOND-080903-1,ZECO:0000111,none,CHEBI:7507,
ZDB-EXPCOND-080904-10,ZECO:0000111,none,CHEBI:23888,
ZDB-EXPCOND-080904-2,ZECO:0000111,none,CHEBI:7507,
ZDB-EXPCOND-080904-3,ZECO:0000111,none,CHEBI:27899,
ZDB-EXPCOND-080904-4,ZECO:0000111,none,CHEBI:23888,
ZDB-EXPCOND-080904-5,ZECO:0000111,none,CHEBI:27899,
ZDB-EXPCOND-080904-6,ZECO:0000111,none,CHEBI:7507,
ZDB-EXPCOND-080904-7,ZECO:0000111,none,CHEBI:23888,
ZDB-EXPCOND-080904-8,ZECO:0000111,none,CHEBI:7507,
ZDB-EXPCOND-080904-9,ZECO:0000111,none,CHEBI:7507,
ZDB-EXPCOND-080908-21,ZECO:0000208,none,none,
ZDB-EXPCOND-080908-30,ZECO:0000208,none,none,
ZDB-EXPCOND-080908-33,ZECO:0000208,none,none,
ZDB-EXPCOND-080908-38,ZECO:0000111,none,CHEBI:37699,
ZDB-EXPCOND-080908-52,ZECO:0000111,none,CHEBI:37699,
ZDB-EXPCOND-080910-15,ZECO:0000111,none,CHEBI:75404,
ZDB-EXPCOND-080910-18,ZECO:0000111,none,CHEBI:75404,
ZDB-EXPCOND-080910-20,ZECO:0000111,none,CHEBI:75404,
ZDB-EXPCOND-080910-22,ZECO:0000111,none,CHEBI:75404,
ZDB-EXPCOND-080918-1,ZECO:0000111,none,CHEBI:472552,
ZDB-EXPCOND-080926-4,ZECO:0000201,none,none,
ZDB-EXPCOND-080929-4,ZECO:0000111,none,CHEBI:86193,
ZDB-EXPCOND-080930-6,ZECO:0000111,none,CHEBI:17688,
ZDB-EXPCOND-081001-17,ZECO:0000111,none,CHEBI:46261,
ZDB-EXPCOND-081002-2,ZECO:0000111,none,CHEBI:131331,
ZDB-EXPCOND-081013-7,ZECO:0000111,none,CHEBI:15367,
ZDB-EXPCOND-081013-8,ZECO:0000111,none,CHEBI:15367,
ZDB-EXPCOND-081017-3,ZECO:0000111,none,CHEBI:38637,
ZDB-EXPCOND-081103-12,ZECO:0000111,none,CHEBI:28918,
ZDB-EXPCOND-081103-15,ZECO:0000111,none,CHEBI:28918,
ZDB-EXPCOND-081103-16,ZECO:0000111,none,CHEBI:28918,
ZDB-EXPCOND-081103-36,ZECO:0000111,none,CHEBI:28918,
ZDB-EXPCOND-081103-39,ZECO:0000111,none,CHEBI:28918,
ZDB-EXPCOND-081103-40,ZECO:0000111,none,CHEBI:28918,
ZDB-EXPCOND-081103-45,ZECO:0000111,none,CHEBI:28918,
ZDB-EXPCOND-081103-48,ZECO:0000111,none,CHEBI:28918,
ZDB-EXPCOND-081103-51,ZECO:0000111,none,CHEBI:28918,
ZDB-EXPCOND-081103-54,ZECO:0000111,none,CHEBI:28918,
ZDB-EXPCOND-081103-57,ZECO:0000111,none,CHEBI:28918,
ZDB-EXPCOND-081103-8,ZECO:0000111,none,CHEBI:28918,
ZDB-EXPCOND-081105-11,ZECO:0000111,none,CHEBI:28918,
ZDB-EXPCOND-081105-16,ZECO:0000111,none,CHEBI:28918,
ZDB-EXPCOND-081105-4,ZECO:0000111,none,CHEBI:28918,
ZDB-EXPCOND-081105-8,ZECO:0000111,none,CHEBI:28918,
ZDB-EXPCOND-081112-1,ZECO:0000111,none,CHEBI:63449,
ZDB-EXPCOND-081120-8,ZECO:0000111,none,CHEBI:76795,
ZDB-EXPCOND-081204-1,ZECO:0000111,none,CHEBI:9453,
ZDB-EXPCOND-081217-24,ZECO:0000190,none,none,
ZDB-EXPCOND-081217-25,ZECO:0000190,none,none,
ZDB-EXPCOND-081217-28,ZECO:0000172,none,ZFA:0000108,
ZDB-EXPCOND-081217-39,ZECO:0000172,none,ZFA:0000108,
ZDB-EXPCOND-081217-40,ZECO:0000172,none,ZFA:0000108,
ZDB-EXPCOND-081218-1,ZECO:0000172,none,ZFA:0000108,
ZDB-EXPCOND-081218-4,ZECO:0000102,none,none,
ZDB-EXPCOND-081218-5,ZECO:0000102,none,none,
ZDB-EXPCOND-081218-6,ZECO:0000111,none,CHEBI:46261,
ZDB-EXPCOND-081229-2,ZECO:0000111,none,CHEBI:64090,
ZDB-EXPCOND-081229-5,ZECO:0000111,none,CHEBI:64090,
ZDB-EXPCOND-090105-11,ZECO:0000111,none,CHEBI:27656,
ZDB-EXPCOND-090105-9,ZECO:0000111,none,CHEBI:27899,
ZDB-EXPCOND-090107-3,ZECO:0000111,none,CHEBI:472552,
ZDB-EXPCOND-090108-17,ZECO:0000111,none,CHEBI:76812,
ZDB-EXPCOND-090108-18,ZECO:0000111,none,CHEBI:76812,
ZDB-EXPCOND-090113-15,ZECO:0000237,none,CHEBI:33699,
ZDB-EXPCOND-090203-3,ZECO:0000111,none,CHEBI:52289,
ZDB-EXPCOND-090203-4,ZECO:0000111,none,CHEBI:90693,
ZDB-EXPCOND-090211-1,ZECO:0000111,none,CHEBI:91222,
ZDB-EXPCOND-090211-2,ZECO:0000111,none,CHEBI:27413,
ZDB-EXPCOND-090211-5,ZECO:0000111,none,CHEBI:41500,
ZDB-EXPCOND-090212-14,ZECO:0000111,none,CHEBI:73167,
ZDB-EXPCOND-090212-15,ZECO:0000111,none,CHEBI:91222,
ZDB-EXPCOND-090212-6,ZECO:0000111,none,CHEBI:27881,
ZDB-EXPCOND-090213-11,ZECO:0000166,none,none,
ZDB-EXPCOND-090213-8,ZECO:0000111,none,CHEBI:91222,
ZDB-EXPCOND-090213-9,ZECO:0000111,none,CHEBI:91222,
ZDB-EXPCOND-090218-10,ZECO:0000111,none,CHEBI:33569,
ZDB-EXPCOND-090218-3,ZECO:0000111,none,CHEBI:73296,
ZDB-EXPCOND-090218-5,ZECO:0000111,none,CHEBI:9753,
ZDB-EXPCOND-090218-6,ZECO:0000111,none,CHEBI:23888,
ZDB-EXPCOND-090218-7,ZECO:0000111,none,CHEBI:73158,
ZDB-EXPCOND-090218-8,ZECO:0000111,none,CHEBI:15846,
ZDB-EXPCOND-090218-9,ZECO:0000111,none,CHEBI:64317,
ZDB-EXPCOND-090219-6,ZECO:0000111,none,CHEBI:65329,
ZDB-EXPCOND-090223-4,ZECO:0000237,none,CHEBI:33699,
ZDB-EXPCOND-090302-1,ZECO:0000111,none,CHEBI:73162,
ZDB-EXPCOND-090304-2,ZECO:0000111,none,CHEBI:44423,
ZDB-EXPCOND-090320-14,ZECO:0000111,none,CHEBI:9168,
ZDB-EXPCOND-090320-16,ZECO:0000111,none,CHEBI:9168,
ZDB-EXPCOND-090320-18,ZECO:0000111,none,CHEBI:9168,
ZDB-EXPCOND-090320-20,ZECO:0000111,none,CHEBI:9168,
ZDB-EXPCOND-090320-23,ZECO:0000111,none,CHEBI:9168,
ZDB-EXPCOND-090320-24,ZECO:0000111,none,CHEBI:9168,
ZDB-EXPCOND-090320-26,ZECO:0000111,none,CHEBI:9168,
ZDB-EXPCOND-090320-28,ZECO:0000111,none,CHEBI:9168,
ZDB-EXPCOND-090320-3,ZECO:0000111,none,CHEBI:9168,
ZDB-EXPCOND-090320-31,ZECO:0000111,none,CHEBI:9168,
ZDB-EXPCOND-090320-33,ZECO:0000111,none,CHEBI:9168,
ZDB-EXPCOND-090320-37,ZECO:0000111,none,CHEBI:16240,
ZDB-EXPCOND-090323-3,ZECO:0000237,none,CHEBI:33699,
ZDB-EXPCOND-090323-4,ZECO:0000237,none,CHEBI:33699,
ZDB-EXPCOND-090324-2,ZECO:0000111,none,CHEBI:33083,
ZDB-EXPCOND-090324-3,ZECO:0000111,none,CHEBI:76995,
ZDB-EXPCOND-090324-4,ZECO:0000189,none,none,
ZDB-EXPCOND-090408-2,ZECO:0000111,none,CHEBI:50596,
ZDB-EXPCOND-090414-7,ZECO:0000237,none,CHEBI:33699,
ZDB-EXPCOND-090414-8,ZECO:0000237,none,CHEBI:33699,
ZDB-EXPCOND-090428-6,ZECO:0000237,none,CHEBI:33699,
ZDB-EXPCOND-090507-7,ZECO:0000111,none,CHEBI:65329,
ZDB-EXPCOND-090507-9,ZECO:0000111,none,CHEBI:65329,
ZDB-EXPCOND-090610-14,ZECO:0000111,none,CHEBI:641,
ZDB-EXPCOND-090622-2,ZECO:0000111,none,CHEBI:45895,
ZDB-EXPCOND-090806-2,ZECO:0000111,none,CHEBI:16236,
ZDB-EXPCOND-090806-4,ZECO:0000111,none,CHEBI:16236,
ZDB-EXPCOND-090821-15,ZECO:0000111,none,CHEBI:28119,
ZDB-EXPCOND-090821-17,ZECO:0000111,none,CHEBI:28119,
ZDB-EXPCOND-090828-11,ZECO:0000111,none,CHEBI:27026,
ZDB-EXPCOND-090924-3,ZECO:0000237,none,CHEBI:33699,
ZDB-EXPCOND-090924-4,ZECO:0000237,none,CHEBI:33699,
ZDB-EXPCOND-091027-2,ZECO:0000245,none,none,
ZDB-EXPCOND-091102-4,ZECO:0000106,none,NCBITaxon:1346,
ZDB-EXPCOND-091106-6,ZECO:0000166,none,none,
ZDB-EXPCOND-091111-8,ZECO:0000111,none,CHEBI:44423,
ZDB-EXPCOND-091229-1,ZECO:0000111,none,CHEBI:24527,
ZDB-EXPCOND-091229-2,ZECO:0000111,none,CHEBI:24527,
ZDB-EXPCOND-100108-2,ZECO:0000111,none,CHEBI:63449,
ZDB-EXPCOND-100112-4,ZECO:0000146,none,none,
ZDB-EXPCOND-100204-4,ZECO:0000111,none,CHEBI:36080,
ZDB-EXPCOND-100226-1,ZECO:0000111,none,CHEBI:36080,
ZDB-EXPCOND-100226-2,ZECO:0000111,none,CHEBI:36080,
ZDB-EXPCOND-100413-5,ZECO:0000111,none,CHEBI:28918,
ZDB-EXPCOND-100413-7,ZECO:0000111,none,CHEBI:28918,
ZDB-EXPCOND-100414-1,ZECO:0000111,none,CHEBI:6909,
ZDB-EXPCOND-100422-3,ZECO:0000111,none,CHEBI:63449,
ZDB-EXPCOND-100429-12,ZECO:0000237,none,CHEBI:33699,
ZDB-EXPCOND-100429-13,ZECO:0000237,none,CHEBI:33699,
ZDB-EXPCOND-100430-4,ZECO:0000111,none,CHEBI:76725,
ZDB-EXPCOND-100430-5,ZECO:0000111,none,CHEBI:4513,
ZDB-EXPCOND-100504-3,ZECO:0000106,none,NCBITaxon:1781,
ZDB-EXPCOND-100506-1,ZECO:0000111,none,CHEBI:36080,
ZDB-EXPCOND-100507-4,ZECO:0000111,none,CHEBI:23888,
ZDB-EXPCOND-100510-1,ZECO:0000111,none,CHEBI:17688,
ZDB-EXPCOND-100629-1,ZECO:0000111,none,CHEBI:65329,
ZDB-EXPCOND-100629-3,ZECO:0000111,none,CHEBI:65329,
ZDB-EXPCOND-100629-4,ZECO:0000111,none,CHEBI:50925,
ZDB-EXPCOND-100729-2,ZECO:0000237,none,CHEBI:33699,
ZDB-EXPCOND-100729-6,ZECO:0000111,none,CHEBI:36080,
ZDB-EXPCOND-100802-1,ZECO:0000111,none,CHEBI:4031,
ZDB-EXPCOND-100803-1,ZECO:0000229,none,none,
ZDB-EXPCOND-100817-10,ZECO:0000111,none,CHEBI:4031,
ZDB-EXPCOND-100817-11,ZECO:0000111,none,CHEBI:4031,
ZDB-EXPCOND-100823-2,ZECO:0000111,none,CHEBI:132332,
ZDB-EXPCOND-100823-4,ZECO:0000111,none,CHEBI:59999,
ZDB-EXPCOND-100827-1,ZECO:0000111,none,CHEBI:4681,
ZDB-EXPCOND-100830-3,ZECO:0000111,none,CHEBI:83630,
ZDB-EXPCOND-101008-2,ZECO:0000111,none,CHEBI:25355,
ZDB-EXPCOND-101012-4,ZECO:0000111,none,CHEBI:4021,
ZDB-EXPCOND-101013-1,ZECO:0000111,none,CHEBI:50687,
ZDB-EXPCOND-101027-13,ZECO:0000111,none,CHEBI:91222,
ZDB-EXPCOND-101027-17,ZECO:0000111,none,CHEBI:91222,
ZDB-EXPCOND-101027-23,ZECO:0000111,none,CHEBI:91222,
ZDB-EXPCOND-101027-24,ZECO:0000111,none,CHEBI:91222,
ZDB-EXPCOND-101028-10,ZECO:0000111,none,CHEBI:81351,
ZDB-EXPCOND-101028-11,ZECO:0000111,none,CHEBI:36080,
ZDB-EXPCOND-101028-15,ZECO:0000111,none,CHEBI:36080,
ZDB-EXPCOND-101028-17,ZECO:0000111,none,CHEBI:81351,
ZDB-EXPCOND-101028-19,ZECO:0000111,none,CHEBI:81570,
ZDB-EXPCOND-101028-2,ZECO:0000111,none,CHEBI:81351,
ZDB-EXPCOND-101028-4,ZECO:0000111,none,CHEBI:81351,
ZDB-EXPCOND-101028-6,ZECO:0000111,none,CHEBI:36080,
ZDB-EXPCOND-101028-8,ZECO:0000111,none,CHEBI:36080,
ZDB-EXPCOND-101122-11,ZECO:0000111,none,CHEBI:34910,
ZDB-EXPCOND-101122-5,ZECO:0000111,none,CHEBI:91108,
ZDB-EXPCOND-101123-3,ZECO:0000111,none,CHEBI:63449,
ZDB-EXPCOND-101124-2,ZECO:0000111,none,CHEBI:63449,
ZDB-EXPCOND-101129-5,ZECO:0000111,none,CHEBI:50664,
ZDB-EXPCOND-101207-2,ZECO:0000111,none,CHEBI:51913,
ZDB-EXPCOND-101208-14,ZECO:0000111,none,CHEBI:91083,
ZDB-EXPCOND-101208-15,ZECO:0000111,none,CHEBI:91185,
ZDB-EXPCOND-110107-6,ZECO:0000111,none,CHEBI:42471,
ZDB-EXPCOND-110120-8,ZECO:0000111,none,CHEBI:9168,
ZDB-EXPCOND-110121-6,ZECO:0000111,none,CHEBI:48607,
ZDB-EXPCOND-110207-2,ZECO:0000111,none,CHEBI:27026,
ZDB-EXPCOND-110207-4,ZECO:0000111,none,CHEBI:27026,
ZDB-EXPCOND-110207-7,ZECO:0000111,none,CHEBI:27026,
ZDB-EXPCOND-110211-1,ZECO:0000111,none,CHEBI:50686,
ZDB-EXPCOND-110223-5,ZECO:0000111,none,CHEBI:472552,
ZDB-EXPCOND-110224-21,ZECO:0000166,none,none,
ZDB-EXPCOND-110404-13,ZECO:0000111,none,CHEBI:90705,
ZDB-EXPCOND-110410-1,ZECO:0000111,none,CHEBI:23414,
ZDB-EXPCOND-110419-4,ZECO:0000111,none,CHEBI:16796,
ZDB-EXPCOND-110426-9,ZECO:0000111,none,CHEBI:21759,
ZDB-EXPCOND-110519-1,ZECO:0000111,none,CHEBI:16796,
ZDB-EXPCOND-110620-5,ZECO:0000111,none,CHEBI:28918,
ZDB-EXPCOND-110805-1,ZECO:0000111,none,CHEBI:472552,
ZDB-EXPCOND-110929-12,ZECO:0000111,none,CHEBI:28119,
ZDB-EXPCOND-110929-15,ZECO:0000111,none,CHEBI:28119,
ZDB-EXPCOND-110929-18,ZECO:0000111,none,CHEBI:28119,
ZDB-EXPCOND-110929-22,ZECO:0000111,none,CHEBI:28119,
ZDB-EXPCOND-110929-25,ZECO:0000111,none,CHEBI:28119,
ZDB-EXPCOND-110929-26,ZECO:0000111,none,CHEBI:28119,
ZDB-EXPCOND-110930-4,ZECO:0000111,none,CHEBI:48607,
ZDB-EXPCOND-110930-7,ZECO:0000213,none,none,
ZDB-EXPCOND-111108-2,ZECO:0000245,none,none,
ZDB-EXPCOND-111108-3,ZECO:0000245,none,none,
ZDB-EXPCOND-111111-24,ZECO:0000166,none,none,
ZDB-EXPCOND-111202-23,ZECO:0000111,none,CHEBI:49662,
ZDB-EXPCOND-111202-26,ZECO:0000111,none,CHEBI:73458,
ZDB-EXPCOND-111202-7,ZECO:0000111,none,CHEBI:15551,
ZDB-EXPCOND-111215-2,ZECO:0000111,none,CHEBI:131331,
ZDB-EXPCOND-111220-6,ZECO:0000111,none,CHEBI:27026,
ZDB-EXPCOND-120112-9,ZECO:0000111,none,CHEBI:27026,
ZDB-EXPCOND-120127-22,ZECO:0000166,none,none,
ZDB-EXPCOND-120127-23,ZECO:0000111,none,CHEBI:86193,
ZDB-EXPCOND-120202-47,ZECO:0000111,none,CHEBI:87378,
ZDB-EXPCOND-120207-5,ZECO:0000111,none,CHEBI:28119,
ZDB-EXPCOND-120207-6,ZECO:0000111,none,CHEBI:6402,
ZDB-EXPCOND-120223-1,ZECO:0000111,none,CHEBI:15367,
ZDB-EXPCOND-120307-4,ZECO:0000111,none,CHEBI:4480,
ZDB-EXPCOND-120323-18,ZECO:0000111,none,CHEBI:15846,
ZDB-EXPCOND-120327-2,ZECO:0000111,none,CHEBI:16243,
ZDB-EXPCOND-120328-8,ZECO:0000213,none,none,
ZDB-EXPCOND-120425-12,ZECO:0000106,none,NCBITaxon:1781,
ZDB-EXPCOND-120427-7,ZECO:0000111,none,CHEBI:28918,
ZDB-EXPCOND-120601-13,ZECO:0000111,none,CHEBI:36080,
ZDB-EXPCOND-120607-2,ZECO:0000166,none,none,
ZDB-EXPCOND-120608-17,ZECO:0000111,none,CHEBI:32250,
ZDB-EXPCOND-120613-9,ZECO:0000189,none,none,
ZDB-EXPCOND-120622-5,ZECO:0000111,none,CHEBI:73458,
ZDB-EXPCOND-120712-1,ZECO:0000106,none,NCBITaxon:562,
ZDB-EXPCOND-120726-15,ZECO:0000111,none,CHEBI:28119,
ZDB-EXPCOND-120829-11,ZECO:0000111,none,CHEBI:17898,
ZDB-EXPCOND-120829-8,ZECO:0000111,none,CHEBI:24431,
ZDB-EXPCOND-120905-4,ZECO:0000111,none,CHEBI:44185,
ZDB-EXPCOND-120905-6,ZECO:0000111,none,CHEBI:31340,
ZDB-EXPCOND-120905-7,ZECO:0000111,none,CHEBI:44185,
ZDB-EXPCOND-120905-8,ZECO:0000111,none,CHEBI:31340,
ZDB-EXPCOND-120910-6,ZECO:0000106,none,NCBITaxon:2,
ZDB-EXPCOND-121019-3,ZECO:0000111,none,CHEBI:22689,
ZDB-EXPCOND-121115-7,ZECO:0000166,none,none,
ZDB-EXPCOND-121119-2,ZECO:0000111,none,CHEBI:50845,
ZDB-EXPCOND-121203-14,ZECO:0000111,none,CHEBI:16236,
ZDB-EXPCOND-121203-16,ZECO:0000111,none,CHEBI:16236,
ZDB-EXPCOND-121203-5,ZECO:0000111,none,CHEBI:35230,
ZDB-EXPCOND-121207-2,ZECO:0000237,none,CHEBI:33699,
ZDB-EXPCOND-121207-4,ZECO:0000237,none,CHEBI:33699,
ZDB-EXPCOND-121207-6,ZECO:0000237,none,CHEBI:33699,
ZDB-EXPCOND-121207-9,ZECO:0000237,none,CHEBI:33699,
ZDB-EXPCOND-121220-42,ZECO:0000111,none,CHEBI:17833,
ZDB-EXPCOND-121227-11,ZECO:0000111,none,CHEBI:46261,
ZDB-EXPCOND-130109-14,ZECO:0000111,none,CHEBI:15846,
ZDB-EXPCOND-130109-16,ZECO:0000111,none,CHEBI:15846,
ZDB-EXPCOND-130109-2,ZECO:0000111,none,CHEBI:38635,
ZDB-EXPCOND-130109-4,ZECO:0000111,none,CHEBI:38635,
ZDB-EXPCOND-130110-7,ZECO:0000111,none,CHEBI:15846,
ZDB-EXPCOND-130116-10,ZECO:0000237,none,CHEBI:33699,
ZDB-EXPCOND-130116-11,ZECO:0000237,none,CHEBI:33699,
ZDB-EXPCOND-130116-4,ZECO:0000119,none,none,
ZDB-EXPCOND-130116-5,ZECO:0000166,none,none,
ZDB-EXPCOND-130116-6,ZECO:0000119,none,none,
ZDB-EXPCOND-130116-7,ZECO:0000204,none,none,
ZDB-EXPCOND-130118-1,ZECO:0000166,none,none,
ZDB-EXPCOND-130123-10,ZECO:0000111,none,CHEBI:46261,
ZDB-EXPCOND-130123-11,ZECO:0000111,none,CHEBI:46261,
ZDB-EXPCOND-130123-17,ZECO:0000111,none,CHEBI:46261,
ZDB-EXPCOND-130123-18,ZECO:0000111,none,CHEBI:46261,
ZDB-EXPCOND-130123-24,ZECO:0000111,none,CHEBI:46261,
ZDB-EXPCOND-130123-26,ZECO:0000111,none,CHEBI:34892,
ZDB-EXPCOND-130123-27,ZECO:0000111,none,CHEBI:529996,
ZDB-EXPCOND-130123-8,ZECO:0000111,none,CHEBI:46261,
ZDB-EXPCOND-130123-9,ZECO:0000111,none,CHEBI:46261,
ZDB-EXPCOND-130201-4,ZECO:0000111,none,CHEBI:641,
ZDB-EXPCOND-130205-5,ZECO:0000111,none,CHEBI:29105,
ZDB-EXPCOND-130219-1,ZECO:0000111,none,CHEBI:37699,
ZDB-EXPCOND-130219-2,ZECO:0000111,none,CHEBI:37699,
ZDB-EXPCOND-130220-2,ZECO:0000111,none,CHEBI:16236,
ZDB-EXPCOND-130311-5,ZECO:0000111,none,CHEBI:78741,
ZDB-EXPCOND-130311-7,ZECO:0000111,none,CHEBI:78741,
ZDB-EXPCOND-130311-9,ZECO:0000111,none,CHEBI:78741,
ZDB-EXPCOND-130313-1,ZECO:0000111,none,CHEBI:33281,
ZDB-EXPCOND-130320-10,ZECO:0000111,none,CHEBI:37699,
ZDB-EXPCOND-130327-10,ZECO:0000111,none,CHEBI:35222,
ZDB-EXPCOND-130327-13,ZECO:0000111,none,CHEBI:35222,
ZDB-EXPCOND-130327-16,ZECO:0000111,none,CHEBI:35222,
ZDB-EXPCOND-130327-9,ZECO:0000111,none,CHEBI:35222,
ZDB-EXPCOND-130401-13,ZECO:0000166,none,none,
ZDB-EXPCOND-130401-4,ZECO:0000237,none,CHEBI:33699,
ZDB-EXPCOND-130408-1,ZECO:0000111,none,CHEBI:17833,
ZDB-EXPCOND-130430-7,ZECO:0000229,none,ZFA:0005145,
ZDB-EXPCOND-130521-3,ZECO:0000111,none,CHEBI:78510,
ZDB-EXPCOND-130528-5,ZECO:0000111,none,CHEBI:34910,
ZDB-EXPCOND-130528-6,ZECO:0000111,none,CHEBI:34910,
ZDB-EXPCOND-130531-12,ZECO:0000237,none,CHEBI:33699,
ZDB-EXPCOND-130531-7,ZECO:0000111,none,CHEBI:16196,
ZDB-EXPCOND-130604-1,ZECO:0000111,none,CHEBI:45307,
ZDB-EXPCOND-130604-2,ZECO:0000111,none,CHEBI:50509,
ZDB-EXPCOND-130605-17,ZECO:0000111,none,CHEBI:33848,
ZDB-EXPCOND-130606-1,ZECO:0000237,none,CHEBI:75909,
ZDB-EXPCOND-130620-1,ZECO:0000111,none,CHEBI:91083,
ZDB-EXPCOND-130625-2,ZECO:0000111,none,CHEBI:8863,
ZDB-EXPCOND-130625-3,ZECO:0000111,none,CHEBI:48538,
ZDB-EXPCOND-130625-4,ZECO:0000111,none,CHEBI:131331,
ZDB-EXPCOND-130628-2,ZECO:0000111,none,CHEBI:28939,
ZDB-EXPCOND-130628-3,ZECO:0000111,none,CHEBI:16856,
ZDB-EXPCOND-130702-2,ZECO:0000111,none,CHEBI:16856,
ZDB-EXPCOND-130702-4,ZECO:0000111,none,CHEBI:28939,
ZDB-EXPCOND-130712-6,ZECO:0000237,none,CHEBI:33699,
ZDB-EXPCOND-130725-6,ZECO:0000111,none,CHEBI:34910,
ZDB-EXPCOND-130729-4,ZECO:0000237,none,CHEBI:36080,
ZDB-EXPCOND-130730-8,ZECO:0000106,none,NCBITaxon:1781,
ZDB-EXPCOND-130801-1,ZECO:0000166,none,none,
ZDB-EXPCOND-130807-3,ZECO:0000166,none,none,
ZDB-EXPCOND-130809-3,ZECO:0000111,none,CHEBI:86195,
ZDB-EXPCOND-130813-11,ZECO:0000111,none,CHEBI:17234,
ZDB-EXPCOND-130911-6,ZECO:0000111,none,CHEBI:46261,
ZDB-EXPCOND-130911-7,ZECO:0000111,none,CHEBI:28171,
ZDB-EXPCOND-130911-8,ZECO:0000111,none,CHEBI:46261,
ZDB-EXPCOND-130911-9,ZECO:0000111,none,CHEBI:15765,
ZDB-EXPCOND-130925-1,ZECO:0000111,none,CHEBI:23888,
ZDB-EXPCOND-131002-7,ZECO:0000111,none,CHEBI:90620,
ZDB-EXPCOND-131004-2,ZECO:0000111,none,CHEBI:34892,
ZDB-EXPCOND-131004-6,ZECO:0000111,none,CHEBI:25322,
ZDB-EXPCOND-131004-7,ZECO:0000111,none,CHEBI:25322,
ZDB-EXPCOND-131004-8,ZECO:0000111,none,CHEBI:25322,
ZDB-EXPCOND-131008-1,ZECO:0000111,none,CHEBI:15551,
ZDB-EXPCOND-131009-16,ZECO:0000111,none,CHEBI:51230,
ZDB-EXPCOND-131009-3,ZECO:0000111,none,CHEBI:15551,
ZDB-EXPCOND-131009-4,ZECO:0000111,none,CHEBI:15551,
ZDB-EXPCOND-131009-7,ZECO:0000111,none,CHEBI:15551,
ZDB-EXPCOND-131009-9,ZECO:0000111,none,CHEBI:15551,
ZDB-EXPCOND-131011-1,ZECO:0000111,none,CHEBI:23888,
ZDB-EXPCOND-131014-2,ZECO:0000111,none,CHEBI:2663,
ZDB-EXPCOND-131016-10,ZECO:0000149,none,none,
ZDB-EXPCOND-131016-12,ZECO:0000111,none,CHEBI:16134,
ZDB-EXPCOND-131016-15,ZECO:0000149,none,none,
ZDB-EXPCOND-131016-16,ZECO:0000111,none,CHEBI:17154,
ZDB-EXPCOND-131016-17,ZECO:0000111,none,CHEBI:27958,
ZDB-EXPCOND-131016-18,ZECO:0000150,none,none,
ZDB-EXPCOND-131016-19,ZECO:0000111,none,CHEBI:16796,
ZDB-EXPCOND-131016-20,ZECO:0000150,none,none,
ZDB-EXPCOND-131016-3,ZECO:0000114,none,none,
ZDB-EXPCOND-131016-5,ZECO:0000149,none,none,
ZDB-EXPCOND-131016-7,ZECO:0000111,none,CHEBI:17154,
ZDB-EXPCOND-131016-8,ZECO:0000111,none,CHEBI:17154,
ZDB-EXPCOND-131018-27,ZECO:0000111,none,CHEBI:30956,
ZDB-EXPCOND-131018-29,ZECO:0000111,none,CHEBI:30956,
ZDB-EXPCOND-131025-3,ZECO:0000111,none,CHEBI:27732,
ZDB-EXPCOND-131104-1,ZECO:0000111,none,CHEBI:42471,
ZDB-EXPCOND-131104-2,ZECO:0000111,none,CHEBI:48518,
ZDB-EXPCOND-131106-10,ZECO:0000111,none,CHEBI:16236,
ZDB-EXPCOND-131106-11,ZECO:0000111,none,CHEBI:52289,
ZDB-EXPCOND-131106-13,ZECO:0000111,none,CHEBI:9168,
ZDB-EXPCOND-131106-2,ZECO:0000111,none,CHEBI:16236,
ZDB-EXPCOND-131106-5,ZECO:0000111,none,CHEBI:16236,
ZDB-EXPCOND-131118-14,ZECO:0000111,none,CHEBI:65329,
ZDB-EXPCOND-131120-17,ZECO:0000111,none,CHEBI:9168,
ZDB-EXPCOND-131120-18,ZECO:0000111,none,CHEBI:9168,
ZDB-EXPCOND-131120-20,ZECO:0000111,none,CHEBI:35222,
ZDB-EXPCOND-131120-21,ZECO:0000111,none,CHEBI:35222,
ZDB-EXPCOND-131122-11,ZECO:0000111,none,CHEBI:92843,
ZDB-EXPCOND-131122-16,ZECO:0000111,none,CHEBI:92843,
ZDB-EXPCOND-131122-21,ZECO:0000111,none,CHEBI:92843,
ZDB-EXPCOND-131126-12,ZECO:0000111,none,CHEBI:16236,
ZDB-EXPCOND-131204-14,ZECO:0000243,none,none,
ZDB-EXPCOND-131205-2,ZECO:0000111,none,CHEBI:28973,
ZDB-EXPCOND-131206-1,ZECO:0000111,none,CHEBI:9506,
ZDB-EXPCOND-131206-19,ZECO:0000111,none,CHEBI:23888,
ZDB-EXPCOND-131206-2,ZECO:0000111,none,CHEBI:34468,
ZDB-EXPCOND-131206-3,ZECO:0000111,none,CHEBI:138644,
ZDB-EXPCOND-131206-4,ZECO:0000111,none,CHEBI:3092,
ZDB-EXPCOND-131206-5,ZECO:0000111,none,CHEBI:9774,
ZDB-EXPCOND-131209-27,ZECO:0000111,none,CHEBI:50692,
ZDB-EXPCOND-131211-1,ZECO:0000111,none,CHEBI:23765,
ZDB-EXPCOND-131211-12,ZECO:0000111,none,CHEBI:33848,
ZDB-EXPCOND-131211-13,ZECO:0000111,none,CHEBI:33848,
ZDB-EXPCOND-131211-14,ZECO:0000111,none,CHEBI:33848,
ZDB-EXPCOND-131211-5,ZECO:0000111,none,CHEBI:31206,
ZDB-EXPCOND-131212-1,ZECO:0000111,none,CHEBI:2504,
ZDB-EXPCOND-131212-8,ZECO:0000111,none,CHEBI:48080,
ZDB-EXPCOND-131213-2,ZECO:0000111,none,CHEBI:9516,
ZDB-EXPCOND-131218-11,ZECO:0000111,none,CHEBI:64153,
ZDB-EXPCOND-131218-9,ZECO:0000111,none,CHEBI:36080,
ZDB-EXPCOND-131219-10,ZECO:0000111,none,CHEBI:16236,
ZDB-EXPCOND-131223-7,ZECO:0000111,none,CHEBI:132331,
ZDB-EXPCOND-131226-5,ZECO:0000111,none,CHEBI:75379,
ZDB-EXPCOND-131226-6,ZECO:0000111,none,CHEBI:7565,
ZDB-EXPCOND-131226-7,ZECO:0000111,none,CHEBI:75379,
ZDB-EXPCOND-131226-9,ZECO:0000111,none,CHEBI:7565,
ZDB-EXPCOND-131230-7,ZECO:0000111,none,CHEBI:613010,
ZDB-EXPCOND-140108-51,ZECO:0000229,none,none,
ZDB-EXPCOND-140108-8,ZECO:0000111,none,CHEBI:63449,
ZDB-EXPCOND-140113-6,ZECO:0000166,none,none,
ZDB-EXPCOND-140116-17,ZECO:0000111,none,CHEBI:75316,
ZDB-EXPCOND-140116-19,ZECO:0000111,none,CHEBI:75316,
ZDB-EXPCOND-140116-20,ZECO:0000111,none,CHEBI:75316,
ZDB-EXPCOND-140116-23,ZECO:0000111,none,CHEBI:72312,
ZDB-EXPCOND-140116-26,ZECO:0000111,none,CHEBI:72312,
ZDB-EXPCOND-140116-28,ZECO:0000111,none,CHEBI:72312,
ZDB-EXPCOND-140116-29,ZECO:0000111,none,CHEBI:28869,
ZDB-EXPCOND-140116-31,ZECO:0000111,none,CHEBI:28869,
ZDB-EXPCOND-140116-33,ZECO:0000111,none,CHEBI:28869,
ZDB-EXPCOND-140124-24,ZECO:0000111,none,CHEBI:17650,
ZDB-EXPCOND-140124-25,ZECO:0000111,none,CHEBI:17650,
ZDB-EXPCOND-140212-35,ZECO:0000229,none,none,
ZDB-EXPCOND-140213-3,ZECO:0000111,none,CHEBI:78741,
ZDB-EXPCOND-140224-40,ZECO:0000111,none,CHEBI:91224,
ZDB-EXPCOND-140228-14,ZECO:0000111,none,CHEBI:28869,
ZDB-EXPCOND-140228-17,ZECO:0000111,none,CHEBI:28869,
ZDB-EXPCOND-140228-23,ZECO:0000111,none,CHEBI:28869,
ZDB-EXPCOND-140228-8,ZECO:0000172,none,none,
ZDB-EXPCOND-140304-19,ZECO:0000106,none,NCBITaxon:83333,
ZDB-EXPCOND-140304-24,ZECO:0000111,none,CHEBI:46261,
ZDB-EXPCOND-140304-25,ZECO:0000111,none,CHEBI:22586,
ZDB-EXPCOND-140304-26,ZECO:0000111,none,CHEBI:46261,
ZDB-EXPCOND-140304-28,ZECO:0000111,none,CHEBI:46261,
ZDB-EXPCOND-140304-29,ZECO:0000111,none,CHEBI:22586,
ZDB-EXPCOND-140304-49,ZECO:0000111,none,CHEBI:35222,
ZDB-EXPCOND-140304-50,ZECO:0000111,none,CHEBI:23888,
ZDB-EXPCOND-140304-55,ZECO:0000111,none,CHEBI:91108,
ZDB-EXPCOND-140304-57,ZECO:0000111,none,CHEBI:91108,
ZDB-EXPCOND-140305-21,ZECO:0000111,none,CHEBI:5119,
ZDB-EXPCOND-140305-22,ZECO:0000111,none,CHEBI:50506,
ZDB-EXPCOND-140305-23,ZECO:0000111,none,CHEBI:9137,
ZDB-EXPCOND-140305-24,ZECO:0000111,none,CHEBI:6702,
ZDB-EXPCOND-140305-25,ZECO:0000111,none,CHEBI:34967,
ZDB-EXPCOND-140305-26,ZECO:0000111,none,CHEBI:8379,
ZDB-EXPCOND-140305-27,ZECO:0000111,none,CHEBI:29699,
ZDB-EXPCOND-140305-28,ZECO:0000229,none,none,
ZDB-EXPCOND-140305-30,ZECO:0000111,none,CHEBI:8379,
ZDB-EXPCOND-140307-4,ZECO:0000111,none,CHEBI:75316,
ZDB-EXPCOND-140310-19,ZECO:0000111,none,CHEBI:39095,
ZDB-EXPCOND-140310-24,ZECO:0000237,none,CHEBI:33699,
ZDB-EXPCOND-140310-26,ZECO:0000237,none,CHEBI:33699,
ZDB-EXPCOND-140313-1,ZECO:0000111,none,CHEBI:59999,
ZDB-EXPCOND-140319-39,ZECO:0000111,none,CHEBI:15765,
ZDB-EXPCOND-140319-40,ZECO:0000111,none,CHEBI:23888,
ZDB-EXPCOND-140319-7,ZECO:0000111,none,CHEBI:4021,
ZDB-EXPCOND-140320-10,ZECO:0000111,none,CHEBI:31460,
ZDB-EXPCOND-140320-6,ZECO:0000111,none,CHEBI:10319,
ZDB-EXPCOND-140326-7,ZECO:0000111,none,CHEBI:23888,
ZDB-EXPCOND-140401-6,ZECO:0000111,none,CHEBI:15367,
ZDB-EXPCOND-140410-10,ZECO:0000111,none,CHEBI:77986,
ZDB-EXPCOND-140410-11,ZECO:0000111,none,CHEBI:76617,
ZDB-EXPCOND-140410-30,ZECO:0000111,none,CHEBI:77986,
ZDB-EXPCOND-140410-33,ZECO:0000111,none,CHEBI:76617,
ZDB-EXPCOND-140410-34,ZECO:0000111,none,CHEBI:9516,
ZDB-EXPCOND-140410-37,ZECO:0000111,none,CHEBI:90690,
ZDB-EXPCOND-140410-39,ZECO:0000111,none,CHEBI:90690,
ZDB-EXPCOND-140411-5,ZECO:0000111,none,CHEBI:32888,
ZDB-EXPCOND-140416-1,ZECO:0000111,none,CHEBI:23888,
ZDB-EXPCOND-140416-16,ZECO:0000111,none,CHEBI:50692,
ZDB-EXPCOND-140416-3,ZECO:0000111,none,CHEBI:44241,
ZDB-EXPCOND-140416-4,ZECO:0000111,none,CHEBI:28324,
ZDB-EXPCOND-140418-1,ZECO:0000111,none,CHEBI:15367,
ZDB-EXPCOND-140423-10,ZECO:0000111,none,CHEBI:42309,
ZDB-EXPCOND-140423-4,ZECO:0000111,none,CHEBI:42309,
ZDB-EXPCOND-140423-5,ZECO:0000111,none,CHEBI:27595,
ZDB-EXPCOND-140423-7,ZECO:0000111,none,CHEBI:28119,
ZDB-EXPCOND-140423-8,ZECO:0000111,none,CHEBI:16469,
ZDB-EXPCOND-140423-9,ZECO:0000111,none,CHEBI:91256,
ZDB-EXPCOND-140502-4,ZECO:0000111,none,CHEBI:16412,
ZDB-EXPCOND-140514-59,ZECO:0000111,none,CHEBI:15603,
ZDB-EXPCOND-140514-60,ZECO:0000111,none,CHEBI:16467,
ZDB-EXPCOND-140514-9,ZECO:0000111,none,CHEBI:41879,
ZDB-EXPCOND-140516-1,ZECO:0000111,none,CHEBI:28544,
ZDB-EXPCOND-140521-11,ZECO:0000106,none,NCBITaxon:90371,
ZDB-EXPCOND-140528-5,ZECO:0000111,none,CHEBI:6619,
ZDB-EXPCOND-140528-6,ZECO:0000111,none,CHEBI:4031,
ZDB-EXPCOND-140604-5,ZECO:0000111,none,CHEBI:41774,
ZDB-EXPCOND-140605-7,ZECO:0000111,none,CHEBI:16236,
ZDB-EXPCOND-140606-4,ZECO:0000111,none,CHEBI:16243,
ZDB-EXPCOND-140613-2,ZECO:0000208,none,none,
ZDB-EXPCOND-140619-2,ZECO:0000111,none,CHEBI:22689,
ZDB-EXPCOND-140619-3,ZECO:0000111,none,CHEBI:17895,
ZDB-EXPCOND-140623-13,ZECO:0000111,none,CHEBI:101097,
ZDB-EXPCOND-140623-14,ZECO:0000111,none,CHEBI:16113,
ZDB-EXPCOND-140623-16,ZECO:0000111,none,CHEBI:16113,
ZDB-EXPCOND-140624-25,ZECO:0000229,none,none,
ZDB-EXPCOND-140624-26,ZECO:0000111,none,CHEBI:37699,
ZDB-EXPCOND-140624-27,ZECO:0000111,none,CHEBI:37699,
ZDB-EXPCOND-140624-29,ZECO:0000111,none,CHEBI:37699,
ZDB-EXPCOND-140624-31,ZECO:0000111,none,CHEBI:37699,
ZDB-EXPCOND-140707-2,ZECO:0000111,none,CHEBI:28918,
ZDB-EXPCOND-140707-5,ZECO:0000111,none,CHEBI:28918,
ZDB-EXPCOND-140709-1,ZECO:0000111,none,CHEBI:65329,
ZDB-EXPCOND-140709-6,ZECO:0000111,none,CHEBI:65329,
ZDB-EXPCOND-140709-7,ZECO:0000111,none,CHEBI:37700,
ZDB-EXPCOND-140710-11,ZECO:0000111,none,CHEBI:15647,
ZDB-EXPCOND-140710-8,ZECO:0000111,none,CHEBI:35222,
ZDB-EXPCOND-140711-6,ZECO:0000111,none,CHEBI:78510,
ZDB-EXPCOND-140717-6,ZECO:0000111,none,CHEBI:67170,
ZDB-EXPCOND-140718-6,ZECO:0000111,none,CHEBI:29864,
ZDB-EXPCOND-140805-11,ZECO:0000111,none,CHEBI:65329,
ZDB-EXPCOND-140805-4,ZECO:0000111,none,CHEBI:50925,
ZDB-EXPCOND-140806-4,ZECO:0000111,none,CHEBI:40992,
ZDB-EXPCOND-140806-5,ZECO:0000111,none,CHEBI:28939,
ZDB-EXPCOND-140808-17,ZECO:0000111,none,CHEBI:79091,
ZDB-EXPCOND-140820-2,ZECO:0000166,none,none,
ZDB-EXPCOND-140820-3,ZECO:0000166,none,none,
ZDB-EXPCOND-140905-3,ZECO:0000237,none,CHEBI:33699,
ZDB-EXPCOND-140905-4,ZECO:0000237,none,CHEBI:33699,
ZDB-EXPCOND-140905-6,ZECO:0000237,none,CHEBI:33699,
ZDB-EXPCOND-140905-8,ZECO:0000237,none,CHEBI:33699,
ZDB-EXPCOND-140910-1,ZECO:0000111,none,CHEBI:82625,
ZDB-EXPCOND-140915-11,ZECO:0000106,none,NCBITaxon:1009714,
ZDB-EXPCOND-140915-12,ZECO:0000111,none,CHEBI:15647,
ZDB-EXPCOND-140915-14,ZECO:0000106,none,1009714,
ZDB-EXPCOND-140915-17,ZECO:0000111,none,CHEBI:65329,
ZDB-EXPCOND-140915-4,ZECO:0000111,none,CHEBI:35222,
ZDB-EXPCOND-140915-7,ZECO:0000111,none,CHEBI:15647,
ZDB-EXPCOND-140915-9,ZECO:0000106,none,NCBITaxon:1009714,
ZDB-EXPCOND-140916-1,ZECO:0000111,none,CHEBI:53063,
ZDB-EXPCOND-140916-3,ZECO:0000229,none,none,
ZDB-EXPCOND-140917-2,ZECO:0000111,none,ChEBI:4906,
ZDB-EXPCOND-140922-7,ZECO:0000111,none,CHEBI:4021,
ZDB-EXPCOND-140922-8,ZECO:0000111,none,CHEBI:35222,
ZDB-EXPCOND-140923-2,ZECO:0000111,none,CHEBI:35610,
ZDB-EXPCOND-140923-4,ZECO:0000111,none,CHEBI:43616,
ZDB-EXPCOND-140926-5,ZECO:0000111,none,CHEBI:31522,
ZDB-EXPCOND-141013-1,ZECO:0000111,none,CHEBI:77954,
ZDB-EXPCOND-141014-1,ZECO:0000111,none,CHEBI:76208,
ZDB-EXPCOND-141014-14,ZECO:0000111,none,CHEBI:2417,
ZDB-EXPCOND-141014-4,ZECO:0000111,none,CHEBI:76208,
ZDB-EXPCOND-141016-15,ZECO:0000111,none,CHEBI:34892,
ZDB-EXPCOND-141024-4,ZECO:0000111,none,CHEBI:7983,
ZDB-EXPCOND-141105-2,ZECO:0000111,none,CHEBI:35222,
ZDB-EXPCOND-141105-6,ZECO:0000111,none,CHEBI:50131,
ZDB-EXPCOND-141110-3,ZECO:0000111,none,CHEBI:29865,
ZDB-EXPCOND-141114-2,ZECO:0000111,none,CHEBI:65329,
ZDB-EXPCOND-141119-1,ZECO:0000111,none,CHEBI:91083,
ZDB-EXPCOND-141119-3,ZECO:0000111,none,CHEBI:91083,
ZDB-EXPCOND-141126-1,ZECO:0000111,none,CHEBI:6909,
ZDB-EXPCOND-141201-1,ZECO:0000111,none,CHEBI:69441,
ZDB-EXPCOND-141201-4,ZECO:0000111,none,CHEBI:87237,
ZDB-EXPCOND-141202-4,ZECO:0000166,none,none,
ZDB-EXPCOND-141202-7,ZECO:0000111,none,CHEBI:86474,
ZDB-EXPCOND-141203-2,ZECO:0000163,none,none,
ZDB-EXPCOND-141211-2,ZECO:0000166,none,none,
ZDB-EXPCOND-141211-3,ZECO:0000111,none,CHEBI:86193,
ZDB-EXPCOND-141211-4,ZECO:0000111,none,CHEBI:87359,
ZDB-EXPCOND-141212-1,ZECO:0000111,none,CHEBI:63449,
ZDB-EXPCOND-141212-5,ZECO:0000111,none,CHEBI:87359,
ZDB-EXPCOND-141212-6,ZECO:0000111,none,CHEBI:17833,
ZDB-EXPCOND-141222-1,ZECO:0000111,none,CHEBI:46261,
ZDB-EXPCOND-141222-3,ZECO:0000111,none,CHEBI:18332,
ZDB-EXPCOND-141222-4,ZECO:0000111,none,CHEBI:18258,
ZDB-EXPCOND-141222-6,ZECO:0000111,none,CHEBI:50673,
ZDB-EXPCOND-141222-7,ZECO:0000111,none,CHEBI:27641,
ZDB-EXPCOND-141223-23,ZECO:0000111,none,CHEBI:49976,
ZDB-EXPCOND-141223-24,ZECO:0000111,none,CHEBI:49553,
ZDB-EXPCOND-141223-5,ZECO:0000148,none,none,
ZDB-EXPCOND-150106-3,ZECO:0000111,none,CHEBI:52214,
ZDB-EXPCOND-150106-4,ZECO:0000111,none,CHEBI:52214,
ZDB-EXPCOND-150108-10,ZECO:0000111,none,CHEBI:68481,
ZDB-EXPCOND-150108-11,ZECO:0000111,none,CHEBI:68481,
ZDB-EXPCOND-150114-11,ZECO:0000111,none,CHEBI:9168,
ZDB-EXPCOND-150114-12,ZECO:0000111,none,CHEBI:52289,
ZDB-EXPCOND-150114-13,ZECO:0000111,none,CHEBI:31206,
ZDB-EXPCOND-150126-10,ZECO:0000111,none,CHEBI:4659,
ZDB-EXPCOND-150129-6,ZECO:0000111,none,CHEBI:76617,
ZDB-EXPCOND-150129-7,ZECO:0000111,none,CHEBI:3947,
ZDB-EXPCOND-150203-5,ZECO:0000111,none,CHEBI:16670,
ZDB-EXPCOND-150203-6,ZECO:0000166,none,none,
ZDB-EXPCOND-150203-7,ZECO:0000229,none,none,
ZDB-EXPCOND-150203-8,ZECO:0000166,none,none,
ZDB-EXPCOND-150217-1,ZECO:0000166,none,none,
ZDB-EXPCOND-150217-11,ZECO:0000237,none,CHEBI:75909,
ZDB-EXPCOND-150217-14,ZECO:0000237,none,CHEBI:75909,
ZDB-EXPCOND-150217-7,ZECO:0000237,none,CHEBI:75909,
ZDB-EXPCOND-150217-8,ZECO:0000237,none,CHEBI:75909,
ZDB-EXPCOND-150219-16,ZECO:0000111,none,CHEBI:68481,
ZDB-EXPCOND-150219-32,ZECO:0000111,none,CHEBI:10033,
ZDB-EXPCOND-150220-3,ZECO:0000111,none,CHEBI:86193,
ZDB-EXPCOND-150224-11,ZECO:0000106,none,NCBITaxon:1346,
ZDB-EXPCOND-150224-12,ZECO:0000229,none,ZFA:0001058,
ZDB-EXPCOND-150225-10,ZECO:0000214,none,none,
ZDB-EXPCOND-150311-2,ZECO:0000111,none,CHEBI:4021,
ZDB-EXPCOND-150311-3,ZECO:0000111,none,CHEBI:4021,
ZDB-EXPCOND-150311-32,ZECO:0000111,none,CHEBI:28790,
ZDB-EXPCOND-150311-35,ZECO:0000111,none,CHEBI:63617,
ZDB-EXPCOND-150311-38,ZECO:0000111,none,CHEBI:64318,
ZDB-EXPCOND-150311-4,ZECO:0000111,none,CHEBI:78741,
ZDB-EXPCOND-150312-10,ZECO:0000111,none,CHEBI:62878,
ZDB-EXPCOND-150312-6,ZECO:0000111,none,CHEBI:5118,
ZDB-EXPCOND-150312-7,ZECO:0000111,none,CHEBI:5118,
ZDB-EXPCOND-150312-9,ZECO:0000111,none,CHEBI:62882,
ZDB-EXPCOND-150313-22,ZECO:0000111,none,CHEBI:52289,
ZDB-EXPCOND-150313-23,ZECO:0000208,none,none,
ZDB-EXPCOND-150316-39,ZECO:0000111,none,CHEBI:47802,
ZDB-EXPCOND-150317-10,ZECO:0000111,none,CHEBI:39548,
ZDB-EXPCOND-150317-19,ZECO:0000245,none,ZFA:0000152,
ZDB-EXPCOND-150317-2,ZECO:0000111,none,CHEBI:39548,
ZDB-EXPCOND-150317-4,ZECO:0000111,none,CHEBI:39548,
ZDB-EXPCOND-150317-7,ZECO:0000111,none,CHEBI:39548,
ZDB-EXPCOND-150318-1,ZECO:0000245,none,ZFA:0000152,
ZDB-EXPCOND-150318-11,ZECO:0000245,none,ZFA:0000152,
ZDB-EXPCOND-150318-14,ZECO:0000245,none,ZFA:0000152,
ZDB-EXPCOND-150318-17,ZECO:0000245,none,ZFA:0000152,
ZDB-EXPCOND-150318-20,ZECO:0000245,none,ZFA:0000152,
ZDB-EXPCOND-150318-24,ZECO:0000229,none,none,
ZDB-EXPCOND-150318-5,ZECO:0000245,none,ZFA:0000152,
ZDB-EXPCOND-150318-8,ZECO:0000245,none,ZFA:0000152,
ZDB-EXPCOND-150325-3,ZECO:0000111,none,CHEBI:63449,
ZDB-EXPCOND-150406-1,ZECO:0000111,none,CHEBI:64103,
ZDB-EXPCOND-150406-11,ZECO:0000111,none,CHEBI:16130,
ZDB-EXPCOND-150406-13,ZECO:0000111,none,CHEBI:32888,
ZDB-EXPCOND-150406-2,ZECO:0000111,none,CHEBI:38699,
ZDB-EXPCOND-150409-1,ZECO:0000214,none,none,
ZDB-EXPCOND-150409-14,ZECO:0000111,none,CHEBI:38699,
ZDB-EXPCOND-150409-15,ZECO:0000111,none,CHEBI:42017,
ZDB-EXPCOND-150415-3,ZECO:0000111,none,CHEBI:6541,
ZDB-EXPCOND-150417-3,ZECO:0000166,none,none,
ZDB-EXPCOND-150420-7,ZECO:0000229,none,ZFA:0000075,
ZDB-EXPCOND-150423-3,ZECO:0000149,none,none,
ZDB-EXPCOND-150423-4,ZECO:0000111,none,CHEBI:6887,
ZDB-EXPCOND-150423-5,ZECO:0000111,none,CHEBI:9086,
ZDB-EXPCOND-150427-16,ZECO:0000166,none,none,
ZDB-EXPCOND-150427-4,ZECO:0000111,none,CHEBI:79091,
ZDB-EXPCOND-150501-1,ZECO:0000111,none,CHEBI:86195,
ZDB-EXPCOND-150501-3,ZECO:0000111,none,CHEBI:15367,
ZDB-EXPCOND-150501-4,ZECO:0000111,none,CHEBI:27470,
ZDB-EXPCOND-150504-3,ZECO:0000111,none,CHEBI:33568,
ZDB-EXPCOND-150504-9,ZECO:0000106,none,NCBITaxon:287,
ZDB-EXPCOND-150505-7,ZECO:0000111,none,CHEBI:8378,
ZDB-EXPCOND-150506-5,ZECO:0000111,none,CHEBI:90524,
ZDB-EXPCOND-150506-6,ZECO:0000111,none,CHEBI:68481,
ZDB-EXPCOND-150506-7,ZECO:0000111,none,CHEBI:37699,
ZDB-EXPCOND-150506-8,ZECO:0000111,none,CHEBI:71957,
ZDB-EXPCOND-150506-9,ZECO:0000111,none,CHEBI:71958,
ZDB-EXPCOND-150507-15,ZECO:0000166,none,none,
ZDB-EXPCOND-150507-17,ZECO:0000166,none,none,
ZDB-EXPCOND-150508-13,ZECO:0000111,none,CHEBI:77967,
ZDB-EXPCOND-150508-25,ZECO:0000111,none,CHEBI:78331,
ZDB-EXPCOND-150514-21,ZECO:0000111,none,CHEBI:36511,
ZDB-EXPCOND-150515-8,ZECO:0000111,none,CHEBI:91108,
ZDB-EXPCOND-150520-1,ZECO:0000111,none,CHEBI:16794,
ZDB-EXPCOND-150520-5,ZECO:0000111,none,CHEBI:4021,
ZDB-EXPCOND-150520-9,ZECO:0000111,none,CHEBI:4021,
ZDB-EXPCOND-150526-3,ZECO:0000111,none,CHEBI:86195,
ZDB-EXPCOND-150527-4,ZECO:0000111,none,CHEBI:61057,
ZDB-EXPCOND-150529-4,ZECO:0000111,none,CHEBI:8499,
ZDB-EXPCOND-150601-3,ZECO:0000111,none,CHEBI:18067,
ZDB-EXPCOND-150601-4,ZECO:0000111,none,CHEBI:10033,
ZDB-EXPCOND-150602-6,ZECO:0000111,none,CHEBI:131182,
ZDB-EXPCOND-150602-8,ZECO:0000111,none,CHEBI:27656,
ZDB-EXPCOND-150603-1,ZECO:0000111,none,CHEBI:9168,
ZDB-EXPCOND-150603-18,ZECO:0000166,none,none,
ZDB-EXPCOND-150603-21,ZECO:0000111,none,CHEBI:90692,
ZDB-EXPCOND-150603-22,ZECO:0000111,none,CHEBI:90524,
ZDB-EXPCOND-150603-23,ZECO:0000111,none,CHEBI:65329,
ZDB-EXPCOND-150603-27,ZECO:0000111,none,CHEBI:90524,
ZDB-EXPCOND-150603-3,ZECO:0000111,none,CHEBI:9168,
ZDB-EXPCOND-150604-1,ZECO:0000111,none,CHEBI:91075,
ZDB-EXPCOND-150610-10,ZECO:0000111,none,CHEBI:29699,
ZDB-EXPCOND-150610-2,ZECO:0000111,none,CHEBI:59999,
ZDB-EXPCOND-150616-4,ZECO:0000111,none,CHEBI:48607,
ZDB-EXPCOND-150616-5,ZECO:0000111,none,CHEBI:53490,
ZDB-EXPCOND-150616-6,ZECO:0000111,none,CHEBI:15647,
ZDB-EXPCOND-150616-9,ZECO:0000111,none,CHEBI:59999,
ZDB-EXPCOND-150617-3,ZECO:0000111,none,CHEBI:37700,
ZDB-EXPCOND-150623-1,ZECO:0000111,none,CHEBI:16796,
ZDB-EXPCOND-150623-3,ZECO:0000111,none,CHEBI:15428,
ZDB-EXPCOND-150623-4,ZECO:0000111,none,CHEBI:16796,
ZDB-EXPCOND-150624-1,ZECO:0000111,none,CHEBI:16236,
ZDB-EXPCOND-150624-3,ZECO:0000111,none,CHEBI:73284,
ZDB-EXPCOND-150624-4,ZECO:0000111,none,CHEBI:6762,
ZDB-EXPCOND-150624-5,ZECO:0000111,none,CHEBI:37699,
ZDB-EXPCOND-150625-2,ZECO:0000111,none,CHEBI:88339,
ZDB-EXPCOND-150702-14,ZECO:0000111,none,CHEBI:44423,
ZDB-EXPCOND-150702-17,ZECO:0000111,none,CHEBI:2766,
ZDB-EXPCOND-150702-4,ZECO:0000111,none,CHEBI:44423,
ZDB-EXPCOND-150702-5,ZECO:0000111,none,CHEBI:2766,
ZDB-EXPCOND-150703-11,ZECO:0000111,none,CHEBI:48705,
ZDB-EXPCOND-150703-17,ZECO:0000111,none,CHEBI:48705,
ZDB-EXPCOND-150703-3,ZECO:0000111,none,CHEBI:86193,
ZDB-EXPCOND-150703-5,ZECO:0000111,none,CHEBI:48705,
ZDB-EXPCOND-150703-6,ZECO:0000111,none,CHEBI:48705,
ZDB-EXPCOND-150706-4,ZECO:0000111,none,CHEBI:34372,
ZDB-EXPCOND-150706-5,ZECO:0000111,none,CHEBI:31638,
ZDB-EXPCOND-150706-6,ZECO:0000111,none,CHEBI:31589,
ZDB-EXPCOND-150706-7,ZECO:0000111,none,CHEBI:16469,
ZDB-EXPCOND-150706-8,ZECO:0000111,none,CHEBI:16330,
ZDB-EXPCOND-150708-10,ZECO:0000111,none,CHEBI:17549,
ZDB-EXPCOND-150708-12,ZECO:0000111,none,CHEBI:17549,
ZDB-EXPCOND-150708-7,ZECO:0000229,none,ZFA:0000114,
ZDB-EXPCOND-150709-15,ZECO:0000110,none,NCBITaxon:696863,
ZDB-EXPCOND-150710-4,ZECO:0000111,none,CHEBI:641,
ZDB-EXPCOND-150713-5,ZECO:0000111,none,CHEBI:17650,
ZDB-EXPCOND-150713-7,ZECO:0000111,none,CHEBI:17650,
ZDB-EXPCOND-150716-21,ZECO:0000111,none,CHEBI:66919,
ZDB-EXPCOND-150717-1,ZECO:0000111,none,CHEBI:46261,
ZDB-EXPCOND-150717-10,ZECO:0000111,none,CHEBI:43572,
ZDB-EXPCOND-150717-11,ZECO:0000111,none,CHEBI:86989,
ZDB-EXPCOND-150717-12,ZECO:0000111,none,CHEBI:62947,
ZDB-EXPCOND-150717-2,ZECO:0000229,none,none,
ZDB-EXPCOND-150717-4,ZECO:0000111,none,CHEBI:46261,
ZDB-EXPCOND-150717-5,ZECO:0000111,none,CHEBI:18305,
ZDB-EXPCOND-150717-7,ZECO:0000111,none,CHEBI:18305,
ZDB-EXPCOND-150717-8,ZECO:0000111,none,CHEBI:43572,
ZDB-EXPCOND-150720-11,ZECO:0000111,none,CHEBI:27086,
ZDB-EXPCOND-150720-12,ZECO:0000166,none,none,
ZDB-EXPCOND-150720-15,ZECO:0000237,none,CHEBI:75909,
ZDB-EXPCOND-150720-2,ZECO:0000111,none,CHEBI:50122,
ZDB-EXPCOND-150720-3,ZECO:0000111,none,CHEBI:33217,
ZDB-EXPCOND-150720-4,ZECO:0000111,none,CHEBI:35004,
ZDB-EXPCOND-150722-3,ZECO:0000111,none,CHEBI:42471,
ZDB-EXPCOND-150730-12,ZECO:0000111,none,CHEBI:28748,
ZDB-EXPCOND-150730-13,ZECO:0000111,none,CHEBI:47382,
ZDB-EXPCOND-150730-8,ZECO:0000111,none,CHEBI:34910,
ZDB-EXPCOND-150805-2,ZECO:0000106,none,NCBITaxon:2,
ZDB-EXPCOND-150805-3,ZECO:0000163,none,none,
ZDB-EXPCOND-150805-7,ZECO:0000111,none,CHEBI:78510,
ZDB-EXPCOND-150806-10,ZECO:0000208,none,none,
ZDB-EXPCOND-150807-12,ZECO:0000203,none,none,
ZDB-EXPCOND-150807-13,ZECO:0000203,none,none,
ZDB-EXPCOND-150807-2,ZECO:0000166,none,none,
ZDB-EXPCOND-150810-3,ZECO:0000111,none,CHEBI:91108,
ZDB-EXPCOND-150810-5,ZECO:0000111,none,CHEBI:75388,
ZDB-EXPCOND-150810-6,ZECO:0000111,none,CHEBI:23527,
ZDB-EXPCOND-150810-7,ZECO:0000111,none,CHEBI:34892,
ZDB-EXPCOND-150811-1,ZECO:0000111,none,CHEBI:9453,
ZDB-EXPCOND-150819-8,ZECO:0000243,none,none,
ZDB-EXPCOND-150821-10,ZECO:0000111,none,CHEBI:49553,
ZDB-EXPCOND-150821-3,ZECO:0000237,none,CHEBI:33699,
ZDB-EXPCOND-150821-6,ZECO:0000237,none,CHEBI:33699,
ZDB-EXPCOND-150825-3,ZECO:0000111,none,CHEBI:22689,
ZDB-EXPCOND-150908-1,ZECO:0000106,none,NCBITaxon:2,
ZDB-EXPCOND-150908-2,ZECO:0000108,none,none,
ZDB-EXPCOND-150909-10,ZECO:0000111,none,CHEBI:16236,
ZDB-EXPCOND-150909-2,ZECO:0000111,none,CHEBI:33234,
ZDB-EXPCOND-150909-4,ZECO:0000111,none,CHEBI:50694,
ZDB-EXPCOND-150909-7,ZECO:0000111,none,CHEBI:15765,
ZDB-EXPCOND-150910-11,ZECO:0000111,none,CHEBI:77967,
ZDB-EXPCOND-150910-14,ZECO:0000111,none,CHEBI:16586,
ZDB-EXPCOND-150910-15,ZECO:0000111,none,CHEBI:10033,
ZDB-EXPCOND-150910-5,ZECO:0000189,none,none,
ZDB-EXPCOND-150910-6,ZECO:0000165,none,none,
ZDB-EXPCOND-150910-7,ZECO:0000165,none,none,
ZDB-EXPCOND-150911-15,ZECO:0000111,none,CHEBI:77967,
ZDB-EXPCOND-150911-9,ZECO:0000111,none,CHEBI:16586,
ZDB-EXPCOND-150914-2,ZECO:0000111,none,CHEBI:34910,
ZDB-EXPCOND-150914-6,ZECO:0000229,none,none,
ZDB-EXPCOND-150915-2,ZECO:0000111,none,CHEBI:75400,
ZDB-EXPCOND-150915-3,ZECO:0000111,none,CHEBI:75400,
ZDB-EXPCOND-150915-4,ZECO:0000111,none,CHEBI:16236,
ZDB-EXPCOND-150915-5,ZECO:0000111,none,CHEBI:60888,
ZDB-EXPCOND-150915-6,ZECO:0000111,none,CHEBI:16236,
ZDB-EXPCOND-150915-7,ZECO:0000111,none,CHEBI:60888,
ZDB-EXPCOND-150916-10,ZECO:0000111,none,CHEBI:16236,
ZDB-EXPCOND-150916-13,ZECO:0000111,none,CHEBI:16236,
ZDB-EXPCOND-150916-18,ZECO:0000111,none,CHEBI:16236,
ZDB-EXPCOND-150916-21,ZECO:0000166,none,none,
ZDB-EXPCOND-150916-5,ZECO:0000111,none,CHEBI:91091,
ZDB-EXPCOND-150916-8,ZECO:0000111,none,CHEBI:91107,
ZDB-EXPCOND-150917-3,ZECO:0000122,none,none,
ZDB-EXPCOND-150922-4,ZECO:0000111,none,CHEBI:9288,
ZDB-EXPCOND-150923-4,ZECO:0000111,none,CHEBI:17234,
ZDB-EXPCOND-150923-5,ZECO:0000111,none,CHEBI:16236,
ZDB-EXPCOND-150925-12,ZECO:0000111,none,CHEBI:22256,
ZDB-EXPCOND-150925-15,ZECO:0000111,none,CHEBI:91080,
ZDB-EXPCOND-150925-18,ZECO:0000111,none,CHEBI:77967,
ZDB-EXPCOND-150925-3,ZECO:0000111,none,CHEBI:22256,
ZDB-EXPCOND-150925-4,ZECO:0000111,none,CHEBI:9364,
ZDB-EXPCOND-150925-5,ZECO:0000111,none,CHEBI:9516,
ZDB-EXPCOND-150925-6,ZECO:0000111,none,CHEBI:90690,
ZDB-EXPCOND-150929-1,ZECO:0000111,none,CHEBI:68494,
ZDB-EXPCOND-150929-10,ZECO:0000111,none,CHEBI:22251,
ZDB-EXPCOND-150929-11,ZECO:0000111,none,CHEBI:73284,
ZDB-EXPCOND-150929-13,ZECO:0000111,none,CHEBI:73284,
ZDB-EXPCOND-150929-2,ZECO:0000111,none,CHEBI:16335,
ZDB-EXPCOND-150929-3,ZECO:0000229,none,none,
ZDB-EXPCOND-150929-5,ZECO:0000111,none,CHEBI:68494,
ZDB-EXPCOND-150929-7,ZECO:0000111,none,CHEBI:16335,
ZDB-EXPCOND-150929-8,ZECO:0000111,none,CHEBI:22251,
ZDB-EXPCOND-150930-3,ZECO:0000111,none,CHEBI:87897,
ZDB-EXPCOND-151002-2,ZECO:0000111,none,CHEBI:17833,
ZDB-EXPCOND-151002-3,ZECO:0000224,none,none,
ZDB-EXPCOND-151002-4,ZECO:0000111,none,CHEBI:17833,
ZDB-EXPCOND-151005-10,ZECO:0000111,none,CHEBI:100147,
ZDB-EXPCOND-151005-4,ZECO:0000111,none,CHEBI:28971,
ZDB-EXPCOND-151005-7,ZECO:0000111,none,CHEBI:27902,
ZDB-EXPCOND-151006-1,ZECO:0000111,none,CHEBI:91083,
ZDB-EXPCOND-151007-1,ZECO:0000111,none,CHEBI:27958,
ZDB-EXPCOND-151007-2,ZECO:0000111,none,CHEBI:16684,
ZDB-EXPCOND-151007-3,ZECO:0000111,none,CHEBI:64317,
ZDB-EXPCOND-151007-4,ZECO:0000111,none,CHEBI:7034,
ZDB-EXPCOND-151007-5,ZECO:0000111,none,CHEBI:8081,
ZDB-EXPCOND-151007-6,ZECO:0000111,none,CHEBI:8499,
ZDB-EXPCOND-151008-5,ZECO:0000111,none,CHEBI:77746,
ZDB-EXPCOND-151012-1,ZECO:0000111,none,CHEBI:131781,
ZDB-EXPCOND-151012-10,ZECO:0000111,none,CHEBI:65329,
ZDB-EXPCOND-151012-11,ZECO:0000111,none,CHEBI:67271,
ZDB-EXPCOND-151012-15,ZECO:0000111,none,CHEBI:67271,
ZDB-EXPCOND-151012-16,ZECO:0000111,none,CHEBI:79090,
ZDB-EXPCOND-151012-18,ZECO:0000111,none,CHEBI:79090,
ZDB-EXPCOND-151012-19,ZECO:0000111,none,CHEBI:50845,
ZDB-EXPCOND-151012-20,ZECO:0000111,none,CHEBI:23888,
ZDB-EXPCOND-151012-5,ZECO:0000111,none,CHEBI:64153,
ZDB-EXPCOND-151012-8,ZECO:0000111,none,CHEBI:65329,
ZDB-EXPCOND-151013-1,ZECO:0000111,none,CHEBI:15603,
ZDB-EXPCOND-151014-1,ZECO:0000111,none,CHEBI:34873,
ZDB-EXPCOND-151014-6,ZECO:0000111,none,CHEBI:35861,
ZDB-EXPCOND-151015-1,ZECO:0000111,none,CHEBI:131504,
ZDB-EXPCOND-151016-11,ZECO:0000111,none,CHEBI:6909,
ZDB-EXPCOND-151016-13,ZECO:0000111,none,CHEBI:88336,
ZDB-EXPCOND-151020-4,ZECO:0000111,none,CHEBI:62882,
ZDB-EXPCOND-151021-1,ZECO:0000111,none,CHEBI:50924,
ZDB-EXPCOND-151022-1,ZECO:0000111,none,CHEBI:5118,
ZDB-EXPCOND-151026-2,ZECO:0000111,none,CHEBI:278547,
ZDB-EXPCOND-151027-1,ZECO:0000111,none,CHEBI:41774,
ZDB-EXPCOND-151027-5,ZECO:0000111,none,CHEBI:44616,
ZDB-EXPCOND-151029-3,ZECO:0000111,none,CHEBI:27412,
ZDB-EXPCOND-151029-4,ZECO:0000111,none,CHEBI:27899,
ZDB-EXPCOND-151029-5,ZECO:0000111,none,CHEBI:27412,
ZDB-EXPCOND-151102-1,ZECO:0000166,none,none,
ZDB-EXPCOND-151103-1,ZECO:0000111,none,CHEBI:34910,
ZDB-EXPCOND-151104-3,ZECO:0000111,none,CHEBI:69120,
ZDB-EXPCOND-151104-4,ZECO:0000111,none,CHEBI:69120,
ZDB-EXPCOND-151104-7,ZECO:0000111,none,CHEBI:23414,
ZDB-EXPCOND-151106-10,ZECO:0000111,none,CHEBI:76274,
ZDB-EXPCOND-151106-12,ZECO:0000111,none,CHEBI:73458,
ZDB-EXPCOND-151106-2,ZECO:0000111,none,CHEBI:16412,
ZDB-EXPCOND-151106-3,ZECO:0000111,none,CHEBI:131493,
ZDB-EXPCOND-151106-6,ZECO:0000111,none,CHEBI:33282,
ZDB-EXPCOND-151106-8,ZECO:0000111,none,CHEBI:91108,
ZDB-EXPCOND-151109-4,ZECO:0000111,none,CHEBI:46261,
ZDB-EXPCOND-151109-5,ZECO:0000111,none,CHEBI:80907,
ZDB-EXPCOND-151110-4,ZECO:0000145,none,ZFA:0001110,
ZDB-EXPCOND-151111-1,ZECO:0000111,none,CHEBI:102218,
ZDB-EXPCOND-151111-3,ZECO:0000111,none,CHEBI:76451,
ZDB-EXPCOND-151113-1,ZECO:0000111,none,CHEBI:76617,
ZDB-EXPCOND-151116-3,ZECO:0000111,none,CHEBI:60648,
ZDB-EXPCOND-151116-4,ZECO:0000111,none,CHEBI:50692,
ZDB-EXPCOND-151120-10,ZECO:0000111,none,CHEBI:78031,
ZDB-EXPCOND-151120-11,ZECO:0000111,none,CHEBI:24527,
ZDB-EXPCOND-151120-12,ZECO:0000111,none,CHEBI:50673,
ZDB-EXPCOND-151120-15,ZECO:0000111,none,CHEBI:50673,
ZDB-EXPCOND-151120-2,ZECO:0000111,none,CHEBI:131496,
ZDB-EXPCOND-151120-6,ZECO:0000111,none,CHEBI:15551,
ZDB-EXPCOND-151124-2,ZECO:0000111,none,CHEBI:131785,
ZDB-EXPCOND-151125-1,ZECO:0000111,none,CHEBI:86193,
ZDB-EXPCOND-151130-1,ZECO:0000111,none,CHEBI:131631,
ZDB-EXPCOND-151130-2,ZECO:0000111,none,CHEBI:91083,
ZDB-EXPCOND-151201-1,ZECO:0000111,none,CHEBI:27547,
ZDB-EXPCOND-151201-2,ZECO:0000111,none,CHEBI:6909,
ZDB-EXPCOND-151201-3,ZECO:0000111,none,CHEBI:16236,
ZDB-EXPCOND-151201-4,ZECO:0000111,none,CHEBI:16236,
ZDB-EXPCOND-151203-1,ZECO:0000111,none,CHEBI:75379,
ZDB-EXPCOND-151204-3,ZECO:0000111,none,CHEBI:63962,
ZDB-EXPCOND-151207-1,ZECO:0000111,none,CHEBI:6909,
ZDB-EXPCOND-151207-2,ZECO:0000229,none,none,
ZDB-EXPCOND-151208-1,ZECO:0000111,none,CHEBI:16236,
ZDB-EXPCOND-151209-2,ZECO:0000111,none,CHEBI:6909,
ZDB-EXPCOND-151209-3,ZECO:0000144,none,ZFA:0000114,
ZDB-EXPCOND-151209-6,ZECO:0000111,none,CHEBI:6909,
ZDB-EXPCOND-151210-11,ZECO:0000111,none,CHEBI:6909,
ZDB-EXPCOND-151210-12,ZECO:0000111,none,CHEBI:4021,
ZDB-EXPCOND-151210-13,ZECO:0000111,none,CHEBI:6909,
ZDB-EXPCOND-151210-14,ZECO:0000111,none,CHEBI:4021,
ZDB-EXPCOND-151210-15,ZECO:0000111,none,CHEBI:79314,
ZDB-EXPCOND-151210-18,ZECO:0000111,none,CHEBI:28939,
ZDB-EXPCOND-151210-2,ZECO:0000111,none,CHEBI:34725,
ZDB-EXPCOND-151210-4,ZECO:0000111,none,CHEBI:88336,
ZDB-EXPCOND-151210-6,ZECO:0000144,none,ZFA:0000114,
ZDB-EXPCOND-151210-7,ZECO:0000111,none,CHEBI:6909,
ZDB-EXPCOND-151210-8,ZECO:0000111,none,CHEBI:4021,
ZDB-EXPCOND-151211-5,ZECO:0000111,none,CHEBI:36276,
ZDB-EXPCOND-151211-6,ZECO:0000111,none,CHEBI:34910,
ZDB-EXPCOND-151211-8,ZECO:0000213,none,none,
ZDB-EXPCOND-151215-1,ZECO:0000111,none,CHEBI:44423,
ZDB-EXPCOND-151222-4,ZECO:0000168,none,ZFA:0009135,
ZDB-EXPCOND-151222-7,ZECO:0000111,none,CHEBI:16236,
ZDB-EXPCOND-151224-1,ZECO:0000111,none,CHEBI:34873,
ZDB-EXPCOND-151228-1,ZECO:0000111,none,CHEBI:34967,
ZDB-EXPCOND-151228-10,ZECO:0000111,none,CHEBI:50122,
ZDB-EXPCOND-151228-11,ZECO:0000111,none,CHEBI:50122,
ZDB-EXPCOND-151228-12,ZECO:0000111,none,CHEBI:86195,
ZDB-EXPCOND-151228-2,ZECO:0000111,none,CHEBI:67072,
ZDB-EXPCOND-151228-3,ZECO:0000111,none,CHEBI:86195,
ZDB-EXPCOND-151228-4,ZECO:0000111,none,CHEBI:15367,
ZDB-EXPCOND-151228-6,ZECO:0000111,none,CHEBI:15367,
ZDB-EXPCOND-151228-7,ZECO:0000111,none,CHEBI:34578,
ZDB-EXPCOND-151228-8,ZECO:0000111,none,CHEBI:67072,
ZDB-EXPCOND-151229-1,ZECO:0000236,none,none,
ZDB-EXPCOND-151229-2,ZECO:0000111,none,CHEBI:529996,
ZDB-EXPCOND-151229-4,ZECO:0000111,none,CHEBI:34892,
ZDB-EXPCOND-151229-5,ZECO:0000111,none,CHEBI:45863,
ZDB-EXPCOND-151230-1,ZECO:0000111,none,CHEBI:16236,
ZDB-EXPCOND-151231-1,ZECO:0000111,none,CHEBI:6909,
ZDB-EXPCOND-151231-3,ZECO:0000111,none,CHEBI:6909,
ZDB-EXPCOND-151231-4,ZECO:0000111,none,CHEBI:44616,
ZDB-EXPCOND-151231-6,ZECO:0000111,none,CHEBI:86193,
ZDB-EXPCOND-151231-7,ZECO:0000111,none,CHEBI:6909,
ZDB-EXPCOND-151231-8,ZECO:0000111,none,CHEBI:86193,
ZDB-EXPCOND-160104-1,ZECO:0000111,none,CHEBI:52392,
ZDB-EXPCOND-160104-11,ZECO:0000111,none,CHEBI:76274,
ZDB-EXPCOND-160104-12,ZECO:0000111,none,CHEBI:73458,
ZDB-EXPCOND-160104-17,ZECO:0000111,none,CHEBI:15551,
ZDB-EXPCOND-160104-2,ZECO:0000111,none,CHEBI:2700,
ZDB-EXPCOND-160104-20,ZECO:0000111,none,CHEBI:76812,
ZDB-EXPCOND-160104-3,ZECO:0000111,none,CHEBI:67072,
ZDB-EXPCOND-160104-4,ZECO:0000111,none,CHEBI:35460,
ZDB-EXPCOND-160104-5,ZECO:0000111,none,CHEBI:8337,
ZDB-EXPCOND-160104-6,ZECO:0000111,none,CHEBI:67072,
ZDB-EXPCOND-160104-7,ZECO:0000111,none,CHEBI:87897,
ZDB-EXPCOND-160105-1,ZECO:0000111,none,CHEBI:91760,
ZDB-EXPCOND-160105-4,ZECO:0000111,none,CHEBI:34130,
ZDB-EXPCOND-160105-5,ZECO:0000111,none,CHEBI:65329,
ZDB-EXPCOND-160106-1,ZECO:0000111,none,CHEBI:86193,
ZDB-EXPCOND-160106-2,ZECO:0000111,none,CHEBI:44616,
ZDB-EXPCOND-160107-1,ZECO:0000111,none,CHEBI:39867,
ZDB-EXPCOND-160111-1,ZECO:0000111,none,CHEBI:37550,
ZDB-EXPCOND-160112-1,ZECO:0000111,none,CHEBI:78661,
ZDB-EXPCOND-160113-1,ZECO:0000111,none,CHEBI:23924,
ZDB-EXPCOND-160113-2,ZECO:0000111,none,CHEBI:26020,
ZDB-EXPCOND-160114-1,ZECO:0000111,none,CHEBI:7939,
ZDB-EXPCOND-160114-2,ZECO:0000111,none,CHEBI:86474,
ZDB-EXPCOND-160114-3,ZECO:0000111,none,CHEBI:28790,
ZDB-EXPCOND-160114-4,ZECO:0000111,none,CHEBI:5118,
ZDB-EXPCOND-160114-5,ZECO:0000111,none,CHEBI:48030,
ZDB-EXPCOND-160120-1,ZECO:0000111,none,CHEBI:6909,
ZDB-EXPCOND-160120-3,ZECO:0000111,none,CHEBI:44616,
ZDB-EXPCOND-160126-1,ZECO:0000111,none,CHEBI:6909,
ZDB-EXPCOND-160126-2,ZECO:0000111,none,CHEBI:9288,
ZDB-EXPCOND-160126-6,ZECO:0000111,none,CHEBI:9288,
ZDB-EXPCOND-160127-1,ZECO:0000111,none,CHEBI:4875,
ZDB-EXPCOND-160128-1,ZECO:0000111,none,CHEBI:29108,
ZDB-EXPCOND-160128-11,ZECO:0000111,none,CHEBI:38637,
ZDB-EXPCOND-160128-3,ZECO:0000111,none,CHEBI:17224,
ZDB-EXPCOND-160128-5,ZECO:0000111,none,CHEBI:17224,
ZDB-EXPCOND-160128-6,ZECO:0000111,none,CHEBI:35222,
ZDB-EXPCOND-160128-8,ZECO:0000111,none,CHEBI:35222,
ZDB-EXPCOND-160128-9,ZECO:0000111,none,CHEBI:38637,
ZDB-EXPCOND-160129-12,ZECO:0000111,none,CHEBI:27732,
ZDB-EXPCOND-160129-13,ZECO:0000166,none,none,
ZDB-EXPCOND-160129-16,ZECO:0000111,none,CHEBI:61057,
ZDB-EXPCOND-160129-18,ZECO:0000111,none,CHEBI:61057,
ZDB-EXPCOND-160129-20,ZECO:0000111,none,CHEBI:87359,
ZDB-EXPCOND-160129-21,ZECO:0000111,none,CHEBI:91188,
ZDB-EXPCOND-160129-5,ZECO:0000111,none,CHEBI:6909,
ZDB-EXPCOND-160129-6,ZECO:0000111,none,CHEBI:6909,
ZDB-EXPCOND-160202-1,ZECO:0000111,none,CHEBI:16236,
ZDB-EXPCOND-160202-15,ZECO:0000111,none,CHEBI:23414,
ZDB-EXPCOND-160202-18,ZECO:0000111,none,CHEBI:61908,
ZDB-EXPCOND-160202-19,ZECO:0000111,none,CHEBI:131182,
ZDB-EXPCOND-160202-2,ZECO:0000111,none,CHEBI:40730,
ZDB-EXPCOND-160202-22,ZECO:0000111,none,CHEBI:131182,
ZDB-EXPCOND-160202-25,ZECO:0000111,none,CHEBI:91215,
ZDB-EXPCOND-160202-26,ZECO:0000111,none,CHEBI:91215,
ZDB-EXPCOND-160202-27,ZECO:0000111,none,CHEBI:34674,
ZDB-EXPCOND-160202-28,ZECO:0000111,none,CHEBI:53063,
ZDB-EXPCOND-160202-29,ZECO:0000111,none,CHEBI:6775,
ZDB-EXPCOND-160202-3,ZECO:0000111,none,CHEBI:16236,
ZDB-EXPCOND-160202-34,ZECO:0000111,none,CHEBI:6909,
ZDB-EXPCOND-160202-4,ZECO:0000111,none,CHEBI:40730,
ZDB-EXPCOND-160202-5,ZECO:0000111,none,CHEBI:4653,
ZDB-EXPCOND-160202-6,ZECO:0000111,none,CHEBI:4653,
ZDB-EXPCOND-160202-7,ZECO:0000111,none,CHEBI:16236,
ZDB-EXPCOND-160202-8,ZECO:0000111,none,CHEBI:64406,
ZDB-EXPCOND-160202-9,ZECO:0000111,none,CHEBI:5000,
ZDB-EXPCOND-160203-4,ZECO:0000111,none,CHEBI:26004,
ZDB-EXPCOND-160203-5,ZECO:0000111,none,CHEBI:26004,
ZDB-EXPCOND-160203-6,ZECO:0000111,none,CHEBI:26004,
ZDB-EXPCOND-160203-8,ZECO:0000111,none,CHEBI:76451,
ZDB-EXPCOND-160204-1,ZECO:0000111,none,CHEBI:4021,
ZDB-EXPCOND-160205-1,ZECO:0000111,none,CHEBI:6909,
ZDB-EXPCOND-160205-2,ZECO:0000111,none,CHEBI:17963,
ZDB-EXPCOND-160209-11,ZECO:0000111,none,CHEBI:28770,
ZDB-EXPCOND-160209-12,ZECO:0000111,none,CHEBI:16236,
ZDB-EXPCOND-160209-13,ZECO:0000111,none,CHEBI:28770,
ZDB-EXPCOND-160209-14,ZECO:0000111,none,CHEBI:16236,
ZDB-EXPCOND-160209-2,ZECO:0000111,none,CHEBI:41879,
ZDB-EXPCOND-160209-3,ZECO:0000111,none,CHEBI:41879,
ZDB-EXPCOND-160209-5,ZECO:0000111,none,CHEBI:6909,
ZDB-EXPCOND-160209-6,ZECO:0000111,none,CHEBI:6909,
ZDB-EXPCOND-160210-10,ZECO:0000111,none,CHEBI:27899,
ZDB-EXPCOND-160210-14,ZECO:0000111,none,CHEBI:7003,
ZDB-EXPCOND-160210-17,ZECO:0000111,none,CHEBI:7003,
ZDB-EXPCOND-160210-19,ZECO:0000111,none,CHEBI:75404,
ZDB-EXPCOND-160210-20,ZECO:0000173,none,none,
ZDB-EXPCOND-160210-3,ZECO:0000111,none,CHEBI:5063,
ZDB-EXPCOND-160210-4,ZECO:0000111,none,CHEBI:39214,
ZDB-EXPCOND-160210-5,ZECO:0000111,none,CHEBI:4791,
ZDB-EXPCOND-160211-1,ZECO:0000111,none,CHEBI:83990,
ZDB-EXPCOND-160211-2,ZECO:0000111,none,CHEBI:16412,
ZDB-EXPCOND-160211-3,ZECO:0000229,none,none,
ZDB-EXPCOND-160211-5,ZECO:0000111,none,CHEBI:83990,
ZDB-EXPCOND-160211-6,ZECO:0000111,none,CHEBI:6956,
ZDB-EXPCOND-160211-7,ZECO:0000111,none,CHEBI:6539,
ZDB-EXPCOND-160211-8,ZECO:0000146,none,none,
ZDB-EXPCOND-160212-1,ZECO:0000111,none,CHEBI:22315,
ZDB-EXPCOND-160212-10,ZECO:0000111,none,CHEBI:53448,
ZDB-EXPCOND-160212-2,ZECO:0000111,none,CHEBI:6809,
ZDB-EXPCOND-160212-3,ZECO:0000111,none,CHEBI:22315,
ZDB-EXPCOND-160212-5,ZECO:0000111,none,CHEBI:63951,
ZDB-EXPCOND-160212-7,ZECO:0000111,none,CHEBI:63951,
ZDB-EXPCOND-160212-8,ZECO:0000111,none,CHEBI:4021,
ZDB-EXPCOND-160212-9,ZECO:0000111,none,CHEBI:75379,
ZDB-EXPCOND-160215-2,ZECO:0000111,none,CHEBI:63951,
ZDB-EXPCOND-160215-3,ZECO:0000111,none,CHEBI:72768,
ZDB-EXPCOND-160216-1,ZECO:0000111,none,CHEBI:15551,
ZDB-EXPCOND-160216-10,ZECO:0000111,none,CHEBI:78510,
ZDB-EXPCOND-160216-17,ZECO:0000111,none,CHEBI:49662,
ZDB-EXPCOND-160216-2,ZECO:0000111,none,CHEBI:15551,
ZDB-EXPCOND-160216-20,ZECO:0000111,none,CHEBI:15551,
ZDB-EXPCOND-160216-3,ZECO:0000111,none,CHEBI:49662,
ZDB-EXPCOND-160216-4,ZECO:0000111,none,CHEBI:49662,
ZDB-EXPCOND-160216-5,ZECO:0000111,none,CHEBI:15551,
ZDB-EXPCOND-160216-7,ZECO:0000111,none,CHEBI:49662,
ZDB-EXPCOND-160216-8,ZECO:0000111,none,CHEBI:70998,
ZDB-EXPCOND-160217-1,ZECO:0000111,none,CHEBI:57427,
ZDB-EXPCOND-160217-2,ZECO:0000111,none,CHEBI:48430,
ZDB-EXPCOND-160223-1,ZECO:0000237,none,CHEBI:60192,
ZDB-EXPCOND-160223-2,ZECO:0000237,none,CHEBI:36080,
ZDB-EXPCOND-160229-2,ZECO:0000117,none,none,
ZDB-EXPCOND-160229-4,ZECO:0000111,none,CHEBI:9150,
ZDB-EXPCOND-160229-6,ZECO:0000111,none,CHEBI:23888,
ZDB-EXPCOND-160301-10,ZECO:0000111,none,CHEBI:8378,
ZDB-EXPCOND-160301-11,ZECO:0000111,none,CHEBI:8378,
ZDB-EXPCOND-160301-13,ZECO:0000111,none,CHEBI:50692,
ZDB-EXPCOND-160301-15,ZECO:0000111,none,CHEBI:50692,
ZDB-EXPCOND-160301-16,ZECO:0000111,none,CHEBI:50664,
ZDB-EXPCOND-160301-18,ZECO:0000111,none,CHEBI:50664,
ZDB-EXPCOND-160301-19,ZECO:0000111,none,CHEBI:70782,
ZDB-EXPCOND-160301-20,ZECO:0000111,none,CHEBI:70782,
ZDB-EXPCOND-160301-23,ZECO:0000111,none,CHEBI:70782,
ZDB-EXPCOND-160301-3,ZECO:0000111,none,CHEBI:62878,
ZDB-EXPCOND-160301-4,ZECO:0000111,none,CHEBI:41879,
ZDB-EXPCOND-160301-5,ZECO:0000111,none,CHEBI:41879,
ZDB-EXPCOND-160301-7,ZECO:0000111,none,CHEBI:17650,
ZDB-EXPCOND-160301-8,ZECO:0000111,none,CHEBI:17650,
ZDB-EXPCOND-160302-1,ZECO:0000111,none,CHEBI:62878,
ZDB-EXPCOND-160302-10,ZECO:0000111,none,CHEBI:7553,
ZDB-EXPCOND-160302-11,ZECO:0000111,none,CHEBI:8688,
ZDB-EXPCOND-160302-12,ZECO:0000111,none,CHEBI:79993,
ZDB-EXPCOND-160302-14,ZECO:0000111,none,CHEBI:7553,
ZDB-EXPCOND-160302-16,ZECO:0000111,none,CHEBI:8688,
ZDB-EXPCOND-160302-17,ZECO:0000111,none,CHEBI:28088,
ZDB-EXPCOND-160302-19,ZECO:0000111,none,CHEBI:28088,
ZDB-EXPCOND-160302-2,ZECO:0000111,none,CHEBI:131492,
ZDB-EXPCOND-160302-21,ZECO:0000111,none,CHEBI:79993,
ZDB-EXPCOND-160302-23,ZECO:0000111,none,CHEBI:8863,
ZDB-EXPCOND-160302-5,ZECO:0000111,none,CHEBI:36080,
ZDB-EXPCOND-160302-6,ZECO:0000144,none,ZFA:0000277,
ZDB-EXPCOND-160302-8,ZECO:0000237,none,CHEBI:33699,
ZDB-EXPCOND-160302-9,ZECO:0000111,none,CHEBI:8863,
ZDB-EXPCOND-160304-2,ZECO:0000111,none,CHEBI:31635,
ZDB-EXPCOND-160304-5,ZECO:0000111,none,CHEBI:46024,
ZDB-EXPCOND-160304-6,ZECO:0000111,none,CHEBI:39867,
ZDB-EXPCOND-160309-1,ZECO:0000111,none,CHEBI:34435,
ZDB-EXPCOND-160309-11,ZECO:0000111,none,CHEBI:47612,
ZDB-EXPCOND-160309-12,ZECO:0000111,none,CHEBI:49040,
ZDB-EXPCOND-160309-13,ZECO:0000111,none,CHEBI:52023,
ZDB-EXPCOND-160309-14,ZECO:0000111,none,CHEBI:40303,
ZDB-EXPCOND-160309-15,ZECO:0000111,none,CHEBI:9150,
ZDB-EXPCOND-160309-16,ZECO:0000111,none,CHEBI:17963,
ZDB-EXPCOND-160309-2,ZECO:0000119,none,none,
ZDB-EXPCOND-160310-1,ZECO:0000111,none,CHEBI:7507,
ZDB-EXPCOND-160310-10,ZECO:0000119,none,none,
ZDB-EXPCOND-160310-11,ZECO:0000111,none,CHEBI:9150,
ZDB-EXPCOND-160310-12,ZECO:0000119,none,none,
ZDB-EXPCOND-160310-13,ZECO:0000111,none,CHEBI:35456,
ZDB-EXPCOND-160310-14,ZECO:0000111,none,CHEBI:49553,
ZDB-EXPCOND-160310-15,ZECO:0000111,none,CHEBI:49976,
ZDB-EXPCOND-160310-16,ZECO:0000111,none,CHEBI:34887,
ZDB-EXPCOND-160310-21,ZECO:0000111,none,CHEBI:75379,
ZDB-EXPCOND-160310-3,ZECO:0000119,none,none,
ZDB-EXPCOND-160310-4,ZECO:0000111,none,CHEBI:47612,
ZDB-EXPCOND-160310-5,ZECO:0000119,none,none,
ZDB-EXPCOND-160310-6,ZECO:0000111,none,CHEBI:49040,
ZDB-EXPCOND-160310-7,ZECO:0000111,none,CHEBI:52023,
ZDB-EXPCOND-160310-8,ZECO:0000119,none,none,
ZDB-EXPCOND-160310-9,ZECO:0000111,none,CHEBI:40303,
ZDB-EXPCOND-160311-1,ZECO:0000111,none,CHEBI:34892,
ZDB-EXPCOND-160311-3,ZECO:0000103,none,none,
ZDB-EXPCOND-160314-1,ZECO:0000111,none,CHEBI:77986,
ZDB-EXPCOND-160314-2,ZECO:0000111,none,CHEBI:2781,
ZDB-EXPCOND-160314-5,ZECO:0000111,none,CHEBI:90693,
ZDB-EXPCOND-160317-1,ZECO:0000111,none,CHEBI:87359,
ZDB-EXPCOND-160317-2,ZECO:0000111,none,CHEBI:44616,
ZDB-EXPCOND-160321-1,ZECO:0000111,none,CHEBI:9168,
ZDB-EXPCOND-160321-2,ZECO:0000111,none,CHEBI:34910,
ZDB-EXPCOND-160321-3,ZECO:0000111,none,CHEBI:60654,
ZDB-EXPCOND-160321-4,ZECO:0000111,none,CHEBI:60654,
ZDB-EXPCOND-160321-5,ZECO:0000111,none,CHEBI:34910,
ZDB-EXPCOND-160324-1,ZECO:0000111,none,CHEBI:6909,
ZDB-EXPCOND-160324-2,ZECO:0000111,none,CHEBI:35222,
ZDB-EXPCOND-160325-1,ZECO:0000111,none,CHEBI:15841,
ZDB-EXPCOND-160325-2,ZECO:0000111,none,CHEBI:16670,
ZDB-EXPCOND-160329-2,ZECO:0000111,none,CHEBI:76812,
ZDB-EXPCOND-160329-3,ZECO:0000111,none,CHEBI:35222,
ZDB-EXPCOND-160329-4,ZECO:0000111,none,CHEBI:86193,
ZDB-EXPCOND-160331-11,ZECO:0000111,none,CHEBI:6030,
ZDB-EXPCOND-160331-12,ZECO:0000111,none,CHEBI:6030,
ZDB-EXPCOND-160331-2,ZECO:0000111,none,CHEBI:63611,
ZDB-EXPCOND-160331-3,ZECO:0000111,none,CHEBI:63611,
ZDB-EXPCOND-160331-5,ZECO:0000111,none,CHEBI:28077,
ZDB-EXPCOND-160331-6,ZECO:0000111,none,CHEBI:28077,
ZDB-EXPCOND-160331-8,ZECO:0000111,none,CHEBI:4877,
ZDB-EXPCOND-160331-9,ZECO:0000111,none,CHEBI:4877,
ZDB-EXPCOND-160406-1,ZECO:0000111,none,CHEBI:41774,
ZDB-EXPCOND-160407-1,ZECO:0000111,none,CHEBI:131686,
ZDB-EXPCOND-160407-2,ZECO:0000111,none,CHEBI:42471,
ZDB-EXPCOND-160407-3,ZECO:0000111,none,CHEBI:34795,
ZDB-EXPCOND-160407-4,ZECO:0000111,none,CHEBI:42471,
ZDB-EXPCOND-160407-6,ZECO:0000111,none,CHEBI:34795,
ZDB-EXPCOND-160407-7,ZECO:0000111,none,CHEBI:34795,
ZDB-EXPCOND-160408-1,ZECO:0000111,none,CHEBI:16236,
ZDB-EXPCOND-160408-2,ZECO:0000111,none,CHEBI:472805,
ZDB-EXPCOND-160408-3,ZECO:0000166,none,none,
ZDB-EXPCOND-160411-1,ZECO:0000111,none,CHEBI:16811,
ZDB-EXPCOND-160414-1,ZECO:0000111,none,CHEBI:6909,
ZDB-EXPCOND-160414-2,ZECO:0000111,none,CHEBI:2663,
ZDB-EXPCOND-160414-4,ZECO:0000111,none,CHEBI:9334,
ZDB-EXPCOND-160414-5,ZECO:0000111,none,CHEBI:6909,
ZDB-EXPCOND-160415-10,ZECO:0000111,none,CHEBI:27470,
ZDB-EXPCOND-160415-11,ZECO:0000111,none,CHEBI:15428,
ZDB-EXPCOND-160415-3,ZECO:0000150,none,none,
ZDB-EXPCOND-160415-4,ZECO:0000149,none,none,
ZDB-EXPCOND-160415-9,ZECO:0000111,none,CHEBI:356416,
ZDB-EXPCOND-160422-1,ZECO:0000111,none,CHEBI:86195,
ZDB-EXPCOND-160422-2,ZECO:0000111,none,CHEBI:6909,
ZDB-EXPCOND-160426-1,ZECO:0000111,none,CHEBI:93069,
ZDB-EXPCOND-160428-1,ZECO:0000111,none,CHEBI:16240,
ZDB-EXPCOND-160428-2,ZECO:0000111,none,CHEBI:34910,
ZDB-EXPCOND-160429-1,ZECO:0000111,none,CHEBI:15603,
ZDB-EXPCOND-160429-2,ZECO:0000111,none,CHEBI:49375,
ZDB-EXPCOND-160429-3,ZECO:0000111,none,CHEBI:75142,
ZDB-EXPCOND-160429-4,ZECO:0000111,none,CHEBI:16236,
ZDB-EXPCOND-160429-5,ZECO:0000111,none,CHEBI:4167,
ZDB-EXPCOND-160502-1,ZECO:0000111,none,CHEBI:6909,
ZDB-EXPCOND-160503-1,ZECO:0000111,none,CHEBI:8378,
ZDB-EXPCOND-160503-2,ZECO:0000107,none,NCBITaxon:4751,
ZDB-EXPCOND-160505-1,ZECO:0000111,none,CHEBI:35038,
ZDB-EXPCOND-160506-1,ZECO:0000111,none,CHEBI:6123,
ZDB-EXPCOND-160506-2,ZECO:0000111,none,CHEBI:5118,
ZDB-EXPCOND-160506-3,ZECO:0000111,none,CHEBI:584020,
ZDB-EXPCOND-160506-4,ZECO:0000189,none,none,
ZDB-EXPCOND-160509-1,ZECO:0000111,none,CHEBI:34892,
ZDB-EXPCOND-160509-2,ZECO:0000111,none,CHEBI:45863,
ZDB-EXPCOND-160510-2,ZECO:0000111,none,CHEBI:60888,
ZDB-EXPCOND-160510-3,ZECO:0000166,none,none,
ZDB-EXPCOND-160510-4,ZECO:0000111,none,CHEBI:60888,
ZDB-EXPCOND-160513-1,ZECO:0000111,none,CHEBI:131968,
ZDB-EXPCOND-160513-10,ZECO:0000111,none,CHEBI:27641,
ZDB-EXPCOND-160513-11,ZECO:0000111,none,CHEBI:23414,
ZDB-EXPCOND-160513-12,ZECO:0000111,none,CHEBI:6872,
ZDB-EXPCOND-160513-13,ZECO:0000111,none,CHEBI:36674,
ZDB-EXPCOND-160513-14,ZECO:0000111,none,CHEBI:42223,
ZDB-EXPCOND-160513-15,ZECO:0000111,none,CHEBI:91462,
ZDB-EXPCOND-160513-16,ZECO:0000111,none,CHEBI:131923,
ZDB-EXPCOND-160513-17,ZECO:0000111,none,CHEBI:17234,
ZDB-EXPCOND-160513-2,ZECO:0000111,none,CHEBI:9068,
ZDB-EXPCOND-160513-3,ZECO:0000111,none,CHEBI:4776,
ZDB-EXPCOND-160513-4,ZECO:0000111,none,CHEBI:75292,
ZDB-EXPCOND-160513-5,ZECO:0000111,none,CHEBI:5001,
ZDB-EXPCOND-160513-6,ZECO:0000111,none,CHEBI:76668,
ZDB-EXPCOND-160513-7,ZECO:0000111,none,CHEBI:25241,
ZDB-EXPCOND-160513-8,ZECO:0000111,none,CHEBI:5553,
ZDB-EXPCOND-160517-10,ZECO:0000111,none,CHEBI:17234,
ZDB-EXPCOND-160517-2,ZECO:0000111,none,CHEBI:29864,
ZDB-EXPCOND-160517-3,ZECO:0000111,none,CHEBI:35696,
ZDB-EXPCOND-160517-4,ZECO:0000111,none,CHEBI:23888,
ZDB-EXPCOND-160517-5,ZECO:0000111,none,CHEBI:35696,
ZDB-EXPCOND-160517-8,ZECO:0000111,none,CHEBI:17234,
ZDB-EXPCOND-160517-9,ZECO:0000111,none,CHEBI:7549,
ZDB-EXPCOND-160519-1,ZECO:0000111,none,CHEBI:131968,
ZDB-EXPCOND-160520-11,ZECO:0000111,none,CHEBI:17650,
ZDB-EXPCOND-160520-14,ZECO:0000111,none,CHEBI:8378,
ZDB-EXPCOND-160520-17,ZECO:0000111,none,CHEBI:131968,
ZDB-EXPCOND-160520-2,ZECO:0000111,none,CHEBI:27641,
ZDB-EXPCOND-160520-20,ZECO:0000111,none,CHEBI:87183,
ZDB-EXPCOND-160520-24,ZECO:0000111,none,CHEBI:15866,
ZDB-EXPCOND-160520-25,ZECO:0000111,none,CHEBI:70782,
ZDB-EXPCOND-160520-30,ZECO:0000111,none,CHEBI:16581,
ZDB-EXPCOND-160520-4,ZECO:0000111,none,CHEBI:27641,
ZDB-EXPCOND-160520-5,ZECO:0000111,none,CHEBI:50692,
ZDB-EXPCOND-160520-7,ZECO:0000111,none,CHEBI:50692,
ZDB-EXPCOND-160520-8,ZECO:0000111,none,CHEBI:41879,
ZDB-EXPCOND-160524-1,ZECO:0000111,none,CHEBI:73167,
ZDB-EXPCOND-160525-1,ZECO:0000111,none,CHEBI:53063,
ZDB-EXPCOND-160525-10,ZECO:0000111,none,CHEBI:44658,
ZDB-EXPCOND-160525-11,ZECO:0000111,none,CHEBI:53063,
ZDB-EXPCOND-160525-13,ZECO:0000111,none,CHEBI:104872,
ZDB-EXPCOND-160525-14,ZECO:0000111,none,CHEBI:42471,
ZDB-EXPCOND-160525-15,ZECO:0000111,none,CHEBI:34795,
ZDB-EXPCOND-160525-16,ZECO:0000111,none,CHEBI:27732,
ZDB-EXPCOND-160525-18,ZECO:0000111,none,CHEBI:88249,
ZDB-EXPCOND-160525-4,ZECO:0000111,none,CHEBI:53063,
ZDB-EXPCOND-160525-9,ZECO:0000111,none,CHEBI:53063,
ZDB-EXPCOND-160527-1,ZECO:0000111,none,CHEBI:5855,
ZDB-EXPCOND-160527-2,ZECO:0000111,none,CHEBI:67197,
ZDB-EXPCOND-160527-3,ZECO:0000111,none,CHEBI:67197,
ZDB-EXPCOND-160527-6,ZECO:0000111,none,CHEBI:641,
ZDB-EXPCOND-160527-7,ZECO:0000111,none,CHEBI:132082,
ZDB-EXPCOND-160527-8,ZECO:0000111,none,CHEBI:94186,
ZDB-EXPCOND-160527-9,ZECO:0000111,none,CHEBI:48538,
ZDB-EXPCOND-160601-1,ZECO:0000111,none,CHEBI:16236,
ZDB-EXPCOND-160601-2,ZECO:0000111,none,CHEBI:50692,
ZDB-EXPCOND-160601-3,ZECO:0000111,none,CHEBI:6909,
ZDB-EXPCOND-160608-1,ZECO:0000111,none,CHEBI:75317,
ZDB-EXPCOND-160608-10,ZECO:0000111,none,CHEBI:48607,
ZDB-EXPCOND-160608-11,ZECO:0000189,none,none,
ZDB-EXPCOND-160608-12,ZECO:0000111,none,CHEBI:86290,
ZDB-EXPCOND-160608-2,ZECO:0000111,none,CHEBI:9288,
ZDB-EXPCOND-160608-3,ZECO:0000162,none,none,
ZDB-EXPCOND-160608-4,ZECO:0000111,none,CHEBI:9288,
ZDB-EXPCOND-160608-5,ZECO:0000162,none,none,
ZDB-EXPCOND-160608-6,ZECO:0000111,none,CHEBI:22586,
ZDB-EXPCOND-160608-7,ZECO:0000111,none,CHEBI:28694,
ZDB-EXPCOND-160608-8,ZECO:0000111,none,CHEBI:30052,
ZDB-EXPCOND-160608-9,ZECO:0000111,none,CHEBI:22586,
