allele,fish_abbrev,locus_name,locus_abbrev,mutation,mutagen,m bkgrd,p bkgrd,reference
t31213,un-named t31213<sup>t31213</sup>,un-named t31213,unm t31213,unknown,not specified  [treated with]  ENU,ZDB-FISH-990623-3,ZDB-FISH-990623-3,ZDB-PUB-060606-1
t31214,un-named t31214<sup>t31214</sup>,un-named t31214,unm t31214,unknown,not specified  [treated with]  ENU,ZDB-FISH-990623-3,ZDB-FISH-990623-3,ZDB-PUB-060606-1
t31215,un-named t31215<sup>t31215</sup>,un-named t31215,unm t31215,unknown,not specified  [treated with]  ENU,ZDB-FISH-990623-3,ZDB-FISH-990623-3,ZDB-PUB-060606-1
t31216,un-named t31216<sup>t31216</sup>,un-named t31216,unm t31216,unknown,not specified  [treated with]  ENU,ZDB-FISH-990623-3,ZDB-FISH-990623-3,ZDB-PUB-060606-1
t31242,un-named t31242<sup>t31242</sup>,un-named t31242,unm t31242,unknown,not specified  [treated with]  ENU,ZDB-FISH-990623-3,ZDB-FISH-990623-3,ZDB-PUB-060606-1
t31301,un-named t31301<sup>t31301</sup>,un-named t31301,unm t31301,unknown,not specified  [treated with]  ENU,ZDB-FISH-990623-3,ZDB-FISH-990623-3,ZDB-PUB-060606-1
t31302,un-named t31302<sup>t31302</sup>,un-named t31302,unm t31302,unknown,not specified  [treated with]  ENU,ZDB-FISH-990623-3,ZDB-FISH-990623-3,ZDB-PUB-060606-1
t31303,un-named t31303<sup>t31303</sup>,un-named t31303,unm t31303,unknown,not specified  [treated with]  ENU,ZDB-FISH-990623-3,ZDB-FISH-990623-3,ZDB-PUB-060606-1
t31310,un-named t31310<sup>t31310</sup>,un-named t31310,unm t31310,unknown,not specified  [treated with]  ENU,ZDB-FISH-990623-3,ZDB-FISH-990623-3,ZDB-PUB-060606-1
t31311,un-named t31311<sup>t31311</sup>,un-named t31311,unm t31311,unknown,not specified  [treated with]  ENU,ZDB-FISH-990623-3,ZDB-FISH-990623-3,ZDB-PUB-060606-1
t31312,un-named t31312<sup>t31312</sup>,un-named t31312,unm t31312,unknown,not specified  [treated with]  ENU,ZDB-FISH-990623-3,ZDB-FISH-990623-3,ZDB-PUB-060606-1
t31352,un-named t31352<sup>t31352</sup>,un-named t31352,unm t31352,unknown,not specified  [treated with]  ENU,ZDB-FISH-990623-3,ZDB-FISH-990623-3,ZDB-PUB-060606-1
t31386,un-named t31386<sup>t31386</sup>,un-named t31386,unm t31386,unknown,not specified  [treated with]  ENU,ZDB-FISH-990623-3,ZDB-FISH-990623-3,ZDB-PUB-060606-1
t31387,un-named t31387<sup>t31387</sup>,un-named t31387,unm t31387,unknown,not specified  [treated with]  ENU,ZDB-FISH-990623-3,ZDB-FISH-990623-3,ZDB-PUB-060606-1
t31388,un-named t31388<sup>t31388</sup>,un-named t31388,unm t31388,unknown,not specified  [treated with]  ENU,ZDB-FISH-990623-3,ZDB-FISH-990623-3,ZDB-PUB-060606-1
t31389,un-named t31389<sup>t31389</sup>,un-named t31389,unm t31389,unknown,not specified  [treated with]  ENU,ZDB-FISH-990623-3,ZDB-FISH-990623-3,ZDB-PUB-060606-1
t31390,un-named t31390<sup>t31390</sup>,un-named t31390,unm t31390,unknown,not specified  [treated with]  ENU,ZDB-FISH-990623-3,ZDB-FISH-990623-3,ZDB-PUB-060606-1
t31391,un-named t31391<sup>t31391</sup>,un-named t31391,unm t31391,unknown,not specified  [treated with]  ENU,ZDB-FISH-990623-3,ZDB-FISH-990623-3,ZDB-PUB-060606-1
t31392,un-named t31392<sup>t31392</sup>,un-named t31392,unm t31392,unknown,not specified  [treated with]  ENU,ZDB-FISH-990623-3,ZDB-FISH-990623-3,ZDB-PUB-060606-1
t31421,un-named t31421<sup>t31421</sup>,un-named t31421,unm t31421,unknown,not specified  [treated with]  ENU,ZDB-FISH-990623-3,ZDB-FISH-990623-3,ZDB-PUB-060606-1
t31422,un-named t31422<sup>t31422</sup>,un-named t31422,unm t31422,unknown,not specified  [treated with]  ENU,ZDB-FISH-990623-3,ZDB-FISH-990623-3,ZDB-PUB-060606-1
t31423,un-named t31423<sup>t31423</sup>,un-named t31423,unm t31423,unknown,not specified  [treated with]  ENU,ZDB-FISH-990623-3,ZDB-FISH-990623-3,ZDB-PUB-060606-1
t31453,un-named t31453<sup>t31453</sup>,un-named t31453,unm t31453,unknown,not specified  [treated with]  ENU,ZDB-FISH-990623-3,ZDB-FISH-990623-3,ZDB-PUB-060606-1
t31503,un-named t31503<sup>t31503</sup>,un-named t31503,unm t31503,unknown,not specified  [treated with]  ENU,ZDB-FISH-990623-3,ZDB-FISH-990623-3,ZDB-PUB-060606-1
t31504,un-named t31504<sup>t31504</sup>,un-named t31504,unm t31504,unknown,not specified  [treated with]  ENU,ZDB-FISH-990623-3,ZDB-FISH-990623-3,ZDB-PUB-060606-1
t31505,un-named t31505<sup>t31505</sup>,un-named t31505,unm t31505,unknown,not specified  [treated with]  ENU,ZDB-FISH-990623-3,ZDB-FISH-990623-3,ZDB-PUB-060606-1
t31017,un-named t31017<sup>t31017</sup>,un-named t31017,unm t31017,unknown,not specified  [treated with]  ENU,ZDB-FISH-990623-3,ZDB-FISH-990623-3,ZDB-PUB-060606-1
t31018,un-named t31018<sup>t31018</sup>,un-named t31018,unm t31018,unknown,not specified  [treated with]  ENU,ZDB-FISH-990623-3,ZDB-FISH-990623-3,ZDB-PUB-060606-1
t31019,un-named t31019<sup>t31019</sup>,un-named t31019,unm t31019,unknown,not specified  [treated with]  ENU,ZDB-FISH-990623-3,ZDB-FISH-990623-3,ZDB-PUB-060606-1
t31090,un-named t31090<sup>t31090</sup>,un-named t31090,unm t31090,unknown,not specified  [treated with]  ENU,ZDB-FISH-990623-3,ZDB-FISH-990623-3,ZDB-PUB-060606-1
t31164,un-named t31164<sup>t31164</sup>,un-named t31164,unm t31164,unknown,not specified  [treated with]  ENU,ZDB-FISH-990623-3,ZDB-FISH-990623-3,ZDB-PUB-060606-1
t31474,un-named t31474<sup>t31474</sup>,un-named t31474,unm t31474,unknown,not specified  [treated with]  ENU,ZDB-FISH-990623-3,ZDB-FISH-990623-3,ZDB-PUB-060606-1
t31476,un-named t31476<sup>t31476</sup>,un-named t31476,unm t31476,unknown,not specified  [treated with]  ENU,ZDB-FISH-990623-3,ZDB-FISH-990623-3,ZDB-PUB-060606-1
t31477,un-named t31477<sup>t31477</sup>,un-named t31477,unm t31477,unknown,not specified  [treated with]  ENU,ZDB-FISH-990623-3,ZDB-FISH-990623-3,ZDB-PUB-060606-1
t31008,un-named t31008<sup>t31008</sup>,un-named t31008,unm t31008,unknown,not specified  [treated with]  ENU,ZDB-FISH-990623-3,ZDB-FISH-990623-3,ZDB-PUB-060606-1
t31009,un-named t31009<sup>t31009</sup>,un-named t31009,unm t31009,unknown,not specified  [treated with]  ENU,ZDB-FISH-990623-3,ZDB-FISH-990623-3,ZDB-PUB-060606-1
t31010,un-named t31010<sup>t31010</sup>,un-named t31010,unm t31010,unknown,not specified  [treated with]  ENU,ZDB-FISH-990623-3,ZDB-FISH-990623-3,ZDB-PUB-060606-1
t31011,un-named t31011<sup>t31011</sup>,un-named t31011,unm t31011,unknown,not specified  [treated with]  ENU,ZDB-FISH-990623-3,ZDB-FISH-990623-3,ZDB-PUB-060606-1
t31087,un-named t31087<sup>t31087</sup>,un-named t31087,unm t31087,unknown,not specified  [treated with]  ENU,ZDB-FISH-990623-3,ZDB-FISH-990623-3,ZDB-PUB-060606-1
t31154,un-named t31154<sup>t31154</sup>,un-named t31154,unm t31154,unknown,not specified  [treated with]  ENU,ZDB-FISH-990623-3,ZDB-FISH-990623-3,ZDB-PUB-060606-1
t31156,un-named t31156<sup>t31156</sup>,un-named t31156,unm t31156,unknown,not specified  [treated with]  ENU,ZDB-FISH-990623-3,ZDB-FISH-990623-3,ZDB-PUB-060606-1
t31288,un-named t31288<sup>t31288</sup>,un-named t31288,unm t31288,unknown,not specified  [treated with]  ENU,ZDB-FISH-990623-3,ZDB-FISH-990623-3,ZDB-PUB-060606-1
t31289,un-named t31289<sup>t31289</sup>,un-named t31289,unm t31289,unknown,not specified  [treated with]  ENU,ZDB-FISH-990623-3,ZDB-FISH-990623-3,ZDB-PUB-060606-1
t31337,un-named t31337<sup>t31337</sup>,un-named t31337,unm t31337,unknown,not specified  [treated with]  ENU,ZDB-FISH-990623-3,ZDB-FISH-990623-3,ZDB-PUB-060606-1
t31338,un-named t31338<sup>t31338</sup>,un-named t31338,unm t31338,unknown,not specified  [treated with]  ENU,ZDB-FISH-990623-3,ZDB-FISH-990623-3,ZDB-PUB-060606-1
t31414,un-named t31414<sup>t31414</sup>,un-named t31414,unm t31414,unknown,not specified  [treated with]  ENU,ZDB-FISH-990623-3,ZDB-FISH-990623-3,ZDB-PUB-060606-1
t31415,un-named t31415<sup>t31415</sup>,un-named t31415,unm t31415,unknown,not specified  [treated with]  ENU,ZDB-FISH-990623-3,ZDB-FISH-990623-3,ZDB-PUB-060606-1
t31435,un-named t31435<sup>t31435</sup>,un-named t31435,unm t31435,unknown,not specified  [treated with]  ENU,ZDB-FISH-990623-3,ZDB-FISH-990623-3,ZDB-PUB-060606-1
t31436,un-named t31436<sup>t31436</sup>,un-named t31436,unm t31436,unknown,not specified  [treated with]  ENU,ZDB-FISH-990623-3,ZDB-FISH-990623-3,ZDB-PUB-060606-1
t31490,un-named t31490<sup>t31490</sup>,un-named t31490,unm t31490,unknown,not specified  [treated with]  ENU,ZDB-FISH-990623-3,ZDB-FISH-990623-3,ZDB-PUB-060606-1
t31492,un-named t31492<sup>t31492</sup>,un-named t31492,unm t31492,unknown,not specified  [treated with]  ENU,ZDB-FISH-990623-3,ZDB-FISH-990623-3,ZDB-PUB-060606-1
t31000,un-named t31000<sup>t31000</sup>,un-named t31000,unm t31000,unknown,not specified  [treated with]  ENU,ZDB-FISH-990623-3,ZDB-FISH-990623-3,ZDB-PUB-060606-1
t31001,un-named t31001<sup>t31001</sup>,un-named t31001,unm t31001,unknown,not specified  [treated with]  ENU,ZDB-FISH-990623-3,ZDB-FISH-990623-3,ZDB-PUB-060606-1
t31006,un-named t31006<sup>t31006</sup>,un-named t31006,unm t31006,unknown,not specified  [treated with]  ENU,ZDB-FISH-990623-3,ZDB-FISH-990623-3,ZDB-PUB-060606-1
t31079,un-named t31079<sup>t31079</sup>,un-named t31079,unm t31079,unknown,not specified  [treated with]  ENU,ZDB-FISH-990623-3,ZDB-FISH-990623-3,ZDB-PUB-060606-1
t31080,un-named t31080<sup>t31080</sup>,un-named t31080,unm t31080,unknown,not specified  [treated with]  ENU,ZDB-FISH-990623-3,ZDB-FISH-990623-3,ZDB-PUB-060606-1
t31082,un-named t31082<sup>t31082</sup>,un-named t31082,unm t31082,unknown,not specified  [treated with]  ENU,ZDB-FISH-990623-3,ZDB-FISH-990623-3,ZDB-PUB-060606-1
t31084,un-named t31084<sup>t31084</sup>,un-named t31084,unm t31084,unknown,not specified  [treated with]  ENU,ZDB-FISH-990623-3,ZDB-FISH-990623-3,ZDB-PUB-060606-1
t31085,un-named t31085<sup>t31085</sup>,un-named t31085,unm t31085,unknown,not specified  [treated with]  ENU,ZDB-FISH-990623-3,ZDB-FISH-990623-3,ZDB-PUB-060606-1
t31119,un-named t31119<sup>t31119</sup>,un-named t31119,unm t31119,unknown,not specified  [treated with]  ENU,ZDB-FISH-990623-3,ZDB-FISH-990623-3,ZDB-PUB-060606-1
t31159,un-named t31159<sup>t31159</sup>,un-named t31159,unm t31159,unknown,not specified  [treated with]  ENU,ZDB-FISH-990623-3,ZDB-FISH-990623-3,ZDB-PUB-060606-1
t31160,un-named t31160<sup>t31160</sup>,un-named t31160,unm t31160,unknown,not specified  [treated with]  ENU,ZDB-FISH-990623-3,ZDB-FISH-990623-3,ZDB-PUB-060606-1
t31161,un-named t31161<sup>t31161</sup>,un-named t31161,unm t31161,unknown,not specified  [treated with]  ENU,ZDB-FISH-990623-3,ZDB-FISH-990623-3,ZDB-PUB-060606-1
t31185,un-named t31185<sup>t31185</sup>,un-named t31185,unm t31185,unknown,not specified  [treated with]  ENU,ZDB-FISH-990623-3,ZDB-FISH-990623-3,ZDB-PUB-060606-1
t31186,un-named t31186<sup>t31186</sup>,un-named t31186,unm t31186,unknown,not specified  [treated with]  ENU,ZDB-FISH-990623-3,ZDB-FISH-990623-3,ZDB-PUB-060606-1
t31284,un-named t31284<sup>t31284</sup>,un-named t31284,unm t31284,unknown,not specified  [treated with]  ENU,ZDB-FISH-990623-3,ZDB-FISH-990623-3,ZDB-PUB-060606-1
t31285,un-named t31285<sup>t31285</sup>,un-named t31285,unm t31285,unknown,not specified  [treated with]  ENU,ZDB-FISH-990623-3,ZDB-FISH-990623-3,ZDB-PUB-060606-1
t31327,un-named t31327<sup>t31327</sup>,un-named t31327,unm t31327,unknown,not specified  [treated with]  ENU,ZDB-FISH-990623-3,ZDB-FISH-990623-3,ZDB-PUB-060606-1
t31412,un-named t31412<sup>t31412</sup>,un-named t31412,unm t31412,unknown,not specified  [treated with]  ENU,ZDB-FISH-990623-3,ZDB-FISH-990623-3,ZDB-PUB-060606-1
t31437,un-named t31437<sup>t31437</sup>,un-named t31437,unm t31437,unknown,not specified  [treated with]  ENU,ZDB-FISH-990623-3,ZDB-FISH-990623-3,ZDB-PUB-060606-1
t31438,un-named t31438<sup>t31438</sup>,un-named t31438,unm t31438,unknown,not specified  [treated with]  ENU,ZDB-FISH-990623-3,ZDB-FISH-990623-3,ZDB-PUB-060606-1
t31439,un-named t31439<sup>t31439</sup>,un-named t31439,unm t31439,unknown,not specified  [treated with]  ENU,ZDB-FISH-990623-3,ZDB-FISH-990623-3,ZDB-PUB-060606-1
t31440,un-named t31440<sup>t31440</sup>,un-named t31440,unm t31440,unknown,not specified  [treated with]  ENU,ZDB-FISH-990623-3,ZDB-FISH-990623-3,ZDB-PUB-060606-1
t31483,un-named t31483<sup>t31483</sup>,un-named t31483,unm t31483,unknown,not specified  [treated with]  ENU,ZDB-FISH-990623-3,ZDB-FISH-990623-3,ZDB-PUB-060606-1
t31484,un-named t31484<sup>t31484</sup>,un-named t31484,unm t31484,unknown,not specified  [treated with]  ENU,ZDB-FISH-990623-3,ZDB-FISH-990623-3,ZDB-PUB-060606-1
t31485,un-named t31485<sup>t31485</sup>,un-named t31485,unm t31485,unknown,not specified  [treated with]  ENU,ZDB-FISH-990623-3,ZDB-FISH-990623-3,ZDB-PUB-060606-1
t31486,un-named t31486<sup>t31486</sup>,un-named t31486,unm t31486,unknown,not specified  [treated with]  ENU,ZDB-FISH-990623-3,ZDB-FISH-990623-3,ZDB-PUB-060606-1
t31487,un-named t31487<sup>t31487</sup>,un-named t31487,unm t31487,unknown,not specified  [treated with]  ENU,ZDB-FISH-990623-3,ZDB-FISH-990623-3,ZDB-PUB-060606-1
t31488,un-named t31488<sup>t31488</sup>,un-named t31488,unm t31488,unknown,not specified  [treated with]  ENU,ZDB-FISH-990623-3,ZDB-FISH-990623-3,ZDB-PUB-060606-1
t31489,un-named t31489<sup>t31489</sup>,un-named t31489,unm t31489,unknown,not specified  [treated with]  ENU,ZDB-FISH-990623-3,ZDB-FISH-990623-3,ZDB-PUB-060606-1
t30760,un-named t30760<sup>t30760</sup>,un-named t30760,unm t30760,unknown,not specified  [treated with]  ENU,ZDB-FISH-990623-3,ZDB-FISH-990623-3,ZDB-PUB-060606-1
t30761,un-named t30761<sup>t30761</sup>,un-named t30761,unm t30761,unknown,not specified  [treated with]  ENU,ZDB-FISH-990623-3,ZDB-FISH-990623-3,ZDB-PUB-060606-1
t30763,un-named t30763<sup>t30763</sup>,un-named t30763,unm t30763,unknown,not specified  [treated with]  ENU,ZDB-FISH-990623-3,ZDB-FISH-990623-3,ZDB-PUB-060606-1
t30818,un-named t30818<sup>t30818</sup>,un-named t30818,unm t30818,unknown,not specified  [treated with]  ENU,ZDB-FISH-990623-3,ZDB-FISH-990623-3,ZDB-PUB-060606-1
t30824,un-named t30824<sup>t30824</sup>,un-named t30824,unm t30824,unknown,not specified  [treated with]  ENU,ZDB-FISH-990623-3,ZDB-FISH-990623-3,ZDB-PUB-060606-1
t30954,un-named t30954<sup>t30954</sup>,un-named t30954,unm t30954,unknown,not specified  [treated with]  ENU,ZDB-FISH-990623-3,ZDB-FISH-990623-3,ZDB-PUB-060606-1
t30981,un-named t30981<sup>t30981</sup>,un-named t30981,unm t30981,unknown,not specified  [treated with]  ENU,ZDB-FISH-990623-3,ZDB-FISH-990623-3,ZDB-PUB-060606-1
t31182,un-named t31182<sup>t31182</sup>,un-named t31182,unm t31182,unknown,not specified  [treated with]  ENU,ZDB-FISH-990623-3,ZDB-FISH-990623-3,ZDB-PUB-060606-1
t31306,un-named t31306<sup>t31306</sup>,un-named t31306,unm t31306,unknown,not specified  [treated with]  ENU,ZDB-FISH-990623-3,ZDB-FISH-990623-3,ZDB-PUB-060606-1
t31307,un-named t31307<sup>t31307</sup>,un-named t31307,unm t31307,unknown,not specified  [treated with]  ENU,ZDB-FISH-990623-3,ZDB-FISH-990623-3,ZDB-PUB-060606-1
t31418,un-named t31418<sup>t31418</sup>,un-named t31418,unm t31418,unknown,not specified  [treated with]  ENU,ZDB-FISH-990623-3,ZDB-FISH-990623-3,ZDB-PUB-060606-1
t31482,un-named t31482<sup>t31482</sup>,un-named t31482,unm t31482,unknown,not specified  [treated with]  ENU,ZDB-FISH-990623-3,ZDB-FISH-990623-3,ZDB-PUB-060606-1
t31304,un-named t31304<sup>t31304</sup>,un-named t31304,unm t31304,unknown,not specified  [treated with]  ENU,ZDB-FISH-990623-3,ZDB-FISH-990623-3,ZDB-PUB-060606-1
t31305,un-named t31305<sup>t31305</sup>,un-named t31305,unm t31305,unknown,not specified  [treated with]  ENU,ZDB-FISH-990623-3,ZDB-FISH-990623-3,ZDB-PUB-060606-1
t30993,un-named t30993<sup>t30993</sup>,un-named t30993,unm t30993,unknown,not specified  [treated with]  ENU,ZDB-FISH-990623-3,ZDB-FISH-990623-3,ZDB-PUB-060606-1
t30994,un-named t30994<sup>t30994</sup>,un-named t30994,unm t30994,unknown,not specified  [treated with]  ENU,ZDB-FISH-990623-3,ZDB-FISH-990623-3,ZDB-PUB-060606-1
t30995,un-named t30995<sup>t30995</sup>,un-named t30995,unm t30995,unknown,not specified  [treated with]  ENU,ZDB-FISH-990623-3,ZDB-FISH-990623-3,ZDB-PUB-060606-1
t30996,un-named t30996<sup>t30996</sup>,un-named t30996,unm t30996,unknown,not specified  [treated with]  ENU,ZDB-FISH-990623-3,ZDB-FISH-990623-3,ZDB-PUB-060606-1
t30997,un-named t30997<sup>t30997</sup>,un-named t30997,unm t30997,unknown,not specified  [treated with]  ENU,ZDB-FISH-990623-3,ZDB-FISH-990623-3,ZDB-PUB-060606-1
t31075,un-named t31075<sup>t31075</sup>,un-named t31075,unm t31075,unknown,not specified  [treated with]  ENU,ZDB-FISH-990623-3,ZDB-FISH-990623-3,ZDB-PUB-060606-1
t31076,un-named t31076<sup>t31076</sup>,un-named t31076,unm t31076,unknown,not specified  [treated with]  ENU,ZDB-FISH-990623-3,ZDB-FISH-990623-3,ZDB-PUB-060606-1
t31077,un-named t31077<sup>t31077</sup>,un-named t31077,unm t31077,unknown,not specified  [treated with]  ENU,ZDB-FISH-990623-3,ZDB-FISH-990623-3,ZDB-PUB-060606-1
t31109,un-named t31109<sup>t31109</sup>,un-named t31109,unm t31109,unknown,not specified  [treated with]  ENU,ZDB-FISH-990623-3,ZDB-FISH-990623-3,ZDB-PUB-060606-1
t31201,un-named t31201<sup>t31201</sup>,un-named t31201,unm t31201,unknown,not specified  [treated with]  ENU,ZDB-FISH-990623-3,ZDB-FISH-990623-3,ZDB-PUB-060606-1
t31202,un-named t31202<sup>t31202</sup>,un-named t31202,unm t31202,unknown,not specified  [treated with]  ENU,ZDB-FISH-990623-3,ZDB-FISH-990623-3,ZDB-PUB-060606-1
t31203,un-named t31203<sup>t31203</sup>,un-named t31203,unm t31203,unknown,not specified  [treated with]  ENU,ZDB-FISH-990623-3,ZDB-FISH-990623-3,ZDB-PUB-060606-1
t31442,un-named t31442<sup>t31442</sup>,un-named t31442,unm t31442,unknown,not specified  [treated with]  ENU,ZDB-FISH-990623-3,ZDB-FISH-990623-3,ZDB-PUB-060606-1
t31443,un-named t31443<sup>t31443</sup>,un-named t31443,unm t31443,unknown,not specified  [treated with]  ENU,ZDB-FISH-990623-3,ZDB-FISH-990623-3,ZDB-PUB-060606-1
t31444,un-named t31444<sup>t31444</sup>,un-named t31444,unm t31444,unknown,not specified  [treated with]  ENU,ZDB-FISH-990623-3,ZDB-FISH-990623-3,ZDB-PUB-060606-1
t31493,un-named t31493<sup>t31493</sup>,un-named t31493,unm t31493,unknown,not specified  [treated with]  ENU,ZDB-FISH-990623-3,ZDB-FISH-990623-3,ZDB-PUB-060606-1
t31130,un-named t31130<sup>t31130</sup>,un-named t31130,unm t31130,unknown,not specified  [treated with]  ENU,ZDB-FISH-990623-3,ZDB-FISH-990623-3,ZDB-PUB-060606-1
t31131,un-named t31131<sup>t31131</sup>,un-named t31131,unm t31131,unknown,not specified  [treated with]  ENU,ZDB-FISH-990623-3,ZDB-FISH-990623-3,ZDB-PUB-060606-1
t31134,un-named t31134<sup>t31134</sup>,un-named t31134,unm t31134,unknown,not specified  [treated with]  ENU,ZDB-FISH-990623-3,ZDB-FISH-990623-3,ZDB-PUB-060606-1
t31171,un-named t31171<sup>t31171</sup>,un-named t31171,unm t31171,unknown,not specified  [treated with]  ENU,ZDB-FISH-990623-3,ZDB-FISH-990623-3,ZDB-PUB-060606-1
t31173,un-named t31173<sup>t31173</sup>,un-named t31173,unm t31173,unknown,not specified  [treated with]  ENU,ZDB-FISH-990623-3,ZDB-FISH-990623-3,ZDB-PUB-060606-1
t31180,un-named t31180<sup>t31180</sup>,un-named t31180,unm t31180,unknown,not specified  [treated with]  ENU,ZDB-FISH-990623-3,ZDB-FISH-990623-3,ZDB-PUB-060606-1
t31016,un-named t31016<sup>t31016</sup>,un-named t31016,unm t31016,unknown,not specified  [treated with]  ENU,ZDB-FISH-990623-3,ZDB-FISH-990623-3,ZDB-PUB-060606-1
t31053,un-named t31053<sup>t31053</sup>,un-named t31053,unm t31053,unknown,not specified  [treated with]  ENU,ZDB-FISH-990623-3,ZDB-FISH-990623-3,ZDB-PUB-060606-1
t31089,un-named t31089<sup>t31089</sup>,un-named t31089,unm t31089,unknown,not specified  [treated with]  ENU,ZDB-FISH-990623-3,ZDB-FISH-990623-3,ZDB-PUB-060606-1
t31091,un-named t31091<sup>t31091</sup>,un-named t31091,unm t31091,unknown,not specified  [treated with]  ENU,ZDB-FISH-990623-3,ZDB-FISH-990623-3,ZDB-PUB-060606-1
t31115,un-named t31115<sup>t31115</sup>,un-named t31115,unm t31115,unknown,not specified  [treated with]  ENU,ZDB-FISH-990623-3,ZDB-FISH-990623-3,ZDB-PUB-060606-1
t31187,un-named t31187<sup>t31187</sup>,un-named t31187,unm t31187,unknown,not specified  [treated with]  ENU,ZDB-FISH-990623-3,ZDB-FISH-990623-3,ZDB-PUB-060606-1
t31188,un-named t31188<sup>t31188</sup>,un-named t31188,unm t31188,unknown,not specified  [treated with]  ENU,ZDB-FISH-990623-3,ZDB-FISH-990623-3,ZDB-PUB-060606-1
t31376,un-named t31376<sup>t31376</sup>,un-named t31376,unm t31376,unknown,not specified  [treated with]  ENU,ZDB-FISH-990623-3,ZDB-FISH-990623-3,ZDB-PUB-060606-1
t31416,un-named t31416<sup>t31416</sup>,un-named t31416,unm t31416,unknown,not specified  [treated with]  ENU,ZDB-FISH-990623-3,ZDB-FISH-990623-3,ZDB-PUB-060606-1
t31417,un-named t31417<sup>t31417</sup>,un-named t31417,unm t31417,unknown,not specified  [treated with]  ENU,ZDB-FISH-990623-3,ZDB-FISH-990623-3,ZDB-PUB-060606-1
t31425,un-named t31425<sup>t31425</sup>,un-named t31425,unm t31425,unknown,not specified  [treated with]  ENU,ZDB-FISH-990623-3,ZDB-FISH-990623-3,ZDB-PUB-060606-1
t31426,un-named t31426<sup>t31426</sup>,un-named t31426,unm t31426,unknown,not specified  [treated with]  ENU,ZDB-FISH-990623-3,ZDB-FISH-990623-3,ZDB-PUB-060606-1
t31427,un-named t31427<sup>t31427</sup>,un-named t31427,unm t31427,unknown,not specified  [treated with]  ENU,ZDB-FISH-990623-3,ZDB-FISH-990623-3,ZDB-PUB-060606-1
t31475,un-named t31475<sup>t31475</sup>,un-named t31475,unm t31475,unknown,not specified  [treated with]  ENU,ZDB-FISH-990623-3,ZDB-FISH-990623-3,ZDB-PUB-060606-1
t31296,un-named t31296<sup>t31296</sup>,un-named t31296,unm t31296,unknown,not specified  [treated with]  ENU,ZDB-FISH-990623-3,ZDB-FISH-990623-3,ZDB-PUB-060606-1
t31367,un-named t31367<sup>t31367</sup>,un-named t31367,unm t31367,unknown,not specified  [treated with]  ENU,ZDB-FISH-990623-3,ZDB-FISH-990623-3,ZDB-PUB-060606-1
t31368,un-named t31368<sup>t31368</sup>,un-named t31368,unm t31368,unknown,not specified  [treated with]  ENU,ZDB-FISH-990623-3,ZDB-FISH-990623-3,ZDB-PUB-060606-1
t31370,un-named t31370<sup>t31370</sup>,un-named t31370,unm t31370,unknown,not specified  [treated with]  ENU,ZDB-FISH-990623-3,ZDB-FISH-990623-3,ZDB-PUB-060606-1
t31371,un-named t31371<sup>t31371</sup>,un-named t31371,unm t31371,unknown,not specified  [treated with]  ENU,ZDB-FISH-990623-3,ZDB-FISH-990623-3,ZDB-PUB-060606-1
t31445,un-named t31445<sup>t31445</sup>,un-named t31445,unm t31445,unknown,not specified  [treated with]  ENU,ZDB-FISH-990623-3,ZDB-FISH-990623-3,ZDB-PUB-060606-1
t31448,un-named t31448<sup>t31448</sup>,un-named t31448,unm t31448,unknown,not specified  [treated with]  ENU,ZDB-FISH-990623-3,ZDB-FISH-990623-3,ZDB-PUB-060606-1
t31449,un-named t31449<sup>t31449</sup>,un-named t31449,unm t31449,unknown,not specified  [treated with]  ENU,ZDB-FISH-990623-3,ZDB-FISH-990623-3,ZDB-PUB-060606-1
t31530,un-named t31530<sup>t31530</sup>,un-named t31530,unm t31530,unknown,not specified  [treated with]  ENU,ZDB-FISH-990623-3,ZDB-FISH-990623-3,ZDB-PUB-060606-1
t31531,un-named t31531<sup>t31531</sup>,un-named t31531,unm t31531,unknown,not specified  [treated with]  ENU,ZDB-FISH-990623-3,ZDB-FISH-990623-3,ZDB-PUB-060606-1
t31532,un-named t31532<sup>t31532</sup>,un-named t31532,unm t31532,unknown,not specified  [treated with]  ENU,ZDB-FISH-990623-3,ZDB-FISH-990623-3,ZDB-PUB-060606-1
t31533,un-named t31533<sup>t31533</sup>,un-named t31533,unm t31533,unknown,not specified  [treated with]  ENU,ZDB-FISH-990623-3,ZDB-FISH-990623-3,ZDB-PUB-060606-1
t31559,un-named t31559<sup>t31559</sup>,un-named t31559,unm t31559,unknown,not specified  [treated with]  ENU,ZDB-FISH-990623-3,ZDB-FISH-990623-3,ZDB-PUB-060606-1
t30987,un-named t30987<sup>t30987</sup>,un-named t30987,unm t30987,unknown,not specified  [treated with]  ENU,ZDB-FISH-990623-3,ZDB-FISH-990623-3,ZDB-PUB-060606-1
t31065,un-named t31065<sup>t31065</sup>,un-named t31065,unm t31065,unknown,not specified  [treated with]  ENU,ZDB-FISH-990623-3,ZDB-FISH-990623-3,ZDB-PUB-060606-1
t31066,un-named t31066<sup>t31066</sup>,un-named t31066,unm t31066,unknown,not specified  [treated with]  ENU,ZDB-FISH-990623-3,ZDB-FISH-990623-3,ZDB-PUB-060606-1
t31068,un-named t31068<sup>t31068</sup>,un-named t31068,unm t31068,unknown,not specified  [treated with]  ENU,ZDB-FISH-990623-3,ZDB-FISH-990623-3,ZDB-PUB-060606-1
t31110,un-named t31110<sup>t31110</sup>,un-named t31110,unm t31110,unknown,not specified  [treated with]  ENU,ZDB-FISH-990623-3,ZDB-FISH-990623-3,ZDB-PUB-060606-1
t31111,un-named t31111<sup>t31111</sup>,un-named t31111,unm t31111,unknown,not specified  [treated with]  ENU,ZDB-FISH-990623-3,ZDB-FISH-990623-3,ZDB-PUB-060606-1
t31112,un-named t31112<sup>t31112</sup>,un-named t31112,unm t31112,unknown,not specified  [treated with]  ENU,ZDB-FISH-990623-3,ZDB-FISH-990623-3,ZDB-PUB-060606-1
t31113,un-named t31113<sup>t31113</sup>,un-named t31113,unm t31113,unknown,not specified  [treated with]  ENU,ZDB-FISH-990623-3,ZDB-FISH-990623-3,ZDB-PUB-060606-1
t31114,un-named t31114<sup>t31114</sup>,un-named t31114,unm t31114,unknown,not specified  [treated with]  ENU,ZDB-FISH-990623-3,ZDB-FISH-990623-3,ZDB-PUB-060606-1
t31152,un-named t31152<sup>t31152</sup>,un-named t31152,unm t31152,unknown,not specified  [treated with]  ENU,ZDB-FISH-990623-3,ZDB-FISH-990623-3,ZDB-PUB-060606-1
t31153,un-named t31153<sup>t31153</sup>,un-named t31153,unm t31153,unknown,not specified  [treated with]  ENU,ZDB-FISH-990623-3,ZDB-FISH-990623-3,ZDB-PUB-060606-1
t31155,un-named t31155<sup>t31155</sup>,un-named t31155,unm t31155,unknown,not specified  [treated with]  ENU,ZDB-FISH-990623-3,ZDB-FISH-990623-3,ZDB-PUB-060606-1
t30956,un-named t30956<sup>t30956</sup>,un-named t30956,unm t30956,unknown,not specified  [treated with]  ENU,ZDB-FISH-990623-3,ZDB-FISH-990623-3,ZDB-PUB-060606-1
t30957,un-named t30957<sup>t30957</sup>,un-named t30957,unm t30957,unknown,not specified  [treated with]  ENU,ZDB-FISH-990623-3,ZDB-FISH-990623-3,ZDB-PUB-060606-1
t30958,un-named t30958<sup>t30958</sup>,un-named t30958,unm t30958,unknown,not specified  [treated with]  ENU,ZDB-FISH-990623-3,ZDB-FISH-990623-3,ZDB-PUB-060606-1
t30959,un-named t30959<sup>t30959</sup>,un-named t30959,unm t30959,unknown,not specified  [treated with]  ENU,ZDB-FISH-990623-3,ZDB-FISH-990623-3,ZDB-PUB-060606-1
t30960,un-named t30960<sup>t30960</sup>,un-named t30960,unm t30960,unknown,not specified  [treated with]  ENU,ZDB-FISH-990623-3,ZDB-FISH-990623-3,ZDB-PUB-060606-1
t31070,un-named t31070<sup>t31070</sup>,un-named t31070,unm t31070,unknown,not specified  [treated with]  ENU,ZDB-FISH-990623-3,ZDB-FISH-990623-3,ZDB-PUB-060606-1
t31071,un-named t31071<sup>t31071</sup>,un-named t31071,unm t31071,unknown,not specified  [treated with]  ENU,ZDB-FISH-990623-3,ZDB-FISH-990623-3,ZDB-PUB-060606-1
t31072,un-named t31072<sup>t31072</sup>,un-named t31072,unm t31072,unknown,not specified  [treated with]  ENU,ZDB-FISH-990623-3,ZDB-FISH-990623-3,ZDB-PUB-060606-1
t31073,un-named t31073<sup>t31073</sup>,un-named t31073,unm t31073,unknown,not specified  [treated with]  ENU,ZDB-FISH-990623-3,ZDB-FISH-990623-3,ZDB-PUB-060606-1
t31074,un-named t31074<sup>t31074</sup>,un-named t31074,unm t31074,unknown,not specified  [treated with]  ENU,ZDB-FISH-990623-3,ZDB-FISH-990623-3,ZDB-PUB-060606-1
t31145,un-named t31145<sup>t31145</sup>,un-named t31145,unm t31145,unknown,not specified  [treated with]  ENU,ZDB-FISH-990623-3,ZDB-FISH-990623-3,ZDB-PUB-060606-1
t31147,un-named t31147<sup>t31147</sup>,un-named t31147,unm t31147,unknown,not specified  [treated with]  ENU,ZDB-FISH-990623-3,ZDB-FISH-990623-3,ZDB-PUB-060606-1
t31149,un-named t31149<sup>t31149</sup>,un-named t31149,unm t31149,unknown,not specified  [treated with]  ENU,ZDB-FISH-990623-3,ZDB-FISH-990623-3,ZDB-PUB-060606-1
t31151,un-named t31151<sup>t31151</sup>,un-named t31151,unm t31151,unknown,not specified  [treated with]  ENU,ZDB-FISH-990623-3,ZDB-FISH-990623-3,ZDB-PUB-060606-1
t30982,un-named t30982<sup>t30982</sup>,un-named t30982,unm t30982,unknown,not specified  [treated with]  ENU,ZDB-FISH-990623-3,ZDB-FISH-990623-3,ZDB-PUB-060606-1
t30983,un-named t30983<sup>t30983</sup>,un-named t30983,unm t30983,unknown,not specified  [treated with]  ENU,ZDB-FISH-990623-3,ZDB-FISH-990623-3,ZDB-PUB-060606-1
t30984,un-named t30984<sup>t30984</sup>,un-named t30984,unm t30984,unknown,not specified  [treated with]  ENU,ZDB-FISH-990623-3,ZDB-FISH-990623-3,ZDB-PUB-060606-1
t30985,un-named t30985<sup>t30985</sup>,un-named t30985,unm t30985,unknown,not specified  [treated with]  ENU,ZDB-FISH-990623-3,ZDB-FISH-990623-3,ZDB-PUB-060606-1
t30986,un-named t30986<sup>t30986</sup>,un-named t30986,unm t30986,unknown,not specified  [treated with]  ENU,ZDB-FISH-990623-3,ZDB-FISH-990623-3,ZDB-PUB-060606-1
t31046,un-named t31046<sup>t31046</sup>,un-named t31046,unm t31046,unknown,not specified  [treated with]  ENU,ZDB-FISH-990623-3,ZDB-FISH-990623-3,ZDB-PUB-060606-1
t31047,un-named t31047<sup>t31047</sup>,un-named t31047,unm t31047,unknown,not specified  [treated with]  ENU,ZDB-FISH-990623-3,ZDB-FISH-990623-3,ZDB-PUB-060606-1
t31048,un-named t31048<sup>t31048</sup>,un-named t31048,unm t31048,unknown,not specified  [treated with]  ENU,ZDB-FISH-990623-3,ZDB-FISH-990623-3,ZDB-PUB-060606-1
t31049,un-named t31049<sup>t31049</sup>,un-named t31049,unm t31049,unknown,not specified  [treated with]  ENU,ZDB-FISH-990623-3,ZDB-FISH-990623-3,ZDB-PUB-060606-1
t31050,un-named t31050<sup>t31050</sup>,un-named t31050,unm t31050,unknown,not specified  [treated with]  ENU,ZDB-FISH-990623-3,ZDB-FISH-990623-3,ZDB-PUB-060606-1
t31051,un-named t31051<sup>t31051</sup>,un-named t31051,unm t31051,unknown,not specified  [treated with]  ENU,ZDB-FISH-990623-3,ZDB-FISH-990623-3,ZDB-PUB-060606-1
t31102,un-named t31102<sup>t31102</sup>,un-named t31102,unm t31102,unknown,not specified  [treated with]  ENU,ZDB-FISH-990623-3,ZDB-FISH-990623-3,ZDB-PUB-060606-1
t31103,un-named t31103<sup>t31103</sup>,un-named t31103,unm t31103,unknown,not specified  [treated with]  ENU,ZDB-FISH-990623-3,ZDB-FISH-990623-3,ZDB-PUB-060606-1
t31104,un-named t31104<sup>t31104</sup>,un-named t31104,unm t31104,unknown,not specified  [treated with]  ENU,ZDB-FISH-990623-3,ZDB-FISH-990623-3,ZDB-PUB-060606-1
t31105,un-named t31105<sup>t31105</sup>,un-named t31105,unm t31105,unknown,not specified  [treated with]  ENU,ZDB-FISH-990623-3,ZDB-FISH-990623-3,ZDB-PUB-060606-1
t31106,un-named t31106<sup>t31106</sup>,un-named t31106,unm t31106,unknown,not specified  [treated with]  ENU,ZDB-FISH-990623-3,ZDB-FISH-990623-3,ZDB-PUB-060606-1
t31107,un-named t31107<sup>t31107</sup>,un-named t31107,unm t31107,unknown,not specified  [treated with]  ENU,ZDB-FISH-990623-3,ZDB-FISH-990623-3,ZDB-PUB-060606-1
t31138,un-named t31138<sup>t31138</sup>,un-named t31138,unm t31138,unknown,not specified  [treated with]  ENU,ZDB-FISH-990623-3,ZDB-FISH-990623-3,ZDB-PUB-060606-1
t31139,un-named t31139<sup>t31139</sup>,un-named t31139,unm t31139,unknown,not specified  [treated with]  ENU,ZDB-FISH-990623-3,ZDB-FISH-990623-3,ZDB-PUB-060606-1
t31140,un-named t31140<sup>t31140</sup>,un-named t31140,unm t31140,unknown,not specified  [treated with]  ENU,ZDB-FISH-990623-3,ZDB-FISH-990623-3,ZDB-PUB-060606-1
t31141,un-named t31141<sup>t31141</sup>,un-named t31141,unm t31141,unknown,not specified  [treated with]  ENU,ZDB-FISH-990623-3,ZDB-FISH-990623-3,ZDB-PUB-060606-1
t31200,un-named t31200<sup>t31200</sup>,un-named t31200,unm t31200,unknown,not specified  [treated with]  ENU,ZDB-FISH-990623-3,ZDB-FISH-990623-3,ZDB-PUB-060606-1
t31207,un-named t31207<sup>t31207</sup>,un-named t31207,unm t31207,unknown,not specified  [treated with]  ENU,ZDB-FISH-990623-3,ZDB-FISH-990623-3,ZDB-PUB-060606-1
t31209,un-named t31209<sup>t31209</sup>,un-named t31209,unm t31209,unknown,not specified  [treated with]  ENU,ZDB-FISH-990623-3,ZDB-FISH-990623-3,ZDB-PUB-060606-1
t31210,un-named t31210<sup>t31210</sup>,un-named t31210,unm t31210,unknown,not specified  [treated with]  ENU,ZDB-FISH-990623-3,ZDB-FISH-990623-3,ZDB-PUB-060606-1
t31218,un-named t31218<sup>t31218</sup>,un-named t31218,unm t31218,unknown,not specified  [treated with]  ENU,ZDB-FISH-990623-3,ZDB-FISH-990623-3,ZDB-PUB-060606-1
t31219,un-named t31219<sup>t31219</sup>,un-named t31219,unm t31219,unknown,not specified  [treated with]  ENU,ZDB-FISH-990623-3,ZDB-FISH-990623-3,ZDB-PUB-060606-1
t31220,un-named t31220<sup>t31220</sup>,un-named t31220,unm t31220,unknown,not specified  [treated with]  ENU,ZDB-FISH-990623-3,ZDB-FISH-990623-3,ZDB-PUB-060606-1
t31225,un-named t31225<sup>t31225</sup>,un-named t31225,unm t31225,unknown,not specified  [treated with]  ENU,ZDB-FISH-990623-3,ZDB-FISH-990623-3,ZDB-PUB-060606-1
t31226,un-named t31226<sup>t31226</sup>,un-named t31226,unm t31226,unknown,not specified  [treated with]  ENU,ZDB-FISH-990623-3,ZDB-FISH-990623-3,ZDB-PUB-060606-1
t31227,un-named t31227<sup>t31227</sup>,un-named t31227,unm t31227,unknown,not specified  [treated with]  ENU,ZDB-FISH-990623-3,ZDB-FISH-990623-3,ZDB-PUB-060606-1
t31228,un-named t31228<sup>t31228</sup>,un-named t31228,unm t31228,unknown,not specified  [treated with]  ENU,ZDB-FISH-990623-3,ZDB-FISH-990623-3,ZDB-PUB-060606-1
t31230,un-named t31230<sup>t31230</sup>,un-named t31230,unm t31230,unknown,not specified  [treated with]  ENU,ZDB-FISH-990623-3,ZDB-FISH-990623-3,ZDB-PUB-060606-1
t31232,un-named t31232<sup>t31232</sup>,un-named t31232,unm t31232,unknown,not specified  [treated with]  ENU,ZDB-FISH-990623-3,ZDB-FISH-990623-3,ZDB-PUB-060606-1
t31260,un-named t31260<sup>t31260</sup>,un-named t31260,unm t31260,unknown,not specified  [treated with]  ENU,ZDB-FISH-990623-3,ZDB-FISH-990623-3,ZDB-PUB-060606-1
t31263,un-named t31263<sup>t31263</sup>,un-named t31263,unm t31263,unknown,not specified  [treated with]  ENU,ZDB-FISH-990623-3,ZDB-FISH-990623-3,ZDB-PUB-060606-1
t31267,un-named t31267<sup>t31267</sup>,un-named t31267,unm t31267,unknown,not specified  [treated with]  ENU,ZDB-FISH-990623-3,ZDB-FISH-990623-3,ZDB-PUB-060606-1
t31269,un-named t31269<sup>t31269</sup>,un-named t31269,unm t31269,unknown,not specified  [treated with]  ENU,ZDB-FISH-990623-3,ZDB-FISH-990623-3,ZDB-PUB-060606-1
t31270,un-named t31270<sup>t31270</sup>,un-named t31270,unm t31270,unknown,not specified  [treated with]  ENU,ZDB-FISH-990623-3,ZDB-FISH-990623-3,ZDB-PUB-060606-1
t31276,un-named t31276<sup>t31276</sup>,un-named t31276,unm t31276,unknown,not specified  [treated with]  ENU,ZDB-FISH-990623-3,ZDB-FISH-990623-3,ZDB-PUB-060606-1
t31278,un-named t31278<sup>t31278</sup>,un-named t31278,unm t31278,unknown,not specified  [treated with]  ENU,ZDB-FISH-990623-3,ZDB-FISH-990623-3,ZDB-PUB-060606-1
t31281,un-named t31281<sup>t31281</sup>,un-named t31281,unm t31281,unknown,not specified  [treated with]  ENU,ZDB-FISH-990623-3,ZDB-FISH-990623-3,ZDB-PUB-060606-1
t31282,un-named t31282<sup>t31282</sup>,un-named t31282,unm t31282,unknown,not specified  [treated with]  ENU,ZDB-FISH-990623-3,ZDB-FISH-990623-3,ZDB-PUB-060606-1
t31283,un-named t31283<sup>t31283</sup>,un-named t31283,unm t31283,unknown,not specified  [treated with]  ENU,ZDB-FISH-990623-3,ZDB-FISH-990623-3,ZDB-PUB-060606-1
t31317,un-named t31317<sup>t31317</sup>,un-named t31317,unm t31317,unknown,not specified  [treated with]  ENU,ZDB-FISH-990623-3,ZDB-FISH-990623-3,ZDB-PUB-060606-1
t31319,un-named t31319<sup>t31319</sup>,un-named t31319,unm t31319,unknown,not specified  [treated with]  ENU,ZDB-FISH-990623-3,ZDB-FISH-990623-3,ZDB-PUB-060606-1
t31320,un-named t31320<sup>t31320</sup>,un-named t31320,unm t31320,unknown,not specified  [treated with]  ENU,ZDB-FISH-990623-3,ZDB-FISH-990623-3,ZDB-PUB-060606-1
t31321,un-named t31321<sup>t31321</sup>,un-named t31321,unm t31321,unknown,not specified  [treated with]  ENU,ZDB-FISH-990623-3,ZDB-FISH-990623-3,ZDB-PUB-060606-1
t31322,un-named t31322<sup>t31322</sup>,un-named t31322,unm t31322,unknown,not specified  [treated with]  ENU,ZDB-FISH-990623-3,ZDB-FISH-990623-3,ZDB-PUB-060606-1
t31324,un-named t31324<sup>t31324</sup>,un-named t31324,unm t31324,unknown,not specified  [treated with]  ENU,ZDB-FISH-990623-3,ZDB-FISH-990623-3,ZDB-PUB-060606-1
t31325,un-named t31325<sup>t31325</sup>,un-named t31325,unm t31325,unknown,not specified  [treated with]  ENU,ZDB-FISH-990623-3,ZDB-FISH-990623-3,ZDB-PUB-060606-1
t31362,un-named t31362<sup>t31362</sup>,un-named t31362,unm t31362,unknown,not specified  [treated with]  ENU,ZDB-FISH-990623-3,ZDB-FISH-990623-3,ZDB-PUB-060606-1
t31363,un-named t31363<sup>t31363</sup>,un-named t31363,unm t31363,unknown,not specified  [treated with]  ENU,ZDB-FISH-990623-3,ZDB-FISH-990623-3,ZDB-PUB-060606-1
t31364,un-named t31364<sup>t31364</sup>,un-named t31364,unm t31364,unknown,not specified  [treated with]  ENU,ZDB-FISH-990623-3,ZDB-FISH-990623-3,ZDB-PUB-060606-1
t31365,un-named t31365<sup>t31365</sup>,un-named t31365,unm t31365,unknown,not specified  [treated with]  ENU,ZDB-FISH-990623-3,ZDB-FISH-990623-3,ZDB-PUB-060606-1
t31401,un-named t31401<sup>t31401</sup>,un-named t31401,unm t31401,unknown,not specified  [treated with]  ENU,ZDB-FISH-990623-3,ZDB-FISH-990623-3,ZDB-PUB-060606-1
t31402,un-named t31402<sup>t31402</sup>,un-named t31402,unm t31402,unknown,not specified  [treated with]  ENU,ZDB-FISH-990623-3,ZDB-FISH-990623-3,ZDB-PUB-060606-1
t31404,un-named t31404<sup>t31404</sup>,un-named t31404,unm t31404,unknown,not specified  [treated with]  ENU,ZDB-FISH-990623-3,ZDB-FISH-990623-3,ZDB-PUB-060606-1
t31405,un-named t31405<sup>t31405</sup>,un-named t31405,unm t31405,unknown,not specified  [treated with]  ENU,ZDB-FISH-990623-3,ZDB-FISH-990623-3,ZDB-PUB-060606-1
t31407,un-named t31407<sup>t31407</sup>,un-named t31407,unm t31407,unknown,not specified  [treated with]  ENU,ZDB-FISH-990623-3,ZDB-FISH-990623-3,ZDB-PUB-060606-1
t31408,un-named t31408<sup>t31408</sup>,un-named t31408,unm t31408,unknown,not specified  [treated with]  ENU,ZDB-FISH-990623-3,ZDB-FISH-990623-3,ZDB-PUB-060606-1
t31428,un-named t31428<sup>t31428</sup>,un-named t31428,unm t31428,unknown,not specified  [treated with]  ENU,ZDB-FISH-990623-3,ZDB-FISH-990623-3,ZDB-PUB-060606-1
t31429,un-named t31429<sup>t31429</sup>,un-named t31429,unm t31429,unknown,not specified  [treated with]  ENU,ZDB-FISH-990623-3,ZDB-FISH-990623-3,ZDB-PUB-060606-1
t31430,un-named t31430<sup>t31430</sup>,un-named t31430,unm t31430,unknown,not specified  [treated with]  ENU,ZDB-FISH-990623-3,ZDB-FISH-990623-3,ZDB-PUB-060606-1
t31478,un-named t31478<sup>t31478</sup>,un-named t31478,unm t31478,unknown,not specified  [treated with]  ENU,ZDB-FISH-990623-3,ZDB-FISH-990623-3,ZDB-PUB-060606-1
t31479,un-named t31479<sup>t31479</sup>,un-named t31479,unm t31479,unknown,not specified  [treated with]  ENU,ZDB-FISH-990623-3,ZDB-FISH-990623-3,ZDB-PUB-060606-1
t31480,un-named t31480<sup>t31480</sup>,un-named t31480,unm t31480,unknown,not specified  [treated with]  ENU,ZDB-FISH-990623-3,ZDB-FISH-990623-3,ZDB-PUB-060606-1
t31506,un-named t31506<sup>t31506</sup>,un-named t31506,unm t31506,unknown,not specified  [treated with]  ENU,ZDB-FISH-990623-3,ZDB-FISH-990623-3,ZDB-PUB-060606-1
t31507,un-named t31507<sup>t31507</sup>,un-named t31507,unm t31507,unknown,not specified  [treated with]  ENU,ZDB-FISH-990623-3,ZDB-FISH-990623-3,ZDB-PUB-060606-1
t31508,un-named t31508<sup>t31508</sup>,un-named t31508,unm t31508,unknown,not specified  [treated with]  ENU,ZDB-FISH-990623-3,ZDB-FISH-990623-3,ZDB-PUB-060606-1
t31509,un-named t31509<sup>t31509</sup>,un-named t31509,unm t31509,unknown,not specified  [treated with]  ENU,ZDB-FISH-990623-3,ZDB-FISH-990623-3,ZDB-PUB-060606-1
t31510,un-named t31510<sup>t31510</sup>,un-named t31510,unm t31510,unknown,not specified  [treated with]  ENU,ZDB-FISH-990623-3,ZDB-FISH-990623-3,ZDB-PUB-060606-1
t31191,un-named t31191<sup>t31191</sup>,un-named t31191,unm t31191,unknown,not specified  [treated with]  ENU,ZDB-FISH-990623-3,ZDB-FISH-990623-3,ZDB-PUB-060606-1
t31192,un-named t31192<sup>t31192</sup>,un-named t31192,unm t31192,unknown,not specified  [treated with]  ENU,ZDB-FISH-990623-3,ZDB-FISH-990623-3,ZDB-PUB-060606-1
t31193,un-named t31193<sup>t31193</sup>,un-named t31193,unm t31193,unknown,not specified  [treated with]  ENU,ZDB-FISH-990623-3,ZDB-FISH-990623-3,ZDB-PUB-060606-1
t31194,un-named t31194<sup>t31194</sup>,un-named t31194,unm t31194,unknown,not specified  [treated with]  ENU,ZDB-FISH-990623-3,ZDB-FISH-990623-3,ZDB-PUB-060606-1
t31195,un-named t31195<sup>t31195</sup>,un-named t31195,unm t31195,unknown,not specified  [treated with]  ENU,ZDB-FISH-990623-3,ZDB-FISH-990623-3,ZDB-PUB-060606-1
t31196,un-named t31196<sup>t31196</sup>,un-named t31196,unm t31196,unknown,not specified  [treated with]  ENU,ZDB-FISH-990623-3,ZDB-FISH-990623-3,ZDB-PUB-060606-1
t31197,un-named t31197<sup>t31197</sup>,un-named t31197,unm t31197,unknown,not specified  [treated with]  ENU,ZDB-FISH-990623-3,ZDB-FISH-990623-3,ZDB-PUB-060606-1
t31198,un-named t31198<sup>t31198</sup>,un-named t31198,unm t31198,unknown,not specified  [treated with]  ENU,ZDB-FISH-990623-3,ZDB-FISH-990623-3,ZDB-PUB-060606-1
t31199,un-named t31199<sup>t31199</sup>,un-named t31199,unm t31199,unknown,not specified  [treated with]  ENU,ZDB-FISH-990623-3,ZDB-FISH-990623-3,ZDB-PUB-060606-1
t31290,un-named t31290<sup>t31290</sup>,un-named t31290,unm t31290,unknown,not specified  [treated with]  ENU,ZDB-FISH-990623-3,ZDB-FISH-990623-3,ZDB-PUB-060606-1
t31291,un-named t31291<sup>t31291</sup>,un-named t31291,unm t31291,unknown,not specified  [treated with]  ENU,ZDB-FISH-990623-3,ZDB-FISH-990623-3,ZDB-PUB-060606-1
t31292,un-named t31292<sup>t31292</sup>,un-named t31292,unm t31292,unknown,not specified  [treated with]  ENU,ZDB-FISH-990623-3,ZDB-FISH-990623-3,ZDB-PUB-060606-1
t31293,un-named t31293<sup>t31293</sup>,un-named t31293,unm t31293,unknown,not specified  [treated with]  ENU,ZDB-FISH-990623-3,ZDB-FISH-990623-3,ZDB-PUB-060606-1
t31294,un-named t31294<sup>t31294</sup>,un-named t31294,unm t31294,unknown,not specified  [treated with]  ENU,ZDB-FISH-990623-3,ZDB-FISH-990623-3,ZDB-PUB-060606-1
t31339,un-named t31339<sup>t31339</sup>,un-named t31339,unm t31339,unknown,not specified  [treated with]  ENU,ZDB-FISH-990623-3,ZDB-FISH-990623-3,ZDB-PUB-060606-1
t31340,un-named t31340<sup>t31340</sup>,un-named t31340,unm t31340,unknown,not specified  [treated with]  ENU,ZDB-FISH-990623-3,ZDB-FISH-990623-3,ZDB-PUB-060606-1
t31341,un-named t31341<sup>t31341</sup>,un-named t31341,unm t31341,unknown,not specified  [treated with]  ENU,ZDB-FISH-990623-3,ZDB-FISH-990623-3,ZDB-PUB-060606-1
t31342,un-named t31342<sup>t31342</sup>,un-named t31342,unm t31342,unknown,not specified  [treated with]  ENU,ZDB-FISH-990623-3,ZDB-FISH-990623-3,ZDB-PUB-060606-1
t31343,un-named t31343<sup>t31343</sup>,un-named t31343,unm t31343,unknown,not specified  [treated with]  ENU,ZDB-FISH-990623-3,ZDB-FISH-990623-3,ZDB-PUB-060606-1
t31344,un-named t31344<sup>t31344</sup>,un-named t31344,unm t31344,unknown,not specified  [treated with]  ENU,ZDB-FISH-990623-3,ZDB-FISH-990623-3,ZDB-PUB-060606-1
t31345,un-named t31345<sup>t31345</sup>,un-named t31345,unm t31345,unknown,not specified  [treated with]  ENU,ZDB-FISH-990623-3,ZDB-FISH-990623-3,ZDB-PUB-060606-1
t31346,un-named t31346<sup>t31346</sup>,un-named t31346,unm t31346,unknown,not specified  [treated with]  ENU,ZDB-FISH-990623-3,ZDB-FISH-990623-3,ZDB-PUB-060606-1
t31347,un-named t31347<sup>t31347</sup>,un-named t31347,unm t31347,unknown,not specified  [treated with]  ENU,ZDB-FISH-990623-3,ZDB-FISH-990623-3,ZDB-PUB-060606-1
t31348,un-named t31348<sup>t31348</sup>,un-named t31348,unm t31348,unknown,not specified  [treated with]  ENU,ZDB-FISH-990623-3,ZDB-FISH-990623-3,ZDB-PUB-060606-1
t31349,un-named t31349<sup>t31349</sup>,un-named t31349,unm t31349,unknown,not specified  [treated with]  ENU,ZDB-FISH-990623-3,ZDB-FISH-990623-3,ZDB-PUB-060606-1
t31350,un-named t31350<sup>t31350</sup>,un-named t31350,unm t31350,unknown,not specified  [treated with]  ENU,ZDB-FISH-990623-3,ZDB-FISH-990623-3,ZDB-PUB-060606-1
t31351,un-named t31351<sup>t31351</sup>,un-named t31351,unm t31351,unknown,not specified  [treated with]  ENU,ZDB-FISH-990623-3,ZDB-FISH-990623-3,ZDB-PUB-060606-1
t31377,un-named t31377<sup>t31377</sup>,un-named t31377,unm t31377,unknown,not specified  [treated with]  ENU,ZDB-FISH-990623-3,ZDB-FISH-990623-3,ZDB-PUB-060606-1
t31378,un-named t31378<sup>t31378</sup>,un-named t31378,unm t31378,unknown,not specified  [treated with]  ENU,ZDB-FISH-990623-3,ZDB-FISH-990623-3,ZDB-PUB-060606-1
t31379,un-named t31379<sup>t31379</sup>,un-named t31379,unm t31379,unknown,not specified  [treated with]  ENU,ZDB-FISH-990623-3,ZDB-FISH-990623-3,ZDB-PUB-060606-1
t31380,un-named t31380<sup>t31380</sup>,un-named t31380,unm t31380,unknown,not specified  [treated with]  ENU,ZDB-FISH-990623-3,ZDB-FISH-990623-3,ZDB-PUB-060606-1
t31381,un-named t31381<sup>t31381</sup>,un-named t31381,unm t31381,unknown,not specified  [treated with]  ENU,ZDB-FISH-990623-3,ZDB-FISH-990623-3,ZDB-PUB-060606-1
t31382,un-named t31382<sup>t31382</sup>,un-named t31382,unm t31382,unknown,not specified  [treated with]  ENU,ZDB-FISH-990623-3,ZDB-FISH-990623-3,ZDB-PUB-060606-1
t31383,un-named t31383<sup>t31383</sup>,un-named t31383,unm t31383,unknown,not specified  [treated with]  ENU,ZDB-FISH-990623-3,ZDB-FISH-990623-3,ZDB-PUB-060606-1
t31395,un-named t31395<sup>t31395</sup>,un-named t31395,unm t31395,unknown,not specified  [treated with]  ENU,ZDB-FISH-990623-3,ZDB-FISH-990623-3,ZDB-PUB-060606-1
t31396,un-named t31396<sup>t31396</sup>,un-named t31396,unm t31396,unknown,not specified  [treated with]  ENU,ZDB-FISH-990623-3,ZDB-FISH-990623-3,ZDB-PUB-060606-1
t31397,un-named t31397<sup>t31397</sup>,un-named t31397,unm t31397,unknown,not specified  [treated with]  ENU,ZDB-FISH-990623-3,ZDB-FISH-990623-3,ZDB-PUB-060606-1
t31398,un-named t31398<sup>t31398</sup>,un-named t31398,unm t31398,unknown,not specified  [treated with]  ENU,ZDB-FISH-990623-3,ZDB-FISH-990623-3,ZDB-PUB-060606-1
t31399,un-named t31399<sup>t31399</sup>,un-named t31399,unm t31399,unknown,not specified  [treated with]  ENU,ZDB-FISH-990623-3,ZDB-FISH-990623-3,ZDB-PUB-060606-1
t31400,un-named t31400<sup>t31400</sup>,un-named t31400,unm t31400,unknown,not specified  [treated with]  ENU,ZDB-FISH-990623-3,ZDB-FISH-990623-3,ZDB-PUB-060606-1
t31432,un-named t31432<sup>t31432</sup>,un-named t31432,unm t31432,unknown,not specified  [treated with]  ENU,ZDB-FISH-990623-3,ZDB-FISH-990623-3,ZDB-PUB-060606-1
t31433,un-named t31433<sup>t31433</sup>,un-named t31433,unm t31433,unknown,not specified  [treated with]  ENU,ZDB-FISH-990623-3,ZDB-FISH-990623-3,ZDB-PUB-060606-1
t31434,un-named t31434<sup>t31434</sup>,un-named t31434,unm t31434,unknown,not specified  [treated with]  ENU,ZDB-FISH-990623-3,ZDB-FISH-990623-3,ZDB-PUB-060606-1
t31454,un-named t31454<sup>t31454</sup>,un-named t31454,unm t31454,unknown,not specified  [treated with]  ENU,ZDB-FISH-990623-3,ZDB-FISH-990623-3,ZDB-PUB-060606-1
t31455,un-named t31455<sup>t31455</sup>,un-named t31455,unm t31455,unknown,not specified  [treated with]  ENU,ZDB-FISH-990623-3,ZDB-FISH-990623-3,ZDB-PUB-060606-1
t31456,un-named t31456<sup>t31456</sup>,un-named t31456,unm t31456,unknown,not specified  [treated with]  ENU,ZDB-FISH-990623-3,ZDB-FISH-990623-3,ZDB-PUB-060606-1
t31457,un-named t31457<sup>t31457</sup>,un-named t31457,unm t31457,unknown,not specified  [treated with]  ENU,ZDB-FISH-990623-3,ZDB-FISH-990623-3,ZDB-PUB-060606-1
t31458,un-named t31458<sup>t31458</sup>,un-named t31458,unm t31458,unknown,not specified  [treated with]  ENU,ZDB-FISH-990623-3,ZDB-FISH-990623-3,ZDB-PUB-060606-1
t31459,un-named t31459<sup>t31459</sup>,un-named t31459,unm t31459,unknown,not specified  [treated with]  ENU,ZDB-FISH-990623-3,ZDB-FISH-990623-3,ZDB-PUB-060606-1
t31460,un-named t31460<sup>t31460</sup>,un-named t31460,unm t31460,unknown,not specified  [treated with]  ENU,ZDB-FISH-990623-3,ZDB-FISH-990623-3,ZDB-PUB-060606-1
t31461,un-named t31461<sup>t31461</sup>,un-named t31461,unm t31461,unknown,not specified  [treated with]  ENU,ZDB-FISH-990623-3,ZDB-FISH-990623-3,ZDB-PUB-060606-1
t31462,un-named t31462<sup>t31462</sup>,un-named t31462,unm t31462,unknown,not specified  [treated with]  ENU,ZDB-FISH-990623-3,ZDB-FISH-990623-3,ZDB-PUB-060606-1
t31463,un-named t31463<sup>t31463</sup>,un-named t31463,unm t31463,unknown,not specified  [treated with]  ENU,ZDB-FISH-990623-3,ZDB-FISH-990623-3,ZDB-PUB-060606-1
t31464,un-named t31464<sup>t31464</sup>,un-named t31464,unm t31464,unknown,not specified  [treated with]  ENU,ZDB-FISH-990623-3,ZDB-FISH-990623-3,ZDB-PUB-060606-1
t31465,un-named t31465<sup>t31465</sup>,un-named t31465,unm t31465,unknown,not specified  [treated with]  ENU,ZDB-FISH-990623-3,ZDB-FISH-990623-3,ZDB-PUB-060606-1
t31466,un-named t31466<sup>t31466</sup>,un-named t31466,unm t31466,unknown,not specified  [treated with]  ENU,ZDB-FISH-990623-3,ZDB-FISH-990623-3,ZDB-PUB-060606-1
t31467,un-named t31467<sup>t31467</sup>,un-named t31467,unm t31467,unknown,not specified  [treated with]  ENU,ZDB-FISH-990623-3,ZDB-FISH-990623-3,ZDB-PUB-060606-1
t31468,un-named t31468<sup>t31468</sup>,un-named t31468,unm t31468,unknown,not specified  [treated with]  ENU,ZDB-FISH-990623-3,ZDB-FISH-990623-3,ZDB-PUB-060606-1
t31469,un-named t31469<sup>t31469</sup>,un-named t31469,unm t31469,unknown,not specified  [treated with]  ENU,ZDB-FISH-990623-3,ZDB-FISH-990623-3,ZDB-PUB-060606-1
t31470,un-named t31470<sup>t31470</sup>,un-named t31470,unm t31470,unknown,not specified  [treated with]  ENU,ZDB-FISH-990623-3,ZDB-FISH-990623-3,ZDB-PUB-060606-1
t31471,un-named t31471<sup>t31471</sup>,un-named t31471,unm t31471,unknown,not specified  [treated with]  ENU,ZDB-FISH-990623-3,ZDB-FISH-990623-3,ZDB-PUB-060606-1
t31472,un-named t31472<sup>t31472</sup>,un-named t31472,unm t31472,unknown,not specified  [treated with]  ENU,ZDB-FISH-990623-3,ZDB-FISH-990623-3,ZDB-PUB-060606-1
t31473,un-named t31473<sup>t31473</sup>,un-named t31473,unm t31473,unknown,not specified  [treated with]  ENU,ZDB-FISH-990623-3,ZDB-FISH-990623-3,ZDB-PUB-060606-1
t31512,un-named t31512<sup>t31512</sup>,un-named t31512,unm t31512,unknown,not specified  [treated with]  ENU,ZDB-FISH-990623-3,ZDB-FISH-990623-3,ZDB-PUB-060606-1
t31513,un-named t31513<sup>t31513</sup>,un-named t31513,unm t31513,unknown,not specified  [treated with]  ENU,ZDB-FISH-990623-3,ZDB-FISH-990623-3,ZDB-PUB-060606-1
t31514,un-named t31514<sup>t31514</sup>,un-named t31514,unm t31514,unknown,not specified  [treated with]  ENU,ZDB-FISH-990623-3,ZDB-FISH-990623-3,ZDB-PUB-060606-1
t31515,un-named t31515<sup>t31515</sup>,un-named t31515,unm t31515,unknown,not specified  [treated with]  ENU,ZDB-FISH-990623-3,ZDB-FISH-990623-3,ZDB-PUB-060606-1
t31516,un-named t31516<sup>t31516</sup>,un-named t31516,unm t31516,unknown,not specified  [treated with]  ENU,ZDB-FISH-990623-3,ZDB-FISH-990623-3,ZDB-PUB-060606-1
t31517,un-named t31517<sup>t31517</sup>,un-named t31517,unm t31517,unknown,not specified  [treated with]  ENU,ZDB-FISH-990623-3,ZDB-FISH-990623-3,ZDB-PUB-060606-1
t31518,un-named t31518<sup>t31518</sup>,un-named t31518,unm t31518,unknown,not specified  [treated with]  ENU,ZDB-FISH-990623-3,ZDB-FISH-990623-3,ZDB-PUB-060606-1
t31519,un-named t31519<sup>t31519</sup>,un-named t31519,unm t31519,unknown,not specified  [treated with]  ENU,ZDB-FISH-990623-3,ZDB-FISH-990623-3,ZDB-PUB-060606-1
t31520,un-named t31520<sup>t31520</sup>,un-named t31520,unm t31520,unknown,not specified  [treated with]  ENU,ZDB-FISH-990623-3,ZDB-FISH-990623-3,ZDB-PUB-060606-1
t31521,un-named t31521<sup>t31521</sup>,un-named t31521,unm t31521,unknown,not specified  [treated with]  ENU,ZDB-FISH-990623-3,ZDB-FISH-990623-3,ZDB-PUB-060606-1
t31522,un-named t31522<sup>t31522</sup>,un-named t31522,unm t31522,unknown,not specified  [treated with]  ENU,ZDB-FISH-990623-3,ZDB-FISH-990623-3,ZDB-PUB-060606-1
t31523,un-named t31523<sup>t31523</sup>,un-named t31523,unm t31523,unknown,not specified  [treated with]  ENU,ZDB-FISH-990623-3,ZDB-FISH-990623-3,ZDB-PUB-060606-1
t31524,un-named t31524<sup>t31524</sup>,un-named t31524,unm t31524,unknown,not specified  [treated with]  ENU,ZDB-FISH-990623-3,ZDB-FISH-990623-3,ZDB-PUB-060606-1
t31525,un-named t31525<sup>t31525</sup>,un-named t31525,unm t31525,unknown,not specified  [treated with]  ENU,ZDB-FISH-990623-3,ZDB-FISH-990623-3,ZDB-PUB-060606-1
t31526,un-named t31526<sup>t31526</sup>,un-named t31526,unm t31526,unknown,not specified  [treated with]  ENU,ZDB-FISH-990623-3,ZDB-FISH-990623-3,ZDB-PUB-060606-1
t31527,un-named t31527<sup>t31527</sup>,un-named t31527,unm t31527,unknown,not specified  [treated with]  ENU,ZDB-FISH-990623-3,ZDB-FISH-990623-3,ZDB-PUB-060606-1
t31528,un-named t31528<sup>t31528</sup>,un-named t31528,unm t31528,unknown,not specified  [treated with]  ENU,ZDB-FISH-990623-3,ZDB-FISH-990623-3,ZDB-PUB-060606-1
t31529,un-named t31529<sup>t31529</sup>,un-named t31529,unm t31529,unknown,not specified  [treated with]  ENU,ZDB-FISH-990623-3,ZDB-FISH-990623-3,ZDB-PUB-060606-1
t31028,un-named t31028<sup>t31028</sup>,un-named t31028,unm t31028,unknown,not specified  [treated with]  ENU,ZDB-FISH-990623-3,ZDB-FISH-990623-3,ZDB-PUB-060606-1
t31030,un-named t31030<sup>t31030</sup>,un-named t31030,unm t31030,unknown,not specified  [treated with]  ENU,ZDB-FISH-990623-3,ZDB-FISH-990623-3,ZDB-PUB-060606-1
t31031,un-named t31031<sup>t31031</sup>,un-named t31031,unm t31031,unknown,not specified  [treated with]  ENU,ZDB-FISH-990623-3,ZDB-FISH-990623-3,ZDB-PUB-060606-1
t31032,un-named t31032<sup>t31032</sup>,un-named t31032,unm t31032,unknown,not specified  [treated with]  ENU,ZDB-FISH-990623-3,ZDB-FISH-990623-3,ZDB-PUB-060606-1
t31033,un-named t31033<sup>t31033</sup>,un-named t31033,unm t31033,unknown,not specified  [treated with]  ENU,ZDB-FISH-990623-3,ZDB-FISH-990623-3,ZDB-PUB-060606-1
t31035,un-named t31035<sup>t31035</sup>,un-named t31035,unm t31035,unknown,not specified  [treated with]  ENU,ZDB-FISH-990623-3,ZDB-FISH-990623-3,ZDB-PUB-060606-1
t31036,un-named t31036<sup>t31036</sup>,un-named t31036,unm t31036,unknown,not specified  [treated with]  ENU,ZDB-FISH-990623-3,ZDB-FISH-990623-3,ZDB-PUB-060606-1
t31037,un-named t31037<sup>t31037</sup>,un-named t31037,unm t31037,unknown,not specified  [treated with]  ENU,ZDB-FISH-990623-3,ZDB-FISH-990623-3,ZDB-PUB-060606-1
t31038,un-named t31038<sup>t31038</sup>,un-named t31038,unm t31038,unknown,not specified  [treated with]  ENU,ZDB-FISH-990623-3,ZDB-FISH-990623-3,ZDB-PUB-060606-1
t31052,un-named t31052<sup>t31052</sup>,un-named t31052,unm t31052,unknown,not specified  [treated with]  ENU,ZDB-FISH-990623-3,ZDB-FISH-990623-3,ZDB-PUB-060606-1
t31298,un-named t31298<sup>t31298</sup>,un-named t31298,unm t31298,unknown,not specified  [treated with]  ENU,ZDB-FISH-990623-3,ZDB-FISH-990623-3,ZDB-PUB-060606-1
t31299,un-named t31299<sup>t31299</sup>,un-named t31299,unm t31299,unknown,not specified  [treated with]  ENU,ZDB-FISH-990623-3,ZDB-FISH-990623-3,ZDB-PUB-060606-1
t31374,un-named t31374<sup>t31374</sup>,un-named t31374,unm t31374,unknown,not specified  [treated with]  ENU,ZDB-FISH-990623-3,ZDB-FISH-990623-3,ZDB-PUB-060606-1
t31419,un-named t31419<sup>t31419</sup>,un-named t31419,unm t31419,unknown,not specified  [treated with]  ENU,ZDB-FISH-990623-3,ZDB-FISH-990623-3,ZDB-PUB-060606-1
t31420,un-named t31420<sup>t31420</sup>,un-named t31420,unm t31420,unknown,not specified  [treated with]  ENU,ZDB-FISH-990623-3,ZDB-FISH-990623-3,ZDB-PUB-060606-1
t31495,un-named t31495<sup>t31495</sup>,un-named t31495,unm t31495,unknown,not specified  [treated with]  ENU,ZDB-FISH-990623-3,ZDB-FISH-990623-3,ZDB-PUB-060606-1
t31496,un-named t31496<sup>t31496</sup>,un-named t31496,unm t31496,unknown,not specified  [treated with]  ENU,ZDB-FISH-990623-3,ZDB-FISH-990623-3,ZDB-PUB-060606-1
t31497,un-named t31497<sup>t31497</sup>,un-named t31497,unm t31497,unknown,not specified  [treated with]  ENU,ZDB-FISH-990623-3,ZDB-FISH-990623-3,ZDB-PUB-060606-1
t31498,un-named t31498<sup>t31498</sup>,un-named t31498,unm t31498,unknown,not specified  [treated with]  ENU,ZDB-FISH-990623-3,ZDB-FISH-990623-3,ZDB-PUB-060606-1
t31499,un-named t31499<sup>t31499</sup>,un-named t31499,unm t31499,unknown,not specified  [treated with]  ENU,ZDB-FISH-990623-3,ZDB-FISH-990623-3,ZDB-PUB-060606-1
t31500,un-named t31500<sup>t31500</sup>,un-named t31500,unm t31500,unknown,not specified  [treated with]  ENU,ZDB-FISH-990623-3,ZDB-FISH-990623-3,ZDB-PUB-060606-1
t31501,un-named t31501<sup>t31501</sup>,un-named t31501,unm t31501,unknown,not specified  [treated with]  ENU,ZDB-FISH-990623-3,ZDB-FISH-990623-3,ZDB-PUB-060606-1
t31502,un-named t31502<sup>t31502</sup>,un-named t31502,unm t31502,unknown,not specified  [treated with]  ENU,ZDB-FISH-990623-3,ZDB-FISH-990623-3,ZDB-PUB-060606-1
t31560,un-named t31560<sup>t31560</sup>,un-named t31560,unm t31560,unknown,not specified  [treated with]  ENU,ZDB-FISH-990623-3,ZDB-FISH-990623-3,ZDB-PUB-060606-1
t31773,un-named t31773<sup>t31773</sup>,un-named t31773,unm t31773,unknown,not specified  [treated with]  ENU,ZDB-FISH-990623-3,ZDB-FISH-990623-3,ZDB-PUB-060606-1
t30955,un-named t30955<sup>t30955</sup>,un-named t30955,unm t30955,unknown,not specified  [treated with]  ENU,ZDB-FISH-990623-3,ZDB-FISH-990623-3,ZDB-PUB-060606-1
t31022,un-named t31022<sup>t31022</sup>,un-named t31022,unm t31022,unknown,not specified  [treated with]  ENU,ZDB-FISH-990623-3,ZDB-FISH-990623-3,ZDB-PUB-060606-1
t31023,un-named t31023<sup>t31023</sup>,un-named t31023,unm t31023,unknown,not specified  [treated with]  ENU,ZDB-FISH-990623-3,ZDB-FISH-990623-3,ZDB-PUB-060606-1
t31098,un-named t31098<sup>t31098</sup>,un-named t31098,unm t31098,unknown,not specified  [treated with]  ENU,ZDB-FISH-990623-3,ZDB-FISH-990623-3,ZDB-PUB-060606-1
t31099,un-named t31099<sup>t31099</sup>,un-named t31099,unm t31099,unknown,not specified  [treated with]  ENU,ZDB-FISH-990623-3,ZDB-FISH-990623-3,ZDB-PUB-060606-1
t31143,un-named t31143<sup>t31143</sup>,un-named t31143,unm t31143,unknown,not specified  [treated with]  ENU,ZDB-FISH-990623-3,ZDB-FISH-990623-3,ZDB-PUB-060606-1
t31144,un-named t31144<sup>t31144</sup>,un-named t31144,unm t31144,unknown,not specified  [treated with]  ENU,ZDB-FISH-990623-3,ZDB-FISH-990623-3,ZDB-PUB-060606-1
t31146,un-named t31146<sup>t31146</sup>,un-named t31146,unm t31146,unknown,not specified  [treated with]  ENU,ZDB-FISH-990623-3,ZDB-FISH-990623-3,ZDB-PUB-060606-1
t31148,un-named t31148<sup>t31148</sup>,un-named t31148,unm t31148,unknown,not specified  [treated with]  ENU,ZDB-FISH-990623-3,ZDB-FISH-990623-3,ZDB-PUB-060606-1
t31166,un-named t31166<sup>t31166</sup>,un-named t31166,unm t31166,unknown,not specified  [treated with]  ENU,ZDB-FISH-990623-3,ZDB-FISH-990623-3,ZDB-PUB-060606-1
t31167,un-named t31167<sup>t31167</sup>,un-named t31167,unm t31167,unknown,not specified  [treated with]  ENU,ZDB-FISH-990623-3,ZDB-FISH-990623-3,ZDB-PUB-060606-1
t31168,un-named t31168<sup>t31168</sup>,un-named t31168,unm t31168,unknown,not specified  [treated with]  ENU,ZDB-FISH-990623-3,ZDB-FISH-990623-3,ZDB-PUB-060606-1
t31169,un-named t31169<sup>t31169</sup>,un-named t31169,unm t31169,unknown,not specified  [treated with]  ENU,ZDB-FISH-990623-3,ZDB-FISH-990623-3,ZDB-PUB-060606-1
t31243,un-named t31243<sup>t31243</sup>,un-named t31243,unm t31243,unknown,not specified  [treated with]  ENU,ZDB-FISH-990623-3,ZDB-FISH-990623-3,ZDB-PUB-060606-1
t31245,un-named t31245<sup>t31245</sup>,un-named t31245,unm t31245,unknown,not specified  [treated with]  ENU,ZDB-FISH-990623-3,ZDB-FISH-990623-3,ZDB-PUB-060606-1
t31246,un-named t31246<sup>t31246</sup>,un-named t31246,unm t31246,unknown,not specified  [treated with]  ENU,ZDB-FISH-990623-3,ZDB-FISH-990623-3,ZDB-PUB-060606-1
t31248,un-named t31248<sup>t31248</sup>,un-named t31248,unm t31248,unknown,not specified  [treated with]  ENU,ZDB-FISH-990623-3,ZDB-FISH-990623-3,ZDB-PUB-060606-1
t31252,un-named t31252<sup>t31252</sup>,un-named t31252,unm t31252,unknown,not specified  [treated with]  ENU,ZDB-FISH-990623-3,ZDB-FISH-990623-3,ZDB-PUB-060606-1
t31253,un-named t31253<sup>t31253</sup>,un-named t31253,unm t31253,unknown,not specified  [treated with]  ENU,ZDB-FISH-990623-3,ZDB-FISH-990623-3,ZDB-PUB-060606-1
t31254,un-named t31254<sup>t31254</sup>,un-named t31254,unm t31254,unknown,not specified  [treated with]  ENU,ZDB-FISH-990623-3,ZDB-FISH-990623-3,ZDB-PUB-060606-1
t31255,un-named t31255<sup>t31255</sup>,un-named t31255,unm t31255,unknown,not specified  [treated with]  ENU,ZDB-FISH-990623-3,ZDB-FISH-990623-3,ZDB-PUB-060606-1
t31258,un-named t31258<sup>t31258</sup>,un-named t31258,unm t31258,unknown,not specified  [treated with]  ENU,ZDB-FISH-990623-3,ZDB-FISH-990623-3,ZDB-PUB-060606-1
t31259,un-named t31259<sup>t31259</sup>,un-named t31259,unm t31259,unknown,not specified  [treated with]  ENU,ZDB-FISH-990623-3,ZDB-FISH-990623-3,ZDB-PUB-060606-1
t31261,un-named t31261<sup>t31261</sup>,un-named t31261,unm t31261,unknown,not specified  [treated with]  ENU,ZDB-FISH-990623-3,ZDB-FISH-990623-3,ZDB-PUB-060606-1
t31264,un-named t31264<sup>t31264</sup>,un-named t31264,unm t31264,unknown,not specified  [treated with]  ENU,ZDB-FISH-990623-3,ZDB-FISH-990623-3,ZDB-PUB-060606-1
t31268,un-named t31268<sup>t31268</sup>,un-named t31268,unm t31268,unknown,not specified  [treated with]  ENU,ZDB-FISH-990623-3,ZDB-FISH-990623-3,ZDB-PUB-060606-1
t31273,un-named t31273<sup>t31273</sup>,un-named t31273,unm t31273,unknown,not specified  [treated with]  ENU,ZDB-FISH-990623-3,ZDB-FISH-990623-3,ZDB-PUB-060606-1
t31393,un-named t31393<sup>t31393</sup>,un-named t31393,unm t31393,unknown,not specified  [treated with]  ENU,ZDB-FISH-990623-3,ZDB-FISH-990623-3,ZDB-PUB-060606-1
t31534,un-named t31534<sup>t31534</sup>,un-named t31534,unm t31534,unknown,not specified  [treated with]  ENU,ZDB-FISH-990623-3,ZDB-FISH-990623-3,ZDB-PUB-060606-1
t31535,un-named t31535<sup>t31535</sup>,un-named t31535,unm t31535,unknown,not specified  [treated with]  ENU,ZDB-FISH-990623-3,ZDB-FISH-990623-3,ZDB-PUB-060606-1
t31536,un-named t31536<sup>t31536</sup>,un-named t31536,unm t31536,unknown,not specified  [treated with]  ENU,ZDB-FISH-990623-3,ZDB-FISH-990623-3,ZDB-PUB-060606-1
