t31213,Unknown,Unknown,GO:0006954,,,PATO:0000001,abnormal
t31214,Unknown,Unknown,GO:0006954,,,PATO:0000001,abnormal
t31215,Unknown,Unknown,GO:0006954,,,PATO:0000001,abnormal
t31216,Unknown,Unknown,GO:0006954,,,PATO:0000001,abnormal
t31242,Unknown,Unknown,GO:0006954,,,PATO:0000001,abnormal
t31301,Unknown,Unknown,GO:0006954,,,PATO:0000001,abnormal
t31302,Unknown,Unknown,GO:0006954,,,PATO:0000001,abnormal
t31303,Unknown,Unknown,GO:0006954,,,PATO:0000001,abnormal
t31310,Unknown,Unknown,GO:0006954,,,PATO:0000001,abnormal
t31311,Unknown,Unknown,GO:0006954,,,PATO:0000001,abnormal
t31312,Unknown,Unknown,GO:0006954,,,PATO:0000001,abnormal
t31352,Unknown,Unknown,GO:0006954,,,PATO:0000001,abnormal
t31386,Unknown,Unknown,GO:0006954,,,PATO:0000001,abnormal
t31387,Unknown,Unknown,GO:0006954,,,PATO:0000001,abnormal
t31388,Unknown,Unknown,GO:0006954,,,PATO:0000001,abnormal
t31389,Unknown,Unknown,GO:0006954,,,PATO:0000001,abnormal
t31390,Unknown,Unknown,GO:0006954,,,PATO:0000001,abnormal
t31391,Unknown,Unknown,GO:0006954,,,PATO:0000001,abnormal
t31392,Unknown,Unknown,GO:0006954,,,PATO:0000001,abnormal
t31421,Unknown,Unknown,GO:0006954,,,PATO:0000001,abnormal
t31422,Unknown,Unknown,GO:0006954,,,PATO:0000001,abnormal
t31423,Unknown,Unknown,GO:0006954,,,PATO:0000001,abnormal
t31453,Unknown,Unknown,GO:0006954,,,PATO:0000001,abnormal
t31503,Unknown,Unknown,GO:0006954,,,PATO:0000001,abnormal
t31504,Unknown,Unknown,GO:0006954,,,PATO:0000001,abnormal
t31505,Unknown,Unknown,GO:0006954,,,PATO:0000001,abnormal
t31017,Unknown,Unknown,GO:0048143,,,PATO:0000001,abnormal
t31018,Unknown,Unknown,GO:0048143,,,PATO:0000001,abnormal
t31019,Unknown,Unknown,GO:0048143,,,PATO:0000001,abnormal
t31090,Unknown,Unknown,GO:0048143,,,PATO:0000001,abnormal
t31164,Unknown,Unknown,GO:0048143,,,PATO:0000001,abnormal
t31474,Unknown,Unknown,GO:0048143,,,PATO:0000001,abnormal
t31476,Unknown,Unknown,GO:0048143,,,PATO:0000001,abnormal
t31477,Unknown,Unknown,GO:0048143,,,PATO:0000001,abnormal
t31008,Unknown,Unknown,GO:0007420,,,PATO:0000001,abnormal
t31009,Unknown,Unknown,GO:0007420,,,PATO:0000001,abnormal
t31010,Unknown,Unknown,GO:0007420,,,PATO:0000001,abnormal
t31011,Unknown,Unknown,GO:0007420,,,PATO:0000001,abnormal
t31087,Unknown,Unknown,GO:0007420,,,PATO:0000001,abnormal
t31154,Unknown,Unknown,GO:0007420,,,PATO:0000001,abnormal
t31156,Unknown,Unknown,GO:0007420,,,PATO:0000001,abnormal
t31288,Unknown,Unknown,GO:0007420,,,PATO:0000001,abnormal
t31289,Unknown,Unknown,GO:0007420,,,PATO:0000001,abnormal
t31337,Unknown,Unknown,GO:0007420,,,PATO:0000001,abnormal
t31338,Unknown,Unknown,GO:0007420,,,PATO:0000001,abnormal
t31414,Unknown,Unknown,GO:0007420,,,PATO:0000001,abnormal
t31415,Unknown,Unknown,GO:0007420,,,PATO:0000001,abnormal
t31435,Unknown,Unknown,GO:0007420,,,PATO:0000001,abnormal
t31436,Unknown,Unknown,GO:0007420,,,PATO:0000001,abnormal
t31490,Unknown,Unknown,GO:0007420,,,PATO:0000001,abnormal
t31492,Unknown,Unknown,GO:0007420,,,PATO:0000001,abnormal
t31000,Unknown,Unknown,GO:0042060,,,PATO:0000001,abnormal
t31001,Unknown,Unknown,GO:0042060,,,PATO:0000001,abnormal
t31006,Unknown,Unknown,GO:0042060,,,PATO:0000001,abnormal
t31079,Unknown,Unknown,GO:0042060,,,PATO:0000001,abnormal
t31080,Unknown,Unknown,GO:0042060,,,PATO:0000001,abnormal
t31082,Unknown,Unknown,GO:0042060,,,PATO:0000001,abnormal
t31084,Unknown,Unknown,GO:0042060,,,PATO:0000001,abnormal
t31085,Unknown,Unknown,GO:0042060,,,PATO:0000001,abnormal
t31119,Unknown,Unknown,GO:0042060,,,PATO:0000001,abnormal
t31159,Unknown,Unknown,GO:0042060,,,PATO:0000001,abnormal
t31160,Unknown,Unknown,GO:0042060,,,PATO:0000001,abnormal
t31161,Unknown,Unknown,GO:0042060,,,PATO:0000001,abnormal
t31185,Unknown,Unknown,GO:0042060,,,PATO:0000001,abnormal
t31186,Unknown,Unknown,GO:0042060,,,PATO:0000001,abnormal
t31284,Unknown,Unknown,GO:0042060,,,PATO:0000001,abnormal
t31285,Unknown,Unknown,GO:0042060,,,PATO:0000001,abnormal
t31327,Unknown,Unknown,GO:0042060,,,PATO:0000001,abnormal
t31412,Unknown,Unknown,GO:0042060,,,PATO:0000001,abnormal
t31437,Unknown,Unknown,GO:0042060,,,PATO:0000001,abnormal
t31438,Unknown,Unknown,GO:0042060,,,PATO:0000001,abnormal
t31439,Unknown,Unknown,GO:0042060,,,PATO:0000001,abnormal
t31440,Unknown,Unknown,GO:0042060,,,PATO:0000001,abnormal
t31483,Unknown,Unknown,GO:0042060,,,PATO:0000001,abnormal
t31484,Unknown,Unknown,GO:0042060,,,PATO:0000001,abnormal
t31485,Unknown,Unknown,GO:0042060,,,PATO:0000001,abnormal
t31486,Unknown,Unknown,GO:0042060,,,PATO:0000001,abnormal
t31487,Unknown,Unknown,GO:0042060,,,PATO:0000001,abnormal
t31488,Unknown,Unknown,GO:0042060,,,PATO:0000001,abnormal
t31489,Unknown,Unknown,GO:0042060,,,PATO:0000001,abnormal
t30760,Unknown,Unknown,GO:0043473,,,PATO:0000001,abnormal
t30761,Unknown,Unknown,GO:0043473,,,PATO:0000001,abnormal
t30763,Unknown,Unknown,GO:0043473,,,PATO:0000001,abnormal
t30818,Unknown,Unknown,GO:0043473,,,PATO:0000001,abnormal
t30824,Unknown,Unknown,GO:0043473,,,PATO:0000001,abnormal
t30954,Unknown,Unknown,GO:0043473,,,PATO:0000001,abnormal
t30981,Unknown,Unknown,GO:0043473,,,PATO:0000001,abnormal
t31182,Unknown,Unknown,GO:0043473,,,PATO:0000001,abnormal
t31306,Unknown,Unknown,GO:0043473,,,PATO:0000001,abnormal
t31307,Unknown,Unknown,GO:0043473,,,PATO:0000001,abnormal
t31418,Unknown,Unknown,GO:0043473,,,PATO:0000001,abnormal
t31482,Unknown,Unknown,GO:0043473,,,PATO:0000001,abnormal
t31304,Unknown,Unknown,GO:0009913,,,PATO:0000001,abnormal
t31305,Unknown,Unknown,GO:0009913,,,PATO:0000001,abnormal
t30993,Unknown,Unknown,GO:0009913,,,PATO:0000001,abnormal
t30994,Unknown,Unknown,GO:0009913,,,PATO:0000001,abnormal
t30995,Unknown,Unknown,GO:0009913,,,PATO:0000001,abnormal
t30996,Unknown,Unknown,GO:0009913,,,PATO:0000001,abnormal
t30997,Unknown,Unknown,GO:0009913,,,PATO:0000001,abnormal
t31075,Unknown,Unknown,GO:0009913,,,PATO:0000001,abnormal
t31076,Unknown,Unknown,GO:0009913,,,PATO:0000001,abnormal
t31077,Unknown,Unknown,GO:0009913,,,PATO:0000001,abnormal
t31109,Unknown,Unknown,GO:0009913,,,PATO:0000001,abnormal
t31201,Unknown,Unknown,GO:0009913,,,PATO:0000001,abnormal
t31202,Unknown,Unknown,GO:0009913,,,PATO:0000001,abnormal
t31203,Unknown,Unknown,GO:0009913,,,PATO:0000001,abnormal
t31442,Unknown,Unknown,GO:0009913,,,PATO:0000001,abnormal
t31443,Unknown,Unknown,GO:0009913,,,PATO:0000001,abnormal
t31444,Unknown,Unknown,GO:0009913,,,PATO:0000001,abnormal
t31493,Unknown,Unknown,GO:0009913,,,PATO:0000001,abnormal
t31130,Unknown,Unknown,GO:0007507,,,PATO:0000001,abnormal
t31131,Unknown,Unknown,GO:0007507,,,PATO:0000001,abnormal
t31134,Unknown,Unknown,GO:0007507,,,PATO:0000001,abnormal
t31171,Unknown,Unknown,GO:0007507,,,PATO:0000001,abnormal
t31173,Unknown,Unknown,GO:0007507,,,PATO:0000001,abnormal
t31180,Unknown,Unknown,GO:0007507,,,PATO:0000001,abnormal
t31016,Unknown,Unknown,GO:0030070,,,PATO:0000001,abnormal
t31053,Unknown,Unknown,GO:0030070,,,PATO:0000001,abnormal
t31089,Unknown,Unknown,GO:0030070,,,PATO:0000001,abnormal
t31091,Unknown,Unknown,GO:0030070,,,PATO:0000001,abnormal
t31115,Unknown,Unknown,GO:0030070,,,PATO:0000001,abnormal
t31187,Unknown,Unknown,GO:0030070,,,PATO:0000001,abnormal
t31188,Unknown,Unknown,GO:0030070,,,PATO:0000001,abnormal
t31376,Unknown,Unknown,GO:0030070,,,PATO:0000001,abnormal
t31416,Unknown,Unknown,GO:0030070,,,PATO:0000001,abnormal
t31417,Unknown,Unknown,GO:0030070,,,PATO:0000001,abnormal
t31425,Unknown,Unknown,GO:0030070,,,PATO:0000001,abnormal
t31426,Unknown,Unknown,GO:0030070,,,PATO:0000001,abnormal
t31427,Unknown,Unknown,GO:0030070,,,PATO:0000001,abnormal
t31475,Unknown,Unknown,GO:0030070,,,PATO:0000001,abnormal
t31296,Unknown,Unknown,GO:0008406,,,PATO:0000001,abnormal
t31367,Unknown,Unknown,GO:0008406,,,PATO:0000001,abnormal
t31368,Unknown,Unknown,GO:0008406,,,PATO:0000001,abnormal
t31370,Unknown,Unknown,GO:0008406,,,PATO:0000001,abnormal
t31371,Unknown,Unknown,GO:0008406,,,PATO:0000001,abnormal
t31445,Unknown,Unknown,GO:0008406,,,PATO:0000001,abnormal
t31448,Unknown,Unknown,GO:0008406,,,PATO:0000001,abnormal
t31449,Unknown,Unknown,GO:0008406,,,PATO:0000001,abnormal
t31530,Unknown,Unknown,GO:0008406,,,PATO:0000001,abnormal
t31531,Unknown,Unknown,GO:0008406,,,PATO:0000001,abnormal
t31532,Unknown,Unknown,GO:0008406,,,PATO:0000001,abnormal
t31533,Unknown,Unknown,GO:0008406,,,PATO:0000001,abnormal
t31559,Unknown,Unknown,GO:0008406,,,PATO:0000001,abnormal
t30987,Unknown,Unknown,GO:0042752,,,PATO:0000001,abnormal
t31065,Unknown,Unknown,GO:0042752,,,PATO:0000001,abnormal
t31066,Unknown,Unknown,GO:0042752,,,PATO:0000001,abnormal
t31068,Unknown,Unknown,GO:0042752,,,PATO:0000001,abnormal
t31110,Unknown,Unknown,GO:0042752,,,PATO:0000001,abnormal
t31111,Unknown,Unknown,GO:0042752,,,PATO:0000001,abnormal
t31112,Unknown,Unknown,GO:0042752,,,PATO:0000001,abnormal
t31113,Unknown,Unknown,GO:0042752,,,PATO:0000001,abnormal
t31114,Unknown,Unknown,GO:0042752,,,PATO:0000001,abnormal
t31152,Unknown,Unknown,GO:0042752,,,PATO:0000001,abnormal
t31153,Unknown,Unknown,GO:0042752,,,PATO:0000001,abnormal
t31155,Unknown,Unknown,GO:0042752,,,PATO:0000001,abnormal
t30956,Unknown,Unknown,GO:0016477,,,PATO:0000001,abnormal
t30957,Unknown,Unknown,GO:0016477,,,PATO:0000001,abnormal
t30958,Unknown,Unknown,GO:0016477,,,PATO:0000001,abnormal
t30959,Unknown,Unknown,GO:0016477,,,PATO:0000001,abnormal
t30960,Unknown,Unknown,GO:0016477,,,PATO:0000001,abnormal
t31070,Unknown,Unknown,GO:0016477,,,PATO:0000001,abnormal
t31071,Unknown,Unknown,GO:0016477,,,PATO:0000001,abnormal
t31072,Unknown,Unknown,GO:0016477,,,PATO:0000001,abnormal
t31073,Unknown,Unknown,GO:0016477,,,PATO:0000001,abnormal
t31074,Unknown,Unknown,GO:0016477,,,PATO:0000001,abnormal
t31145,Unknown,Unknown,GO:0016477,,,PATO:0000001,abnormal
t31147,Unknown,Unknown,GO:0016477,,,PATO:0000001,abnormal
t31149,Unknown,Unknown,GO:0016477,,,PATO:0000001,abnormal
t31151,Unknown,Unknown,GO:0016477,,,PATO:0000001,abnormal
t30982,Unknown,Unknown,GO:0006955,,,PATO:0000001,abnormal
t30983,Unknown,Unknown,GO:0006955,,,PATO:0000001,abnormal
t30984,Unknown,Unknown,GO:0006955,,,PATO:0000001,abnormal
t30985,Unknown,Unknown,GO:0006955,,,PATO:0000001,abnormal
t30986,Unknown,Unknown,GO:0006955,,,PATO:0000001,abnormal
t31046,Unknown,Unknown,GO:0006955,,,PATO:0000001,abnormal
t31047,Unknown,Unknown,GO:0006955,,,PATO:0000001,abnormal
t31048,Unknown,Unknown,GO:0006955,,,PATO:0000001,abnormal
t31049,Unknown,Unknown,GO:0006955,,,PATO:0000001,abnormal
t31050,Unknown,Unknown,GO:0006955,,,PATO:0000001,abnormal
t31051,Unknown,Unknown,GO:0006955,,,PATO:0000001,abnormal
t31102,Unknown,Unknown,GO:0006955,,,PATO:0000001,abnormal
t31103,Unknown,Unknown,GO:0006955,,,PATO:0000001,abnormal
t31104,Unknown,Unknown,GO:0006955,,,PATO:0000001,abnormal
t31105,Unknown,Unknown,GO:0006955,,,PATO:0000001,abnormal
t31106,Unknown,Unknown,GO:0006955,,,PATO:0000001,abnormal
t31107,Unknown,Unknown,GO:0006955,,,PATO:0000001,abnormal
t31138,Unknown,Unknown,GO:0006955,,,PATO:0000001,abnormal
t31139,Unknown,Unknown,GO:0006955,,,PATO:0000001,abnormal
t31140,Unknown,Unknown,GO:0006955,,,PATO:0000001,abnormal
t31141,Unknown,Unknown,GO:0006955,,,PATO:0000001,abnormal
t31200,Unknown,Unknown,GO:0009612,,,PATO:0000001,abnormal
t31207,Unknown,Unknown,GO:0009612,,,PATO:0000001,abnormal
t31209,Unknown,Unknown,GO:0009612,,,PATO:0000001,abnormal
t31210,Unknown,Unknown,GO:0009612,,,PATO:0000001,abnormal
t31218,Unknown,Unknown,GO:0009612,,,PATO:0000001,abnormal
t31219,Unknown,Unknown,GO:0009612,,,PATO:0000001,abnormal
t31220,Unknown,Unknown,GO:0009612,,,PATO:0000001,abnormal
t31225,Unknown,Unknown,GO:0009612,,,PATO:0000001,abnormal
t31226,Unknown,Unknown,GO:0009612,,,PATO:0000001,abnormal
t31227,Unknown,Unknown,GO:0009612,,,PATO:0000001,abnormal
t31228,Unknown,Unknown,GO:0009612,,,PATO:0000001,abnormal
t31230,Unknown,Unknown,GO:0009612,,,PATO:0000001,abnormal
t31232,Unknown,Unknown,GO:0009612,,,PATO:0000001,abnormal
t31260,Unknown,Unknown,GO:0009612,,,PATO:0000001,abnormal
t31263,Unknown,Unknown,GO:0009612,,,PATO:0000001,abnormal
t31267,Unknown,Unknown,GO:0009612,,,PATO:0000001,abnormal
t31269,Unknown,Unknown,GO:0009612,,,PATO:0000001,abnormal
t31270,Unknown,Unknown,GO:0009612,,,PATO:0000001,abnormal
t31276,Unknown,Unknown,GO:0009612,,,PATO:0000001,abnormal
t31278,Unknown,Unknown,GO:0009612,,,PATO:0000001,abnormal
t31281,Unknown,Unknown,GO:0009612,,,PATO:0000001,abnormal
t31282,Unknown,Unknown,GO:0009612,,,PATO:0000001,abnormal
t31283,Unknown,Unknown,GO:0009612,,,PATO:0000001,abnormal
t31317,Unknown,Unknown,GO:0009612,,,PATO:0000001,abnormal
t31319,Unknown,Unknown,GO:0009612,,,PATO:0000001,abnormal
t31320,Unknown,Unknown,GO:0009612,,,PATO:0000001,abnormal
t31321,Unknown,Unknown,GO:0009612,,,PATO:0000001,abnormal
t31322,Unknown,Unknown,GO:0009612,,,PATO:0000001,abnormal
t31324,Unknown,Unknown,GO:0009612,,,PATO:0000001,abnormal
t31325,Unknown,Unknown,GO:0009612,,,PATO:0000001,abnormal
t31362,Unknown,Unknown,GO:0009612,,,PATO:0000001,abnormal
t31363,Unknown,Unknown,GO:0009612,,,PATO:0000001,abnormal
t31364,Unknown,Unknown,GO:0009612,,,PATO:0000001,abnormal
t31365,Unknown,Unknown,GO:0009612,,,PATO:0000001,abnormal
t31401,Unknown,Unknown,GO:0009612,,,PATO:0000001,abnormal
t31402,Unknown,Unknown,GO:0009612,,,PATO:0000001,abnormal
t31404,Unknown,Unknown,GO:0009612,,,PATO:0000001,abnormal
t31405,Unknown,Unknown,GO:0009612,,,PATO:0000001,abnormal
t31407,Unknown,Unknown,GO:0009612,,,PATO:0000001,abnormal
t31408,Unknown,Unknown,GO:0009612,,,PATO:0000001,abnormal
t31428,Unknown,Unknown,GO:0009612,,,PATO:0000001,abnormal
t31429,Unknown,Unknown,GO:0009612,,,PATO:0000001,abnormal
t31430,Unknown,Unknown,GO:0009612,,,PATO:0000001,abnormal
t31478,Unknown,Unknown,GO:0009612,,,PATO:0000001,abnormal
t31479,Unknown,Unknown,GO:0009612,,,PATO:0000001,abnormal
t31480,Unknown,Unknown,GO:0009612,,,PATO:0000001,abnormal
t31506,Unknown,Unknown,GO:0009612,,,PATO:0000001,abnormal
t31507,Unknown,Unknown,GO:0009612,,,PATO:0000001,abnormal
t31508,Unknown,Unknown,GO:0009612,,,PATO:0000001,abnormal
t31509,Unknown,Unknown,GO:0009612,,,PATO:0000001,abnormal
t31510,Unknown,Unknown,GO:0009612,,,PATO:0000001,abnormal
t31191,Unknown,Unknown,GO:0042692,,,PATO:0000001,abnormal
t31192,Unknown,Unknown,GO:0042692,,,PATO:0000001,abnormal
t31193,Unknown,Unknown,GO:0042692,,,PATO:0000001,abnormal
t31194,Unknown,Unknown,GO:0042692,,,PATO:0000001,abnormal
t31195,Unknown,Unknown,GO:0042692,,,PATO:0000001,abnormal
t31196,Unknown,Unknown,GO:0042692,,,PATO:0000001,abnormal
t31197,Unknown,Unknown,GO:0042692,,,PATO:0000001,abnormal
t31198,Unknown,Unknown,GO:0042692,,,PATO:0000001,abnormal
t31199,Unknown,Unknown,GO:0042692,,,PATO:0000001,abnormal
t31290,Unknown,Unknown,GO:0042692,,,PATO:0000001,abnormal
t31291,Unknown,Unknown,GO:0042692,,,PATO:0000001,abnormal
t31292,Unknown,Unknown,GO:0042692,,,PATO:0000001,abnormal
t31293,Unknown,Unknown,GO:0042692,,,PATO:0000001,abnormal
t31294,Unknown,Unknown,GO:0042692,,,PATO:0000001,abnormal
t31339,Unknown,Unknown,GO:0042692,,,PATO:0000001,abnormal
t31340,Unknown,Unknown,GO:0042692,,,PATO:0000001,abnormal
t31341,Unknown,Unknown,GO:0042692,,,PATO:0000001,abnormal
t31342,Unknown,Unknown,GO:0042692,,,PATO:0000001,abnormal
t31343,Unknown,Unknown,GO:0042692,,,PATO:0000001,abnormal
t31344,Unknown,Unknown,GO:0042692,,,PATO:0000001,abnormal
t31345,Unknown,Unknown,GO:0042692,,,PATO:0000001,abnormal
t31346,Unknown,Unknown,GO:0042692,,,PATO:0000001,abnormal
t31347,Unknown,Unknown,GO:0042692,,,PATO:0000001,abnormal
t31348,Unknown,Unknown,GO:0042692,,,PATO:0000001,abnormal
t31349,Unknown,Unknown,GO:0042692,,,PATO:0000001,abnormal
t31350,Unknown,Unknown,GO:0042692,,,PATO:0000001,abnormal
t31351,Unknown,Unknown,GO:0042692,,,PATO:0000001,abnormal
t31377,Unknown,Unknown,GO:0042692,,,PATO:0000001,abnormal
t31378,Unknown,Unknown,GO:0042692,,,PATO:0000001,abnormal
t31379,Unknown,Unknown,GO:0042692,,,PATO:0000001,abnormal
t31380,Unknown,Unknown,GO:0042692,,,PATO:0000001,abnormal
t31381,Unknown,Unknown,GO:0042692,,,PATO:0000001,abnormal
t31382,Unknown,Unknown,GO:0042692,,,PATO:0000001,abnormal
t31383,Unknown,Unknown,GO:0042692,,,PATO:0000001,abnormal
t31395,Unknown,Unknown,GO:0042692,,,PATO:0000001,abnormal
t31396,Unknown,Unknown,GO:0042692,,,PATO:0000001,abnormal
t31397,Unknown,Unknown,GO:0042692,,,PATO:0000001,abnormal
t31398,Unknown,Unknown,GO:0042692,,,PATO:0000001,abnormal
t31399,Unknown,Unknown,GO:0042692,,,PATO:0000001,abnormal
t31400,Unknown,Unknown,GO:0042692,,,PATO:0000001,abnormal
t31432,Unknown,Unknown,GO:0042692,,,PATO:0000001,abnormal
t31433,Unknown,Unknown,GO:0042692,,,PATO:0000001,abnormal
t31434,Unknown,Unknown,GO:0042692,,,PATO:0000001,abnormal
t31454,Unknown,Unknown,GO:0042692,,,PATO:0000001,abnormal
t31455,Unknown,Unknown,GO:0042692,,,PATO:0000001,abnormal
t31456,Unknown,Unknown,GO:0042692,,,PATO:0000001,abnormal
t31457,Unknown,Unknown,GO:0042692,,,PATO:0000001,abnormal
t31458,Unknown,Unknown,GO:0042692,,,PATO:0000001,abnormal
t31459,Unknown,Unknown,GO:0042692,,,PATO:0000001,abnormal
t31460,Unknown,Unknown,GO:0042692,,,PATO:0000001,abnormal
t31461,Unknown,Unknown,GO:0042692,,,PATO:0000001,abnormal
t31462,Unknown,Unknown,GO:0042692,,,PATO:0000001,abnormal
t31463,Unknown,Unknown,GO:0042692,,,PATO:0000001,abnormal
t31464,Unknown,Unknown,GO:0042692,,,PATO:0000001,abnormal
t31465,Unknown,Unknown,GO:0042692,,,PATO:0000001,abnormal
t31466,Unknown,Unknown,GO:0042692,,,PATO:0000001,abnormal
t31467,Unknown,Unknown,GO:0042692,,,PATO:0000001,abnormal
t31468,Unknown,Unknown,GO:0042692,,,PATO:0000001,abnormal
t31469,Unknown,Unknown,GO:0042692,,,PATO:0000001,abnormal
t31470,Unknown,Unknown,GO:0042692,,,PATO:0000001,abnormal
t31471,Unknown,Unknown,GO:0042692,,,PATO:0000001,abnormal
t31472,Unknown,Unknown,GO:0042692,,,PATO:0000001,abnormal
t31473,Unknown,Unknown,GO:0042692,,,PATO:0000001,abnormal
t31512,Unknown,Unknown,GO:0042692,,,PATO:0000001,abnormal
t31513,Unknown,Unknown,GO:0042692,,,PATO:0000001,abnormal
t31514,Unknown,Unknown,GO:0042692,,,PATO:0000001,abnormal
t31515,Unknown,Unknown,GO:0042692,,,PATO:0000001,abnormal
t31516,Unknown,Unknown,GO:0042692,,,PATO:0000001,abnormal
t31517,Unknown,Unknown,GO:0042692,,,PATO:0000001,abnormal
t31518,Unknown,Unknown,GO:0042692,,,PATO:0000001,abnormal
t31519,Unknown,Unknown,GO:0042692,,,PATO:0000001,abnormal
t31520,Unknown,Unknown,GO:0042692,,,PATO:0000001,abnormal
t31521,Unknown,Unknown,GO:0042692,,,PATO:0000001,abnormal
t31522,Unknown,Unknown,GO:0042692,,,PATO:0000001,abnormal
t31523,Unknown,Unknown,GO:0042692,,,PATO:0000001,abnormal
t31524,Unknown,Unknown,GO:0042692,,,PATO:0000001,abnormal
t31525,Unknown,Unknown,GO:0042692,,,PATO:0000001,abnormal
t31526,Unknown,Unknown,GO:0042692,,,PATO:0000001,abnormal
t31527,Unknown,Unknown,GO:0042692,,,PATO:0000001,abnormal
t31528,Unknown,Unknown,GO:0042692,,,PATO:0000001,abnormal
t31529,Unknown,Unknown,GO:0042692,,,PATO:0000001,abnormal
t31028,Unknown,Unknown,GO:0040007,,,PATO:0000001,abnormal
t31030,Unknown,Unknown,GO:0040007,,,PATO:0000001,abnormal
t31031,Unknown,Unknown,GO:0040007,,,PATO:0000001,abnormal
t31032,Unknown,Unknown,GO:0040007,,,PATO:0000001,abnormal
t31033,Unknown,Unknown,GO:0040007,,,PATO:0000001,abnormal
t31035,Unknown,Unknown,GO:0040007,,,PATO:0000001,abnormal
t31036,Unknown,Unknown,GO:0040007,,,PATO:0000001,abnormal
t31037,Unknown,Unknown,GO:0040007,,,PATO:0000001,abnormal
t31038,Unknown,Unknown,GO:0040007,,,PATO:0000001,abnormal
t31052,Unknown,Unknown,GO:0040007,,,PATO:0000001,abnormal
t31298,Unknown,Unknown,GO:0040007,,,PATO:0000001,abnormal
t31299,Unknown,Unknown,GO:0040007,,,PATO:0000001,abnormal
t31374,Unknown,Unknown,GO:0040007,,,PATO:0000001,abnormal
t31419,Unknown,Unknown,GO:0040007,,,PATO:0000001,abnormal
t31420,Unknown,Unknown,GO:0040007,,,PATO:0000001,abnormal
t31495,Unknown,Unknown,GO:0040007,,,PATO:0000001,abnormal
t31496,Unknown,Unknown,GO:0040007,,,PATO:0000001,abnormal
t31497,Unknown,Unknown,GO:0040007,,,PATO:0000001,abnormal
t31498,Unknown,Unknown,GO:0040007,,,PATO:0000001,abnormal
t31499,Unknown,Unknown,GO:0040007,,,PATO:0000001,abnormal
t31500,Unknown,Unknown,GO:0040007,,,PATO:0000001,abnormal
t31501,Unknown,Unknown,GO:0040007,,,PATO:0000001,abnormal
t31502,Unknown,Unknown,GO:0040007,,,PATO:0000001,abnormal
t31560,Unknown,Unknown,GO:0040007,,,PATO:0000001,abnormal
t31773,Unknown,Unknown,GO:0040007,,,PATO:0000001,abnormal
t30955,Unknown,Unknown,GO:0001501,,,PATO:0000001,abnormal
t31022,Unknown,Unknown,GO:0001501,,,PATO:0000001,abnormal
t31023,Unknown,Unknown,GO:0001501,,,PATO:0000001,abnormal
t31098,Unknown,Unknown,GO:0001501,,,PATO:0000001,abnormal
t31099,Unknown,Unknown,GO:0001501,,,PATO:0000001,abnormal
t31143,Unknown,Unknown,GO:0001501,,,PATO:0000001,abnormal
t31144,Unknown,Unknown,GO:0001501,,,PATO:0000001,abnormal
t31146,Unknown,Unknown,GO:0001501,,,PATO:0000001,abnormal
t31148,Unknown,Unknown,GO:0001501,,,PATO:0000001,abnormal
t31166,Unknown,Unknown,GO:0001501,,,PATO:0000001,abnormal
t31167,Unknown,Unknown,GO:0001501,,,PATO:0000001,abnormal
t31168,Unknown,Unknown,GO:0001501,,,PATO:0000001,abnormal
t31169,Unknown,Unknown,GO:0001501,,,PATO:0000001,abnormal
t31243,Unknown,Unknown,GO:0001501,,,PATO:0000001,abnormal
t31245,Unknown,Unknown,GO:0001501,,,PATO:0000001,abnormal
t31246,Unknown,Unknown,GO:0001501,,,PATO:0000001,abnormal
t31248,Unknown,Unknown,GO:0001501,,,PATO:0000001,abnormal
t31252,Unknown,Unknown,GO:0001501,,,PATO:0000001,abnormal
t31253,Unknown,Unknown,GO:0001501,,,PATO:0000001,abnormal
t31254,Unknown,Unknown,GO:0001501,,,PATO:0000001,abnormal
t31255,Unknown,Unknown,GO:0001501,,,PATO:0000001,abnormal
t31258,Unknown,Unknown,GO:0001501,,,PATO:0000001,abnormal
t31259,Unknown,Unknown,GO:0001501,,,PATO:0000001,abnormal
t31261,Unknown,Unknown,GO:0001501,,,PATO:0000001,abnormal
t31264,Unknown,Unknown,GO:0001501,,,PATO:0000001,abnormal
t31268,Unknown,Unknown,GO:0001501,,,PATO:0000001,abnormal
t31273,Unknown,Unknown,GO:0001501,,,PATO:0000001,abnormal
t31393,Unknown,Unknown,GO:0001501,,,PATO:0000001,abnormal
t31534,Unknown,Unknown,GO:0001501,,,PATO:0000001,abnormal
t31535,Unknown,Unknown,GO:0001501,,,PATO:0000001,abnormal
t31536,Unknown,Unknown,GO:0001501,,,PATO:0000001,abnormal
t31213,Larval:Day 5,Larval:Day 5,ZDB-ANAT-060331-81,,,PATO:0000420,abnormal
t31214,Larval:Day 5,Larval:Day 5,ZDB-ANAT-060331-81,,,PATO:0000420,abnormal
t31215,Larval:Day 5,Larval:Day 5,ZDB-ANAT-060331-81,,,PATO:0000420,abnormal
t31216,Larval:Day 5,Larval:Day 5,ZDB-ANAT-060331-81,,,PATO:0000420,abnormal
t31242,Larval:Day 5,Larval:Day 5,ZDB-ANAT-060331-81,,,PATO:0000420,abnormal
t31301,Larval:Day 5,Larval:Day 5,ZDB-ANAT-060331-81,,,PATO:0000420,abnormal
t31302,Larval:Day 5,Larval:Day 5,ZDB-ANAT-060331-81,,,PATO:0000420,abnormal
t31303,Larval:Day 5,Larval:Day 5,ZDB-ANAT-060331-81,,,PATO:0000420,abnormal
t31310,Larval:Day 5,Larval:Day 5,ZDB-ANAT-060331-81,,,PATO:0000420,abnormal
t31311,Larval:Day 5,Larval:Day 5,ZDB-ANAT-060331-81,,,PATO:0000420,abnormal
t31312,Larval:Day 5,Larval:Day 5,ZDB-ANAT-060331-81,,,PATO:0000420,abnormal
t31352,Larval:Day 5,Larval:Day 5,ZDB-ANAT-060331-81,,,PATO:0000420,abnormal
t31386,Larval:Day 5,Larval:Day 5,ZDB-ANAT-060331-81,,,PATO:0000420,abnormal
t31387,Larval:Day 5,Larval:Day 5,ZDB-ANAT-060331-81,,,PATO:0000420,abnormal
t31388,Larval:Day 5,Larval:Day 5,ZDB-ANAT-060331-81,,,PATO:0000420,abnormal
t31389,Larval:Day 5,Larval:Day 5,ZDB-ANAT-060331-81,,,PATO:0000420,abnormal
t31390,Larval:Day 5,Larval:Day 5,ZDB-ANAT-060331-81,,,PATO:0000420,abnormal
t31391,Larval:Day 5,Larval:Day 5,ZDB-ANAT-060331-81,,,PATO:0000420,abnormal
t31392,Larval:Day 5,Larval:Day 5,ZDB-ANAT-060331-81,,,PATO:0000420,abnormal
t31421,Larval:Day 5,Larval:Day 5,ZDB-ANAT-060331-81,,,PATO:0000420,abnormal
t31422,Larval:Day 5,Larval:Day 5,ZDB-ANAT-060331-81,,,PATO:0000420,abnormal
t31423,Larval:Day 5,Larval:Day 5,ZDB-ANAT-060331-81,,,PATO:0000420,abnormal
t31453,Larval:Day 5,Larval:Day 5,ZDB-ANAT-060331-81,,,PATO:0000420,abnormal
t31503,Larval:Day 5,Larval:Day 5,ZDB-ANAT-060331-81,,,PATO:0000420,abnormal
t31504,Larval:Day 5,Larval:Day 5,ZDB-ANAT-060331-81,,,PATO:0000420,abnormal
t31505,Larval:Day 5,Larval:Day 5,ZDB-ANAT-060331-81,,,PATO:0000420,abnormal
t31017,Larval:Day 4,Larval:Day 4,ZDB-ANAT-010921-415,,,PATO:0000060,abnormal
t31018,Larval:Day 4,Larval:Day 4,ZDB-ANAT-010921-415,,,PATO:0000060,abnormal
t31019,Larval:Day 4,Larval:Day 4,ZDB-ANAT-010921-415,,,PATO:0000060,abnormal
t31090,Larval:Day 4,Larval:Day 4,ZDB-ANAT-010921-415,,,PATO:0000060,abnormal
t31164,Larval:Day 4,Larval:Day 4,ZDB-ANAT-010921-415,,,PATO:0000060,abnormal
t31474,Larval:Day 4,Larval:Day 4,ZDB-ANAT-010921-415,,,PATO:0000060,abnormal
t31476,Larval:Day 4,Larval:Day 4,ZDB-ANAT-010921-415,,,PATO:0000060,abnormal
t31477,Larval:Day 4,Larval:Day 4,ZDB-ANAT-010921-415,,,PATO:0000060,abnormal
t31008,Larval:Protruding-mouth,Larval:Protruding-mouth,ZDB-ANAT-010921-415,,,PATO:0000060,abnormal
t31009,Larval:Protruding-mouth,Larval:Protruding-mouth,ZDB-ANAT-010921-415,,,PATO:0000060,abnormal
t31010,Larval:Protruding-mouth,Larval:Protruding-mouth,ZDB-ANAT-010921-415,,,PATO:0000060,abnormal
t31011,Larval:Protruding-mouth,Larval:Protruding-mouth,ZDB-ANAT-010921-415,,,PATO:0000060,abnormal
t31087,Larval:Protruding-mouth,Larval:Protruding-mouth,ZDB-ANAT-010921-415,,,PATO:0000060,abnormal
t31154,Larval:Protruding-mouth,Larval:Protruding-mouth,ZDB-ANAT-010921-415,,,PATO:0000060,abnormal
t31156,Larval:Protruding-mouth,Larval:Protruding-mouth,ZDB-ANAT-010921-415,,,PATO:0000060,abnormal
t31288,Larval:Protruding-mouth,Larval:Protruding-mouth,ZDB-ANAT-010921-415,,,PATO:0000060,abnormal
t31289,Larval:Protruding-mouth,Larval:Protruding-mouth,ZDB-ANAT-010921-415,,,PATO:0000060,abnormal
t31337,Larval:Protruding-mouth,Larval:Protruding-mouth,ZDB-ANAT-010921-415,,,PATO:0000060,abnormal
t31338,Larval:Protruding-mouth,Larval:Protruding-mouth,ZDB-ANAT-010921-415,,,PATO:0000060,abnormal
t31414,Larval:Protruding-mouth,Larval:Protruding-mouth,ZDB-ANAT-010921-415,,,PATO:0000060,abnormal
t31415,Larval:Protruding-mouth,Larval:Protruding-mouth,ZDB-ANAT-010921-415,,,PATO:0000060,abnormal
t31435,Larval:Protruding-mouth,Larval:Protruding-mouth,ZDB-ANAT-010921-415,,,PATO:0000060,abnormal
t31436,Larval:Protruding-mouth,Larval:Protruding-mouth,ZDB-ANAT-010921-415,,,PATO:0000060,abnormal
t31490,Larval:Protruding-mouth,Larval:Protruding-mouth,ZDB-ANAT-010921-415,,,PATO:0000060,abnormal
t31492,Larval:Protruding-mouth,Larval:Protruding-mouth,ZDB-ANAT-010921-415,,,PATO:0000060,abnormal
t31000,Larval:Day 5,Larval:Day 5,GO:0031101,,,PATO:0000502,abnormal
t31001,Larval:Day 5,Larval:Day 5,ZDB-ANAT-010921-533,,,PATO:0000141,abnormal
t31006,Larval:Day 5,Larval:Day 5,ZDB-ANAT-010921-533,,,PATO:0000141,abnormal/absent
t31079,Larval:Day 5,Larval:Day 5,ZDB-ANAT-010921-503,,,PATO:0000060,abnormal
t31080,Larval:Day 5,Larval:Day 5,ZDB-ANAT-010921-533,,,PATO:0000141,abnormal
t31082,Larval:Day 5,Larval:Day 5,ZDB-ANAT-010921-503,,,PATO:0000141,abnormal
t31084,Larval:Day 5,Larval:Day 5,ZDB-ANAT-010921-530,,,PATO:0000141,abnormal
t31085,Larval:Day 5,Larval:Day 5,ZDB-ANAT-010921-530,,,PATO:0000141,abnormal
t31160,Larval:Day 5,Larval:Day 5,ZDB-ANAT-010921-533,,,PATO:0000587,abnormal
t31161,Larval:Day 5,Larval:Day 5,ZDB-ANAT-010921-530,,,PATO:0000141,abnormal
t31185,Larval:Day 5,Larval:Day 5,ZDB-ANAT-010921-533,,,PATO:0000587,abnormal
t31186,Larval:Day 5,Larval:Day 5,ZDB-ANAT-010921-530,,,PATO:0000141,abnormal
t31284,Larval:Day 5,Larval:Day 5,ZDB-ANAT-050711-79,,,PATO:0001226,abnormal/absent
t31285,Larval:Day 5,Larval:Day 5,ZDB-ANAT-050711-79,,,PATO:0001226,abnormal/absent
t31327,Larval:Day 5,Larval:Day 5,ZDB-ANAT-010921-530,,,PATO:0000141,abnormal
t31438,Larval:Day 5,Larval:Day 5,ZDB-ANAT-010921-533,,,PATO:0000587,abnormal
t31439,Larval:Day 5,Larval:Day 5,ZDB-ANAT-050711-79,,,PATO:0001226,abnormal/absent
t31483,Larval:Day 5,Larval:Day 5,ZDB-ANAT-050711-79,,,PATO:0001226,abnormal/absent
t31484,Larval:Day 5,Larval:Day 5,ZDB-ANAT-050711-79,,,PATO:0001226,abnormal/absent
t31485,Larval:Day 5,Larval:Day 5,ZDB-ANAT-050711-79,,,PATO:0001226,abnormal/absent
t31486,Larval:Day 5,Larval:Day 5,ZDB-ANAT-050711-79,,,PATO:0001226,abnormal/absent
t31487,Larval:Day 5,Larval:Day 5,ZDB-ANAT-010921-530,,,PATO:0000141,abnormal
t31488,Larval:Day 5,Larval:Day 5,ZDB-ANAT-010921-530,,,PATO:0000141,abnormal
t31489,Larval:Day 5,Larval:Day 5,ZDB-ANAT-050304-1,,,PATO:0000587,abnormal
t30760,Adult,Adult,ZDB-ANAT-060816-32,,,PATO:0000426,abnormal
t30761,Adult,Adult,ZDB-ANAT-040708-2,,,PATO:0000468,abnormal
t30763,Adult,Adult,ZDB-ANAT-010921-474,,,PATO:0000001,abnormal
t30818,Adult,Adult,ZDB-ANAT-060816-32,,,PATO:0000426,abnormal
t30824,Adult,Adult,ZDB-ANAT-040708-1,,,PATO:0000060,abnormal
t30954,Adult,Adult,ZDB-ANAT-060816-32,,,PATO:0000060,abnormal
t30981,Adult,Adult,ZDB-ANAT-040708-2,,,PATO:0000060,abnormal
t31182,Adult,Adult,ZDB-ANAT-060816-32,,,PATO:0000600,abnormal
t31306,Adult,Adult,ZDB-ANAT-040708-1,,,PATO:0000060,abnormal
t31307,Adult,Adult,ZDB-ANAT-040708-2,,,PATO:0000014,abnormal
t31418,Adult,Adult,ZDB-ANAT-040708-2,,,PATO:0000468,abnormal
t31482,Adult,Adult,ZDB-ANAT-040708-2,,,PATO:0000419,abnormal
t31304,Adult,Adult,ZDB-ANAT-010921-530,,,PATO:0000141,abnormal
t31305,Adult,Adult,ZDB-ANAT-040708-2,,,PATO:0000060,abnormal
t30993,Larval:Day 5,Larval:Day 5,ZDB-ANAT-060816-78,,,PATO:0000411,abnormal
t30994,Larval:Day 5,Larval:Day 5,ZDB-ANAT-010921-530,,,PATO:0000647,abnormal
t30995,Larval:Day 5,Larval:Day 5,ZDB-ANAT-010921-530,,,PATO:0000141,abnormal
t30996,Larval:Day 5,Larval:Day 5,ZDB-ANAT-060816-76,fins,ZDB-ANAT-010921-533,PATO:0000420,abnormal
t30997,Larval:Day 5,Larval:Day 5,ZDB-ANAT-060816-78,,,PATO:0000411,abnormal
t31075,Larval:Day 5,Larval:Day 5,ZDB-ANAT-010921-530,,,PATO:0000141,abnormal
t31076,Larval:Day 5,Larval:Day 5,ZDB-ANAT-060816-76,fins,ZDB-ANAT-010921-533,PATO:0000420,abnormal
t31077,Larval:Day 5,Larval:Day 5,ZDB-ANAT-010921-530,,,PATO:0000141,abnormal
t31109,Larval:Day 5,Larval:Day 5,ZDB-ANAT-060816-78,,,PATO:0000411,abnormal
t31201,Larval:Day 5,Larval:Day 5,ZDB-ANAT-010921-530,,,PATO:0000001,abnormal
t31202,Larval:Day 5,Larval:Day 5,ZDB-ANAT-010921-530,,,PATO:0000141,abnormal
t31203,Larval:Day 5,Larval:Day 5,ZDB-ANAT-010921-530,,,PATO:0000141,abnormal
t31442,Larval:Day 5,Larval:Day 5,ZDB-ANAT-010921-530,,,PATO:0000141,abnormal
t31443,Larval:Day 5,Larval:Day 5,ZDB-ANAT-010921-530,,,PATO:0000141,abnormal
t31444,Larval:Day 5,Larval:Day 5,ZDB-ANAT-010921-530,,,PATO:0000141,abnormal
t31493,Larval:Day 5,Larval:Day 5,ZDB-ANAT-010921-530,,,PATO:0000141,abnormal
t31130,Hatching:Long-pec,Hatching:Long-pec,ZDB-ANAT-011113-284,,,PATO:0000140,abnormal
t31131,Hatching:Long-pec,Hatching:Long-pec,ZDB-ANAT-011113-284,,,PATO:0000140,abnormal
t31134,Hatching:Long-pec,Hatching:Long-pec,ZDB-ANAT-011113-284,,,PATO:0000140,abnormal
t31171,Hatching:Long-pec,Hatching:Long-pec,ZDB-ANAT-011113-284,,,PATO:0000140,abnormal
t31173,Hatching:Long-pec,Hatching:Long-pec,ZDB-ANAT-011113-284,,,PATO:0000140,abnormal
t31180,Hatching:Long-pec,Hatching:Long-pec,ZDB-ANAT-011113-284,,,PATO:0000140,abnormal
t31016,Hatching:Long-pec,Hatching:Long-pec,ZDB-ANAT-010921-570,,,PATO:0000060,abnormal
t31053,Hatching:Long-pec,Hatching:Long-pec,ZDB-ANAT-010921-570,,,PATO:0000060,abnormal
t31089,Hatching:Long-pec,Hatching:Long-pec,ZDB-ANAT-010921-570,,,PATO:0000060,abnormal
t31091,Hatching:Long-pec,Hatching:Long-pec,ZDB-ANAT-010921-570,,,PATO:0000060,abnormal
t31115,Hatching:Long-pec,Hatching:Long-pec,ZDB-ANAT-010921-570,,,PATO:0000060,abnormal
t31187,Hatching:Long-pec,Hatching:Long-pec,ZDB-ANAT-010921-570,,,PATO:0000060,abnormal
t31188,Hatching:Long-pec,Hatching:Long-pec,ZDB-ANAT-010921-570,,,PATO:0000060,abnormal
t31376,Hatching:Long-pec,Hatching:Long-pec,ZDB-ANAT-010921-570,,,PATO:0000060,abnormal
t31416,Hatching:Long-pec,Hatching:Long-pec,ZDB-ANAT-010921-570,,,PATO:0000060,abnormal
t31417,Hatching:Long-pec,Hatching:Long-pec,ZDB-ANAT-010921-570,,,PATO:0000060,abnormal
t31425,Hatching:Long-pec,Hatching:Long-pec,ZDB-ANAT-010921-570,,,PATO:0000060,abnormal
t31426,Hatching:Long-pec,Hatching:Long-pec,ZDB-ANAT-010921-570,,,PATO:0000060,abnormal
t31427,Hatching:Long-pec,Hatching:Long-pec,ZDB-ANAT-010921-570,,,PATO:0000060,abnormal
t31475,Hatching:Long-pec,Hatching:Long-pec,ZDB-ANAT-010921-570,,,PATO:0000060,abnormal
t31296,Adult,Adult,ZDB-ANAT-011113-328,,,PATO:0000060,abnormal
t31367,Adult,Adult,ZDB-ANAT-011113-526,,,PATO:0000001,abnormal
t31368,Adult,Adult,ZDB-ANAT-011113-328,,,PATO:0000141,abnormal
t31370,Adult,Adult,ZDB-ANAT-011113-328,,,PATO:0000141,abnormal
t31371,Adult,Adult,ZDB-ANAT-011113-526,,,PATO:0001226,abnormal/absent
t31445,Adult,Adult,ZDB-ANAT-011113-526,,,PATO:0000001,abnormal
t31448,Adult,Adult,ZDB-ANAT-011113-526,,,PATO:0001226,abnormal/absent
t31449,Adult,Adult,ZDB-ANAT-011113-328,,,PATO:0000141,abnormal
t31530,Adult,Adult,ZDB-ANAT-011113-328,,,PATO:0000141,abnormal
t31531,Adult,Adult,ZDB-ANAT-011113-526,,,PATO:0001226,abnormal/absent
t31532,Adult,Adult,ZDB-ANAT-011113-328,,,PATO:0000141,abnormal
t31533,Adult,Adult,ZDB-ANAT-011113-526,,,PATO:0001226,abnormal/absent
t31559,Adult,Adult,ZDB-ANAT-011113-526,,,PATO:0001226,abnormal/absent
t30987,Larval:Day 5,Larval:Day 5,ZDB-ANAT-050228-28,,,PATO:0000060,abnormal
t31065,Larval:Day 5,Larval:Day 5,ZDB-ANAT-050228-28,,,PATO:0000060,abnormal
t31066,Larval:Day 5,Larval:Day 5,ZDB-ANAT-050228-28,,,PATO:0000060,abnormal
t31068,Larval:Day 5,Larval:Day 5,ZDB-ANAT-050228-28,,,PATO:0000060,abnormal
t31110,Larval:Day 5,Larval:Day 5,ZDB-ANAT-050228-28,,,PATO:0000060,abnormal
t31111,Larval:Day 5,Larval:Day 5,ZDB-ANAT-050228-28,,,PATO:0000060,abnormal
t31112,Larval:Day 5,Larval:Day 5,ZDB-ANAT-050228-28,,,PATO:0000060,abnormal
t31113,Larval:Day 5,Larval:Day 5,ZDB-ANAT-050228-28,,,PATO:0000060,abnormal
t31114,Larval:Day 5,Larval:Day 5,ZDB-ANAT-050228-28,,,PATO:0000060,abnormal
t31152,Larval:Day 5,Larval:Day 5,ZDB-ANAT-050228-28,,,PATO:0000060,abnormal
t31153,Larval:Day 5,Larval:Day 5,ZDB-ANAT-050228-28,,,PATO:0000060,abnormal
t31155,Larval:Day 5,Larval:Day 5,ZDB-ANAT-050228-28,,,PATO:0000060,abnormal
t30956,Larval:Day 4,Larval:Day 4,ZDB-ANAT-060331-85,,,PATO:0000420,abnormal
t30957,Larval:Day 4,Larval:Day 4,ZDB-ANAT-060331-85,,,PATO:0000419,abnormal
t30958,Larval:Day 4,Larval:Day 4,ZDB-ANAT-060331-85,,,PATO:0000419,abnormal
t30959,Larval:Day 4,Larval:Day 4,ZDB-ANAT-060331-85,,,PATO:0001226,normal
t30960,Larval:Day 4,Larval:Day 4,ZDB-ANAT-060331-85,,,PATO:0000420,abnormal
t31070,Larval:Day 4,Larval:Day 4,ZDB-ANAT-060331-85,,,PATO:0000420,abnormal
t31071,Larval:Day 4,Larval:Day 4,ZDB-ANAT-060331-85,,,PATO:0000420,abnormal
t31072,Larval:Day 4,Larval:Day 4,ZDB-ANAT-060331-85,,,PATO:0001226,abnormal/absent
t31073,Larval:Day 4,Larval:Day 4,ZDB-ANAT-060331-85,,,PATO:0000420,abnormal
t31074,Larval:Day 4,Larval:Day 4,ZDB-ANAT-060331-85,,,PATO:0000420,abnormal
t31145,Larval:Day 4,Larval:Day 4,ZDB-ANAT-060331-85,,,PATO:0000420,abnormal
t31147,Larval:Day 4,Larval:Day 4,ZDB-ANAT-060331-85,,,PATO:0000420,abnormal
t31149,Larval:Day 4,Larval:Day 4,ZDB-ANAT-060331-85,,,PATO:0000420,abnormal
t31151,Larval:Day 4,Larval:Day 4,ZDB-ANAT-060331-85,,,PATO:0000419,abnormal
t30982,Larval:Day 4,Larval:Day 4,ZDB-ANAT-060331-81,,,PATO:0000419,abnormal
t30983,Larval:Day 4,Larval:Day 4,ZDB-ANAT-060331-81,,,PATO:0000419,abnormal
t30984,Larval:Day 4,Larval:Day 4,ZDB-ANAT-050228-8,,,PATO:0000468,abnormal
t30985,Larval:Day 4,Larval:Day 4,ZDB-ANAT-060331-81,,,PATO:0000060,abnormal
t30986,Larval:Day 4,Larval:Day 4,ZDB-ANAT-060331-81,,,PATO:0000420,abnormal
t31046,Larval:Day 4,Larval:Day 4,ZDB-ANAT-060331-81,,,PATO:0000419,abnormal
t31047,Larval:Day 4,Larval:Day 4,ZDB-ANAT-060331-81,,,PATO:0000419,abnormal
t31048,Larval:Day 4,Larval:Day 4,ZDB-ANAT-060331-81,,,PATO:0001226,abnormal/absent
t31049,Larval:Day 4,Larval:Day 4,ZDB-ANAT-060331-81,,,PATO:0001226,abnormal/absent
t31050,Larval:Day 4,Larval:Day 4,ZDB-ANAT-050228-8,,,PATO:0000468,abnormal
t31051,Larval:Day 4,Larval:Day 4,ZDB-ANAT-060331-81,,,PATO:0000419,abnormal
t31102,Larval:Day 4,Larval:Day 4,ZDB-ANAT-060331-81,,,PATO:0001226,abnormal/absent
t31103,Larval:Day 4,Larval:Day 4,ZDB-ANAT-060331-81,,,PATO:0001226,abnormal/absent
t31104,Larval:Day 4,Larval:Day 4,ZDB-ANAT-060331-81,,,PATO:0000419,abnormal
t31105,Larval:Day 4,Larval:Day 4,ZDB-ANAT-060331-81,,,PATO:0001226,abnormal/absent
t31106,Larval:Day 4,Larval:Day 4,ZDB-ANAT-060331-81,,,PATO:0001226,abnormal/absent
t31107,Larval:Day 4,Larval:Day 4,ZDB-ANAT-060331-81,,,PATO:0000419,abnormal
t31138,Larval:Day 4,Larval:Day 4,ZDB-ANAT-060331-81,,,PATO:0001226,abnormal/absent
t31139,Larval:Day 4,Larval:Day 4,ZDB-ANAT-060331-81,,,PATO:0000419,abnormal
t31140,Larval:Day 4,Larval:Day 4,ZDB-ANAT-060331-81,,,PATO:0001226,abnormal/absent
t31141,Larval:Day 4,Larval:Day 4,ZDB-ANAT-060331-81,,,PATO:0000419,abnormal
t31200,Larval:Day 5,Larval:Day 5,ZDB-ANAT-050711-79,,,PATO:0001226,abnormal/absent
t31207,Larval:Day 5,Larval:Day 5,ZDB-ANAT-050711-79,,,PATO:0001226,abnormal/absent
t31209,Larval:Day 5,Larval:Day 5,ZDB-ANAT-050711-79,,,PATO:0000426,abnormal
t31210,Larval:Day 5,Larval:Day 5,ZDB-ANAT-050711-79,,,PATO:0000426,abnormal
t31218,Larval:Day 5,Larval:Day 5,ZDB-ANAT-050711-79,,,PATO:0000470,abnormal
t31219,Larval:Day 5,Larval:Day 5,ZDB-ANAT-050711-79,,,PATO:0000426,abnormal
t31220,Larval:Day 5,Larval:Day 5,ZDB-ANAT-050711-79,,,PATO:0000426,abnormal
t31225,Larval:Day 5,Larval:Day 5,ZDB-ANAT-050711-79,,,PATO:0000141,abnormal
t31226,Larval:Day 5,Larval:Day 5,ZDB-ANAT-050711-79,,,PATO:0000426,abnormal
t31227,Larval:Day 5,Larval:Day 5,ZDB-ANAT-050711-79,,,PATO:0000426,abnormal
t31228,Larval:Day 5,Larval:Day 5,ZDB-ANAT-050711-79,,,PATO:0000426,abnormal
t31230,Larval:Day 5,Larval:Day 5,ZDB-ANAT-050711-79,,,PATO:0000426,abnormal
t31232,Larval:Day 5,Larval:Day 5,ZDB-ANAT-050711-79,,,PATO:0001226,abnormal/absent
t31260,Larval:Day 5,Larval:Day 5,ZDB-ANAT-010921-474,,,PATO:0000060,abnormal
t31263,Larval:Day 5,Larval:Day 5,ZDB-ANAT-050711-79,,,PATO:0000426,abnormal
t31267,Larval:Day 5,Larval:Day 5,ZDB-ANAT-050711-79,,,PATO:0000136,abnormal
t31269,Larval:Day 5,Larval:Day 5,ZDB-ANAT-050711-79,,,PATO:0000426,abnormal
t31270,Larval:Day 5,Larval:Day 5,ZDB-ANAT-050711-79,,,PATO:0000426,abnormal
t31276,Larval:Day 5,Larval:Day 5,ZDB-ANAT-050711-79,,,PATO:0000426,abnormal
t31278,Larval:Day 5,Larval:Day 5,ZDB-ANAT-050711-79,,,PATO:0000426,abnormal
t31281,Larval:Day 5,Larval:Day 5,ZDB-ANAT-050711-79,,,PATO:0000426,abnormal
t31282,Larval:Day 5,Larval:Day 5,ZDB-ANAT-050711-79,,,PATO:0000426,abnormal
t31283,Larval:Day 5,Larval:Day 5,ZDB-ANAT-050711-79,,,PATO:0000426,abnormal
t31317,Larval:Day 5,Larval:Day 5,ZDB-ANAT-050711-79,,,PATO:0000426,abnormal
t31319,Larval:Day 5,Larval:Day 5,ZDB-ANAT-050711-79,,,PATO:0000426,abnormal
t31320,Larval:Day 5,Larval:Day 5,ZDB-ANAT-050711-79,,,PATO:0000426,abnormal
t31321,Larval:Day 5,Larval:Day 5,ZDB-ANAT-050711-79,,,PATO:0000426,abnormal
t31322,Larval:Day 5,Larval:Day 5,ZDB-ANAT-050711-79,,,PATO:0000426,abnormal
t31324,Larval:Day 5,Larval:Day 5,ZDB-ANAT-050711-79,,,PATO:0000426,abnormal
t31325,Larval:Day 5,Larval:Day 5,ZDB-ANAT-050711-79,,,PATO:0000426,abnormal
t31362,Larval:Day 5,Larval:Day 5,ZDB-ANAT-050711-79,,,PATO:0000426,abnormal
t31363,Larval:Day 5,Larval:Day 5,ZDB-ANAT-050711-79,,,PATO:0000426,abnormal
t31364,Larval:Day 5,Larval:Day 5,ZDB-ANAT-050711-79,,,PATO:0000426,abnormal
t31365,Larval:Day 5,Larval:Day 5,ZDB-ANAT-050711-79,,,PATO:0000426,abnormal
t31401,Larval:Day 5,Larval:Day 5,ZDB-ANAT-050711-79,,,PATO:0000426,abnormal
t31402,Larval:Day 5,Larval:Day 5,ZDB-ANAT-050711-79,,,PATO:0000426,abnormal
t31404,Larval:Day 5,Larval:Day 5,ZDB-ANAT-050711-79,,,PATO:0000426,abnormal
t31405,Larval:Day 5,Larval:Day 5,ZDB-ANAT-050711-79,,,PATO:0000426,abnormal
t31407,Larval:Day 5,Larval:Day 5,ZDB-ANAT-050711-79,,,PATO:0001226,abnormal/absent
t31408,Larval:Day 5,Larval:Day 5,ZDB-ANAT-050711-79,,,PATO:0000426,abnormal
t31428,Larval:Day 5,Larval:Day 5,ZDB-ANAT-050711-79,,,PATO:0000426,abnormal
t31429,Larval:Day 5,Larval:Day 5,ZDB-ANAT-050711-79,,,PATO:0000426,abnormal
t31430,Larval:Day 5,Larval:Day 5,ZDB-ANAT-050711-79,,,PATO:0000426,abnormal
t31478,Larval:Day 5,Larval:Day 5,ZDB-ANAT-050711-79,,,PATO:0000426,abnormal
t31479,Larval:Day 5,Larval:Day 5,ZDB-ANAT-050711-79,,,PATO:0000426,abnormal
t31480,Larval:Day 5,Larval:Day 5,ZDB-ANAT-050711-79,,,PATO:0000426,abnormal
t31506,Larval:Day 5,Larval:Day 5,ZDB-ANAT-050711-79,,,PATO:0000426,abnormal
t31507,Larval:Day 5,Larval:Day 5,ZDB-ANAT-050711-79,,,PATO:0000426,abnormal
t31508,Larval:Day 5,Larval:Day 5,ZDB-ANAT-050711-79,,,PATO:0001226,abnormal/absent
t31509,Larval:Day 5,Larval:Day 5,ZDB-ANAT-050711-79,,,PATO:0000426,abnormal
t31510,Larval:Day 5,Larval:Day 5,ZDB-ANAT-050711-79,,,PATO:0000426,abnormal
t31191,Larval:Protruding-mouth,Larval:Protruding-mouth,ZDB-ANAT-031211-14,,,PATO:0000419,abnormal
t31192,Larval:Protruding-mouth,Larval:Protruding-mouth,ZDB-ANAT-031211-14,,,PATO:0001226,abnormal/absent
t31193,Larval:Protruding-mouth,Larval:Protruding-mouth,ZDB-ANAT-031211-14,,,PATO:0000419,abnormal
t31194,Larval:Protruding-mouth,Larval:Protruding-mouth,ZDB-ANAT-031211-14,,,PATO:0000419,abnormal
t31195,Larval:Protruding-mouth,Larval:Protruding-mouth,ZDB-ANAT-031211-14,,,PATO:0001226,abnormal/absent
t31196,Larval:Protruding-mouth,Larval:Protruding-mouth,ZDB-ANAT-031211-14,,,PATO:0000419,abnormal
t31197,Larval:Protruding-mouth,Larval:Protruding-mouth,ZDB-ANAT-031211-14,,,PATO:0000060,abnormal
t31198,Larval:Protruding-mouth,Larval:Protruding-mouth,ZDB-ANAT-031211-14,,,PATO:0000419,abnormal
t31199,Larval:Protruding-mouth,Larval:Protruding-mouth,ZDB-ANAT-031211-14,,,PATO:0000419,abnormal
t31290,Larval:Protruding-mouth,Larval:Protruding-mouth,ZDB-ANAT-031211-14,,,PATO:0000419,abnormal
t31291,Larval:Protruding-mouth,Larval:Protruding-mouth,ZDB-ANAT-031211-14,,,PATO:0000419,abnormal
t31292,Larval:Protruding-mouth,Larval:Protruding-mouth,ZDB-ANAT-031211-14,,,PATO:0000419,abnormal
t31293,Larval:Protruding-mouth,Larval:Protruding-mouth,ZDB-ANAT-031211-14,,,PATO:0000419,abnormal
t31294,Larval:Protruding-mouth,Larval:Protruding-mouth,ZDB-ANAT-031211-14,,,PATO:0000419,abnormal
t31339,Larval:Protruding-mouth,Larval:Protruding-mouth,ZDB-ANAT-031211-14,,,PATO:0000419,abnormal
t31340,Larval:Protruding-mouth,Larval:Protruding-mouth,ZDB-ANAT-031211-14,,,PATO:0000419,abnormal
t31341,Larval:Protruding-mouth,Larval:Protruding-mouth,ZDB-ANAT-031211-14,,,PATO:0000419,abnormal
t31342,Larval:Protruding-mouth,Larval:Protruding-mouth,ZDB-ANAT-031211-14,,,PATO:0000419,abnormal
t31343,Larval:Protruding-mouth,Larval:Protruding-mouth,ZDB-ANAT-031211-14,,,PATO:0000419,abnormal
t31344,Larval:Protruding-mouth,Larval:Protruding-mouth,ZDB-ANAT-031211-14,,,PATO:0000419,abnormal
t31345,Larval:Protruding-mouth,Larval:Protruding-mouth,ZDB-ANAT-031211-14,,,PATO:0000419,abnormal
t31346,Larval:Protruding-mouth,Larval:Protruding-mouth,ZDB-ANAT-031211-14,,,PATO:0000419,abnormal
t31347,Larval:Protruding-mouth,Larval:Protruding-mouth,ZDB-ANAT-031211-14,,,PATO:0000419,abnormal
t31348,Larval:Protruding-mouth,Larval:Protruding-mouth,ZDB-ANAT-031211-14,,,PATO:0000419,abnormal
t31349,Larval:Protruding-mouth,Larval:Protruding-mouth,ZDB-ANAT-031211-14,,,PATO:0000419,abnormal
t31350,Larval:Protruding-mouth,Larval:Protruding-mouth,ZDB-ANAT-031211-14,,,PATO:0000419,abnormal
t31351,Larval:Protruding-mouth,Larval:Protruding-mouth,ZDB-ANAT-031211-14,,,PATO:0000419,abnormal
t31377,Larval:Protruding-mouth,Larval:Protruding-mouth,ZDB-ANAT-031211-14,,,PATO:0000419,abnormal
t31378,Larval:Protruding-mouth,Larval:Protruding-mouth,ZDB-ANAT-031211-14,,,PATO:0000419,abnormal
t31379,Larval:Protruding-mouth,Larval:Protruding-mouth,ZDB-ANAT-031211-14,,,PATO:0000419,abnormal
t31380,Larval:Protruding-mouth,Larval:Protruding-mouth,ZDB-ANAT-031211-14,,,PATO:0000419,abnormal
t31381,Larval:Protruding-mouth,Larval:Protruding-mouth,ZDB-ANAT-031211-14,,,PATO:0000419,abnormal
t31382,Larval:Protruding-mouth,Larval:Protruding-mouth,ZDB-ANAT-031211-14,,,PATO:0000419,abnormal
t31383,Larval:Protruding-mouth,Larval:Protruding-mouth,ZDB-ANAT-031211-14,,,PATO:0000419,abnormal
t31395,Larval:Protruding-mouth,Larval:Protruding-mouth,ZDB-ANAT-031211-14,,,PATO:0000419,abnormal
t31396,Larval:Protruding-mouth,Larval:Protruding-mouth,ZDB-ANAT-031211-14,,,PATO:0000419,abnormal
t31397,Larval:Protruding-mouth,Larval:Protruding-mouth,ZDB-ANAT-031211-14,,,PATO:0000419,abnormal
t31398,Larval:Protruding-mouth,Larval:Protruding-mouth,ZDB-ANAT-031211-14,,,PATO:0000419,abnormal
t31399,Larval:Protruding-mouth,Larval:Protruding-mouth,ZDB-ANAT-031211-14,,,PATO:0000419,abnormal
t31400,Larval:Protruding-mouth,Larval:Protruding-mouth,ZDB-ANAT-031211-14,,,PATO:0000419,abnormal
t31432,Larval:Protruding-mouth,Larval:Protruding-mouth,ZDB-ANAT-031211-14,,,PATO:0000419,abnormal
t31433,Larval:Protruding-mouth,Larval:Protruding-mouth,ZDB-ANAT-031211-14,,,PATO:0000419,abnormal
t31434,Larval:Protruding-mouth,Larval:Protruding-mouth,ZDB-ANAT-031211-14,,,PATO:0000419,abnormal
t31454,Larval:Protruding-mouth,Larval:Protruding-mouth,ZDB-ANAT-031211-14,,,PATO:0000419,abnormal
t31455,Larval:Protruding-mouth,Larval:Protruding-mouth,ZDB-ANAT-031211-14,,,PATO:0000419,abnormal
t31456,Larval:Protruding-mouth,Larval:Protruding-mouth,ZDB-ANAT-031211-14,,,PATO:0000419,abnormal
t31457,Larval:Protruding-mouth,Larval:Protruding-mouth,ZDB-ANAT-031211-14,,,PATO:0000419,abnormal
t31458,Larval:Protruding-mouth,Larval:Protruding-mouth,ZDB-ANAT-031211-14,,,PATO:0000419,abnormal
t31459,Larval:Protruding-mouth,Larval:Protruding-mouth,ZDB-ANAT-031211-14,,,PATO:0000419,abnormal
t31460,Larval:Protruding-mouth,Larval:Protruding-mouth,ZDB-ANAT-031211-14,,,PATO:0000419,abnormal
t31461,Larval:Protruding-mouth,Larval:Protruding-mouth,ZDB-ANAT-031211-14,,,PATO:0000419,abnormal
t31462,Larval:Protruding-mouth,Larval:Protruding-mouth,ZDB-ANAT-031211-14,,,PATO:0000419,abnormal
t31463,Larval:Protruding-mouth,Larval:Protruding-mouth,ZDB-ANAT-031211-14,,,PATO:0000419,abnormal
t31464,Larval:Protruding-mouth,Larval:Protruding-mouth,ZDB-ANAT-031211-14,,,PATO:0000419,abnormal
t31465,Larval:Protruding-mouth,Larval:Protruding-mouth,ZDB-ANAT-031211-14,,,PATO:0000419,abnormal
t31466,Larval:Protruding-mouth,Larval:Protruding-mouth,ZDB-ANAT-031211-14,,,PATO:0000419,abnormal
t31467,Larval:Protruding-mouth,Larval:Protruding-mouth,ZDB-ANAT-031211-14,,,PATO:0000419,abnormal
t31468,Larval:Protruding-mouth,Larval:Protruding-mouth,ZDB-ANAT-031211-14,,,PATO:0000419,abnormal
t31469,Larval:Protruding-mouth,Larval:Protruding-mouth,ZDB-ANAT-031211-14,,,PATO:0000419,abnormal
t31470,Larval:Protruding-mouth,Larval:Protruding-mouth,ZDB-ANAT-031211-14,,,PATO:0000419,abnormal
t31471,Larval:Protruding-mouth,Larval:Protruding-mouth,ZDB-ANAT-031211-14,,,PATO:0000419,abnormal
t31472,Larval:Protruding-mouth,Larval:Protruding-mouth,ZDB-ANAT-031211-14,,,PATO:0000419,abnormal
t31473,Larval:Protruding-mouth,Larval:Protruding-mouth,ZDB-ANAT-031211-14,,,PATO:0000419,abnormal
t31512,Larval:Protruding-mouth,Larval:Protruding-mouth,ZDB-ANAT-031211-14,,,PATO:0000419,abnormal
t31513,Larval:Protruding-mouth,Larval:Protruding-mouth,ZDB-ANAT-031211-14,,,PATO:0000419,abnormal
t31514,Larval:Protruding-mouth,Larval:Protruding-mouth,ZDB-ANAT-031211-14,,,PATO:0000419,abnormal
t31515,Larval:Protruding-mouth,Larval:Protruding-mouth,ZDB-ANAT-031211-14,,,PATO:0000419,abnormal
t31516,Larval:Protruding-mouth,Larval:Protruding-mouth,ZDB-ANAT-031211-14,,,PATO:0000419,abnormal
t31517,Larval:Protruding-mouth,Larval:Protruding-mouth,ZDB-ANAT-031211-14,,,PATO:0000419,abnormal
t31518,Larval:Protruding-mouth,Larval:Protruding-mouth,ZDB-ANAT-031211-14,,,PATO:0000419,abnormal
t31519,Larval:Protruding-mouth,Larval:Protruding-mouth,ZDB-ANAT-031211-14,,,PATO:0000419,abnormal
t31520,Larval:Protruding-mouth,Larval:Protruding-mouth,ZDB-ANAT-031211-14,,,PATO:0000419,abnormal
t31521,Larval:Protruding-mouth,Larval:Protruding-mouth,ZDB-ANAT-031211-14,,,PATO:0000419,abnormal
t31522,Larval:Protruding-mouth,Larval:Protruding-mouth,ZDB-ANAT-031211-14,,,PATO:0000419,abnormal
t31523,Larval:Protruding-mouth,Larval:Protruding-mouth,ZDB-ANAT-031211-14,,,PATO:0000419,abnormal
t31524,Larval:Protruding-mouth,Larval:Protruding-mouth,ZDB-ANAT-031211-14,,,PATO:0000419,abnormal
t31525,Larval:Protruding-mouth,Larval:Protruding-mouth,ZDB-ANAT-031211-14,,,PATO:0000419,abnormal
t31526,Larval:Protruding-mouth,Larval:Protruding-mouth,ZDB-ANAT-031211-14,,,PATO:0000419,abnormal
t31527,Larval:Protruding-mouth,Larval:Protruding-mouth,ZDB-ANAT-031211-14,,,PATO:0000419,abnormal
t31528,Larval:Protruding-mouth,Larval:Protruding-mouth,ZDB-ANAT-031211-14,,,PATO:0000419,abnormal
t31529,Larval:Protruding-mouth,Larval:Protruding-mouth,ZDB-ANAT-031211-14,,,PATO:0000419,abnormal
t31028,Adult,Adult,ZDB-ANAT-020702-16,,,PATO:0000617,abnormal
t31030,Adult,Adult,ZDB-ANAT-020702-16,,,PATO:0000052,abnormal
t31031,Adult,Adult,ZDB-ANAT-020702-16,,,PATO:0000052,abnormal
t31032,Adult,Adult,ZDB-ANAT-020702-16,,,PATO:0000052,abnormal
t31033,Adult,Adult,ZDB-ANAT-010921-474,caudal fin,ZDB-ANAT-020702-16,PATO:0000060,abnormal
t31035,Adult,Adult,ZDB-ANAT-020702-16,,,PATO:0000052,abnormal
t31036,Adult,Adult,ZDB-ANAT-020702-16,,,PATO:0000052,abnormal
t31037,Adult,Adult,ZDB-ANAT-020702-16,,,PATO:0000052,abnormal
t31038,Adult,Adult,ZDB-ANAT-010921-474,caudal fin,ZDB-ANAT-020702-16,PATO:0000060,abnormal
t31052,Adult,Adult,ZDB-ANAT-020702-16,,,PATO:0000052,abnormal
t31298,Adult,Adult,ZDB-ANAT-020702-16,,,PATO:0000052,abnormal
t31299,Adult,Adult,ZDB-ANAT-020702-16,,,PATO:0000052,abnormal
t31374,Adult,Adult,ZDB-ANAT-010921-474,caudal fin,ZDB-ANAT-020702-16,PATO:0000060,abnormal
t31419,Adult,Adult,ZDB-ANAT-010921-474,caudal fin,ZDB-ANAT-020702-16,PATO:0000060,abnormal
t31420,Adult,Adult,ZDB-ANAT-020702-16,,,PATO:0000052,abnormal
t31495,Adult,Adult,ZDB-ANAT-020702-16,,,PATO:0000052,abnormal
t31496,Adult,Adult,ZDB-ANAT-010921-474,caudal fin,ZDB-ANAT-020702-16,PATO:0000060,abnormal
t31497,Adult,Adult,ZDB-ANAT-010921-474,caudal fin,ZDB-ANAT-020702-16,PATO:0000060,abnormal
t31498,Adult,Adult,ZDB-ANAT-010921-474,caudal fin,ZDB-ANAT-020702-16,PATO:0000060,abnormal
t31499,Adult,Adult,ZDB-ANAT-010921-474,caudal fin,ZDB-ANAT-020702-16,PATO:0000060,abnormal
t31500,Adult,Adult,ZDB-ANAT-010921-474,caudal fin,ZDB-ANAT-020702-16,PATO:0000060,abnormal
t31501,Adult,Adult,ZDB-ANAT-020702-16,,,PATO:0000617,abnormal
t31502,Adult,Adult,ZDB-ANAT-010921-474,caudal fin,ZDB-ANAT-020702-16,PATO:0000060,abnormal
t31560,Adult,Adult,ZDB-ANAT-010921-474,caudal fin,ZDB-ANAT-020702-16,PATO:0000060,abnormal
t31773,Adult,Adult,ZDB-ANAT-020702-16,,,PATO:0000052,abnormal
t30955,Adult,Adult,ZDB-ANAT-011113-207,,,PATO:0000137,abnormal
t31022,Adult,Adult,ZDB-ANAT-011113-207,,,PATO:0000057,abnormal
t31023,Adult,Adult,ZDB-ANAT-020309-117,,,PATO:0000411,abnormal
t31098,Adult,Adult,ZDB-ANAT-020309-117,,,PATO:0000052,abnormal
t31099,Adult,Adult,ZDB-ANAT-011113-359,,,PATO:0000969,abnormal
t31143,Adult,Adult,ZDB-ANAT-020309-117,,,PATO:0000052,abnormal
t31144,Adult,Adult,ZDB-ANAT-011113-207,,,PATO:0000411,abnormal
t31146,Adult,Adult,ZDB-ANAT-020309-117,,,PATO:0000052,abnormal
t31148,Adult,Adult,ZDB-ANAT-050420-3,,,PATO:0000616,abnormal
t31166,Adult,Adult,ZDB-ANAT-020309-117,,,PATO:0000052,abnormal
t31167,Adult,Adult,ZDB-ANAT-010921-533,,,PATO:0000052,abnormal
t31168,Adult,Adult,ZDB-ANAT-020309-117,,,PATO:0000052,abnormal
t31169,Adult,Adult,ZDB-ANAT-010921-533,,,PATO:0000587,abnormal
t31245,Adult,Adult,ZDB-ANAT-020702-16,,,PATO:0000587,abnormal
t31246,Adult,Adult,ZDB-ANAT-011113-207,,,PATO:0000426,abnormal
t31248,Adult,Adult,ZDB-ANAT-011113-207,,,PATO:0000411,abnormal
t31252,Adult,Adult,ZDB-ANAT-050420-2,,,PATO:0000587,abnormal
t31253,Adult,Adult,ZDB-ANAT-020309-117,,,PATO:0000052,abnormal
t31254,Adult,Adult,ZDB-ANAT-020309-117,,,PATO:0000052,abnormal
t31255,Adult,Adult,ZDB-ANAT-020309-117,,,PATO:0000411,abnormal
t31258,Adult,Adult,ZDB-ANAT-020309-117,,,PATO:0000052,abnormal
t31259,Adult,Adult,ZDB-ANAT-011113-41,,,PATO:0000052,abnormal
t31264,Adult,Adult,ZDB-ANAT-020309-117,,,PATO:0000574,abnormal
t31268,Adult,Adult,ZDB-ANAT-020309-117,,,PATO:0000411,abnormal
t31273,Adult,Adult,ZDB-ANAT-011113-207,,,PATO:0001226,abnormal/absent
t31393,Adult,Adult,ZDB-ANAT-011113-207,,,PATO:0000411,abnormal
t31534,Adult,Adult,ZDB-ANAT-011113-207,,,PATO:0000419,abnormal
t31535,Adult,Adult,ZDB-ANAT-011113-181,,,PATO:0000052,abnormal
t31536,Adult,Adult,ZDB-ANAT-020309-117,,,PATO:0000052,abnormal
