hi1,SFG
hi1364b,GT
hi2,SFG
hi4,SFG
hi780,F5
hi1515,GT
hi2400,GT
hi2587,GT
hi2269,GT
hi821b,GT
hi5,F5
hi10,F5
hi14,F5
hi2911b,GT
hi37,F5
hi43,F5
hi61,F5
hi63,F5
hi80a,F5
hi96,F5
hi112,F5
hi138,F5
hi199,F5
hi2505a,GT
hi215,F5
hi1640,GT
hi2329b,GT
hi229,F5
hi235,F5
hi239,F5
hi258,F5
hi272,F5
hi3020,GT
hi286,F5
hi296A,F5
hi296b,F5
hi297,F5
hi299,F5
hi307,F5
hi4205,
hi2729a,GT
hi318,F5
hi3068,GT
hi319,F5
hi340a,F5
hi340B,F5
hi1167,GT
hi343,F5
hi1940,GT
hi1757,GT
hi349,F5
hi1867,GT
hi383a,F5
hi399,SFG
hi409,F5
hi428,F5
hi429,F5
hi3627,GT
hi447,F5
hi459,F5
hi471,F5
hi472,F5
hi3112a,GT
hi486,F5
hi3564,GT
hi1907,GT
hi491,F5
hi526a,F5
526b,F5
hi528,F5
hi2169,GT
hi1843,GT
hi548,F5
hi550,F5
hi2352,
hi2992,GT
hi2720,GT
hi557,F5
hi558,F5
hi559,F5
hi2677d,GT
hi572,F5
hi577a,F5
hi1364a,GT
hi577b,F5
hi2765,GT
hi2249,GT
hi591,F5
hi601,F5
hi2108,GT
hi2122,GT
hi1269,GT
hi642,F5
hi688,GT
hi3499,GT
hi781,GT
hi840,F5
hi1703,GT
hi783,F5
hi2191,GT
hi800a,F5
hi2144,GT
hi821a,GT
hi823,GT
hi870,F5
hi887,GT
hi3198,GT
hi889,GT
hi891,SFG
hi904,F5
hi923,F5
hi969,GT
hi3689,GT
hi929,GT
hi932,GT
hi3028,GT
hi1126,GT
hi933,GT
hi3357,GT
hi954,GT
hi2019,GT
hi962,F5
hi975,GT
hi994,GT
hi998,GT
hi1002,GT
hi1011,GT
hi1016,F5
hi1019,F5
hi3783,GT
hi1026,GT
hi1034A,GT
hi1034B,GT
hi3986,GT
hi1045,GT
hi3960,GT
hi1055a,GT
hi1944,GT
hi1055B,GT
hi2839b,GT
hi1058,GT
hi1059,GT
hi1061,GT
hi1072,GT
hi2727,GT
hi1073,GT
hi1086a,GT
hi2327,GT
hi1113A,GT
hi3821,GT
hi1297,GT
hi3181,GT
hi1113B,GT
hi1116a,GT
hi1116b,GT
hi1883,GT
hi1124,GT
hi1134,GT
hi1143,GT
hi1146,GT
hi4070,GT
hi1159,GT
hi3678,GT
hi1182,GT
hi1207,GT
hi1227,GT
hi1241,GT
hi3205,GT
hi1244,GT
hi1257,GT
hi1262,GT
hi1284,GT
hi1290,GT
hi1320,F5
hi1321,F5
hi3239,GT
hi1359a,GT
hi3747,
hi3018C,GT
hi2111,GT
hi1326,GT
hi1370,GT
hi3936,GT
hi1371,GT
hi3245,GT
hi1373,GT
hi1384,GT
hi3096,GT
hi3644,GT
hi1389,GT
hi1392,GT
hi2704,GT
hi2936,GT
hi3074,GT
hi1411,GT
hi1422,GT
hi4042,GT
hi1433,GT
hi3439,GT
hi1437,GT
hi3988,GT
hi3653b,GT
hi1444,GT
hi1447,GT
hi1451,GT
hi2715,GT
hi1463,GT
hi1464,GT
hi2991,GT
hi1477,GT
hi1479,GT
hi1482,GT
hi1487,GT
hi4063a,GT
hi1516,GT
hi1642,GT
hi1518,GT
hi2558,GT
hi1520,GT
hi1532a,GT
hi1532b,GT
hi1537,GT
hi3649,GT
hi1548,GT
hi1552,GT
hi3202a,GT
hi1573,GT
hi1579,GT
hi2827b,GT
hi1581,GT
hi4003a,
hi2628,GT
hi1618,GT
hi2505B,GT
hi1621,GT
hi1934,GT
hi1688,GT
hi2639c,GT
hi1715,GT
hi1722,GT
hi1727,GT
hi1730,GT
hi1743,GT
hi1769,GT
hi1779,GT
hi2039b,GT
hi1780A,GT
hi2735b,GT
hi1780b,GT
hi1793,GT
hi1807,GT
hi1830,GT
hi1841b,GT
hi1856,GT
hi1858a,GT
hi1858b,GT
hi2203,GT
hi3669,GT
hi1872,GT
hi1887,GT
hi1903c,GT
hi3290b,GT
hi1942,GT
hi1950,GT
hi1951,GT
hi1974,GT
hi1987,GT
hi1988,GT
hi2026a,GT
hi2039a,GT
hi2062,GT
hi2078,GT
hi2857,GT
hi2080,GT
hi2091,GT
hi2188a,GT
hi2617,GT
hi2092,GT
hi3714,GT
hi2109,GT
hi2137,GT
hi2143,GT
hi2836,GT
hi2151,GT
hi2155,GT
hi2188b,GT
hi2211,GT
hi2216,GT
hi2217,GT
hi2226,GT
hi2230,GT
hi2246,GT
hi2271,GT
hi2285,GT
hi2161,GT
hi2289,GT
hi2293,GT
hi2329a,GT
hi3479,GT
hi2335,GT
hi2345,
hi2393,GT
hi2394,GT
hi2404,GT
hi2430,GT
hi2437,GT
hi2452,GT
hi2453,GT
hi2462,GT
hi2470,GT
hi3366,GT
hi2473,GT
hi2479,GT
hi2487,GT
hi2491,GT
hi2497a,GT
hi2499a,GT
hi2529,GT
hi1193,GT
hi3890,GT
hi2557,GT
hi2561,GT
hi2570,GT
hi2573a,GT
hi2578,GT
hi3580,GT
hi2581,GT
hi2582,GT
hi2586,GT
hi3822,GT
hi2596,GT
hi2877a,GT
hi2618,GT
hi2635,GT
hi2639a,GT
hi2648,GT
hi2649,GT
hi2653,GT
hi2666,GT
hi2827a,GT
hi2994,GT
hi4103,GT
hi2667,GT
hi2675,GT
hi2688,GT
hi2689,GT
hi2705A,GT
hi2694,GT
hi3594a,GT
hi2696,GT
hi2718a,GT
hi2718B,GT
hi2729B,GT
hi2734,GT
hi2735a,GT
hi2737,GT
hi2769,GT
hi2786A,GT
hi2786B,GT
hi2791,GT
hi2799,GT
hi2806,GT
hi2820,GT
hi2865,GT
hi2869,GT
hi2903,GT
hi2908,GT
hi2914,GT
hi2933,GT
hi2937,GT
hi2939,GT
hi2972B,GT
hi2993,GT
hi3013,GT
hi3017,GT
hi3018A,GT
hi3073,GT
hi3076,GT
hi3079 hi4055,GT
hi3093,GT
hi3101,GT
hi3112B,GT
hi3118,GT
hi3120,GT
hi3147,GT
hi1902,GT
hi3174a,GT
hi3202B,GT
hi3208,GT
hi3235,GT
hi3237,GT
hi3248,GT
hi3263,GT
hi3282,GT
hi3305,GT
hi3308,GT
hi3332,GT
hi3351,GT
hi3378,GT
hi3394a,GT
hi3400,GT
hi3417,GT
hi3471,GT
hi3475,GT
hi3505,
hi3510,GT
hi3512B,GT
hi3512C,GT
hi3526b,GT
hi3583,GT
hi3593,GT
hi3619,GT
hi3625A,GT
hi3630A,GT
hi3634,GT
hi3635,GT
hi3639,GT
hi3655B,GT
hi3655d,GT
hi3662,GT
hi3663,GT
hi3681,GT
hi3684,GT
hi3685,GT
hi3721,GT
hi3736a,GT
hi3764,GT
hi3773,GT
hi3785,GT
hi3789,GT
hi3808,GT
hi3812,GT
hi3817,GT
hi3820a,GT
hi3820B,GT
hi3885,GT
hi3893,GT
hi3959A,GT
hi3970,GT
hi4026,GT
hi4049,GT
hi4050,GT
hi4063B,GT
hi4134,GT
hi4153,GT
hi4161A,GT
hi4166,GT
hi4201B,GT
d1,SFG
d2,SFG
d4000,
d2058,GT