featureid,genoid,constructid,fishid,fmrel,genofeat
ZDB-ALT-170911-10,ZDB-GENO-170913-19,ZDB-TGCONSTRCT-170913-6,ZDB-FISH-170913-22,ZDB-FMREL-170913-34,ZDB-GENOFEAT-170913-24,
ZDB-ALT-170911-11,ZDB-GENO-170913-21,ZDB-TGCONSTRCT-170913-6,ZDB-FISH-170913-24,ZDB-FMREL-170913-26,ZDB-GENOFEAT-170913-26,
ZDB-ALT-170911-12,ZDB-GENO-170913-20,ZDB-TGCONSTRCT-170913-6,ZDB-FISH-170913-23,ZDB-FMREL-170913-29,ZDB-GENOFEAT-170913-25,
ZDB-ALT-170911-13,ZDB-GENO-170913-23,ZDB-TGCONSTRCT-170913-6,ZDB-FISH-170913-26,ZDB-FMREL-170913-30,ZDB-GENOFEAT-170913-28,
ZDB-ALT-170911-14,ZDB-GENO-170913-22,ZDB-TGCONSTRCT-170913-6,ZDB-FISH-170913-25,ZDB-FMREL-170913-33,ZDB-GENOFEAT-170913-27,
ZDB-ALT-170911-15,ZDB-GENO-170913-24,ZDB-TGCONSTRCT-170913-6,ZDB-FISH-170913-27,ZDB-FMREL-170913-23,ZDB-GENOFEAT-170913-29,
ZDB-ALT-170911-16,ZDB-GENO-170913-25,ZDB-TGCONSTRCT-170913-6,ZDB-FISH-170913-28,ZDB-FMREL-170913-18,ZDB-GENOFEAT-170913-30,
ZDB-ALT-170911-16,ZDB-GENO-170913-25,ZDB-TGCONSTRCT-170913-6,ZDB-FISH-170913-28,ZDB-FMREL-170926-15,ZDB-GENOFEAT-170913-30,
ZDB-ALT-170911-17,ZDB-GENO-170913-26,ZDB-TGCONSTRCT-170913-6,ZDB-FISH-170913-29,ZDB-FMREL-170913-25,ZDB-GENOFEAT-170913-31,
ZDB-ALT-170911-17,ZDB-GENO-170913-26,ZDB-TGCONSTRCT-170913-6,ZDB-FISH-170913-29,ZDB-FMREL-170928-1,ZDB-GENOFEAT-170913-31,
ZDB-ALT-170911-18,ZDB-GENO-170914-1,ZDB-TGCONSTRCT-170913-6,ZDB-FISH-170914-1,ZDB-FMREL-170913-11,ZDB-GENOFEAT-170914-1,
ZDB-ALT-170911-18,ZDB-GENO-170914-1,ZDB-TGCONSTRCT-170913-6,ZDB-FISH-170914-1,ZDB-FMREL-170928-6,ZDB-GENOFEAT-170914-1,
ZDB-ALT-170911-2,ZDB-GENO-170928-12,ZDB-TGCONSTRCT-170913-6,ZDB-FISH-170928-16,ZDB-FMREL-170913-17,ZDB-GENOFEAT-170928-20,
ZDB-ALT-170911-22,ZDB-GENO-170914-5,ZDB-TGCONSTRCT-170913-6,ZDB-FISH-170914-7,ZDB-FMREL-170913-20,ZDB-GENOFEAT-170914-5,
ZDB-ALT-170911-23,ZDB-GENO-170928-11,ZDB-TGCONSTRCT-170913-6,ZDB-FISH-170928-15,ZDB-FMREL-170913-12,ZDB-GENOFEAT-170928-19,
ZDB-ALT-170911-23,ZDB-GENO-170928-11,ZDB-TGCONSTRCT-170913-6,ZDB-FISH-170928-15,ZDB-FMREL-170926-6,ZDB-GENOFEAT-170928-19,
ZDB-ALT-170911-24,ZDB-GENO-170915-4,ZDB-TGCONSTRCT-170913-6,ZDB-FISH-170915-7,ZDB-FMREL-170913-19,ZDB-GENOFEAT-170915-4,
ZDB-ALT-170911-24,ZDB-GENO-170915-4,ZDB-TGCONSTRCT-170913-6,ZDB-FISH-170915-7,ZDB-FMREL-170926-7,ZDB-GENOFEAT-170915-4,
ZDB-ALT-170911-25,ZDB-GENO-170928-14,ZDB-TGCONSTRCT-170913-6,ZDB-FISH-170928-18,ZDB-FMREL-170913-36,ZDB-GENOFEAT-170928-22,
ZDB-ALT-170911-25,ZDB-GENO-170928-14,ZDB-TGCONSTRCT-170913-6,ZDB-FISH-170928-18,ZDB-FMREL-170926-10,ZDB-GENOFEAT-170928-22,
ZDB-ALT-170911-26,ZDB-GENO-170915-25,ZDB-TGCONSTRCT-170913-6,ZDB-FISH-170915-28,ZDB-FMREL-170913-22,ZDB-GENOFEAT-170915-26,
ZDB-ALT-170911-26,ZDB-GENO-170915-25,ZDB-TGCONSTRCT-170913-6,ZDB-FISH-170915-28,ZDB-FMREL-170928-2,ZDB-GENOFEAT-170915-26,
ZDB-ALT-170911-27,ZDB-GENO-170919-16,ZDB-TGCONSTRCT-170913-6,ZDB-FISH-170919-19,ZDB-FMREL-170913-39,ZDB-GENOFEAT-170919-17,
ZDB-ALT-170911-27,ZDB-GENO-170919-16,ZDB-TGCONSTRCT-170913-6,ZDB-FISH-170919-19,ZDB-FMREL-170926-11,ZDB-GENOFEAT-170919-17,
ZDB-ALT-170911-28,ZDB-GENO-170919-9,ZDB-TGCONSTRCT-170913-6,ZDB-FISH-170919-12,ZDB-FMREL-170913-24,ZDB-GENOFEAT-170919-10,
ZDB-ALT-170911-28,ZDB-GENO-170919-9,ZDB-TGCONSTRCT-170913-6,ZDB-FISH-170919-12,ZDB-FMREL-170926-12,ZDB-GENOFEAT-170919-10,
ZDB-ALT-170911-4,ZDB-GENO-170913-13,ZDB-TGCONSTRCT-170913-6,ZDB-FISH-170913-16,ZDB-FMREL-170913-13,ZDB-GENOFEAT-170913-18,
ZDB-ALT-170911-5,ZDB-GENO-170913-14,ZDB-TGCONSTRCT-170913-6,ZDB-FISH-170913-17,ZDB-FMREL-170913-28,ZDB-GENOFEAT-170913-19,
ZDB-ALT-170911-6,ZDB-GENO-170913-15,ZDB-TGCONSTRCT-170913-6,ZDB-FISH-170913-18,ZDB-FMREL-170913-21,ZDB-GENOFEAT-170913-20,
ZDB-ALT-170911-7,ZDB-GENO-170913-16,ZDB-TGCONSTRCT-170913-6,ZDB-FISH-170913-19,ZDB-FMREL-170913-32,ZDB-GENOFEAT-170913-21,
ZDB-ALT-170911-8,ZDB-GENO-170913-17,ZDB-TGCONSTRCT-170913-6,ZDB-FISH-170913-20,ZDB-FMREL-170913-16,ZDB-GENOFEAT-170913-22,
ZDB-ALT-170911-9,ZDB-GENO-170913-18,ZDB-TGCONSTRCT-170913-6,ZDB-FISH-170913-21,ZDB-FMREL-170913-38,ZDB-GENOFEAT-170913-23,
ZDB-ALT-170915-1,ZDB-GENO-170915-3,ZDB-TGCONSTRCT-170913-6,ZDB-FISH-170915-6,ZDB-FMREL-170915-1,ZDB-GENOFEAT-170915-3,
ZDB-ALT-170915-11,ZDB-GENO-170915-12,ZDB-TGCONSTRCT-170913-6,ZDB-FISH-170915-15,ZDB-FMREL-170915-9,ZDB-GENOFEAT-170915-12,
ZDB-ALT-170915-12,ZDB-GENO-170915-13,ZDB-TGCONSTRCT-170913-6,ZDB-FISH-170915-16,ZDB-FMREL-170915-10,ZDB-GENOFEAT-170915-13,
ZDB-ALT-170915-13,ZDB-GENO-170915-14,ZDB-TGCONSTRCT-170913-6,ZDB-FISH-170915-17,ZDB-FMREL-170915-11,ZDB-GENOFEAT-170915-14,
ZDB-ALT-170915-14,ZDB-GENO-170915-15,ZDB-TGCONSTRCT-170913-6,ZDB-FISH-170915-18,ZDB-FMREL-170915-12,ZDB-GENOFEAT-170915-15,
ZDB-ALT-170915-15,ZDB-GENO-170915-16,ZDB-TGCONSTRCT-170913-6,ZDB-FISH-170915-19,ZDB-FMREL-170915-13,ZDB-GENOFEAT-170915-16,
ZDB-ALT-170915-16,ZDB-GENO-170915-17,ZDB-TGCONSTRCT-170913-6,ZDB-FISH-170915-20,ZDB-FMREL-170915-15,ZDB-GENOFEAT-170915-17,
ZDB-ALT-170915-17,ZDB-GENO-170915-18,ZDB-TGCONSTRCT-170913-6,ZDB-FISH-170915-21,ZDB-FMREL-170915-16,ZDB-GENOFEAT-170915-18,
ZDB-ALT-170915-18,ZDB-GENO-170915-20,ZDB-TGCONSTRCT-170913-6,ZDB-FISH-170915-23,ZDB-FMREL-170915-17,ZDB-GENOFEAT-170915-20,
ZDB-ALT-170915-19,ZDB-GENO-170915-21,ZDB-TGCONSTRCT-170913-6,ZDB-FISH-170915-24,ZDB-FMREL-170915-18,ZDB-GENOFEAT-170915-21,
ZDB-ALT-170915-2,ZDB-GENO-170915-5,ZDB-TGCONSTRCT-170913-6,ZDB-FISH-170915-8,ZDB-FMREL-170915-2,ZDB-GENOFEAT-170915-5,
ZDB-ALT-170915-20,ZDB-GENO-170915-24,ZDB-TGCONSTRCT-170913-6,ZDB-FISH-170915-27,ZDB-FMREL-170915-19,ZDB-GENOFEAT-170915-25,
ZDB-ALT-170915-21,ZDB-GENO-170915-23,ZDB-TGCONSTRCT-170913-6,ZDB-FISH-170915-26,ZDB-FMREL-170915-20,ZDB-GENOFEAT-170915-24,
ZDB-ALT-170915-22,ZDB-GENO-170915-26,ZDB-TGCONSTRCT-170913-6,ZDB-FISH-170915-29,ZDB-FMREL-170915-21,ZDB-GENOFEAT-170915-27,
ZDB-ALT-170915-23,ZDB-GENO-170915-27,ZDB-TGCONSTRCT-170913-6,ZDB-FISH-170915-30,ZDB-FMREL-170915-22,ZDB-GENOFEAT-170915-28,
ZDB-ALT-170915-24,ZDB-GENO-170915-28,ZDB-TGCONSTRCT-170913-6,ZDB-FISH-170915-31,ZDB-FMREL-170915-23,ZDB-GENOFEAT-170915-29,
ZDB-ALT-170915-25,ZDB-GENO-170915-29,ZDB-TGCONSTRCT-170913-6,ZDB-FISH-170915-32,ZDB-FMREL-170915-24,ZDB-GENOFEAT-170915-30,
ZDB-ALT-170915-26,ZDB-GENO-170915-30,ZDB-TGCONSTRCT-170913-6,ZDB-FISH-170915-33,ZDB-FMREL-170915-33,ZDB-GENOFEAT-170915-31,
ZDB-ALT-170915-27,ZDB-GENO-170915-31,ZDB-TGCONSTRCT-170913-6,ZDB-FISH-170915-34,ZDB-FMREL-170915-32,ZDB-GENOFEAT-170915-32,
ZDB-ALT-170915-28,ZDB-GENO-170915-32,ZDB-TGCONSTRCT-170913-6,ZDB-FISH-170915-35,ZDB-FMREL-170915-31,ZDB-GENOFEAT-170915-33,
ZDB-ALT-170915-29,ZDB-GENO-170915-33,ZDB-TGCONSTRCT-170913-6,ZDB-FISH-170915-36,ZDB-FMREL-170915-30,ZDB-GENOFEAT-170915-34,
ZDB-ALT-170915-3,ZDB-GENO-170915-6,ZDB-TGCONSTRCT-170913-6,ZDB-FISH-170915-9,ZDB-FMREL-170915-3,ZDB-GENOFEAT-170915-6,
ZDB-ALT-170915-30,ZDB-GENO-170915-34,ZDB-TGCONSTRCT-170913-6,ZDB-FISH-170915-37,ZDB-FMREL-170915-29,ZDB-GENOFEAT-170915-35,
ZDB-ALT-170915-31,ZDB-GENO-170915-35,ZDB-TGCONSTRCT-170913-6,ZDB-FISH-170915-38,ZDB-FMREL-170915-28,ZDB-GENOFEAT-170915-36,
ZDB-ALT-170915-32,ZDB-GENO-170915-36,ZDB-TGCONSTRCT-170913-6,ZDB-FISH-170915-39,ZDB-FMREL-170915-27,ZDB-GENOFEAT-170915-37,
ZDB-ALT-170915-33,ZDB-GENO-170915-37,ZDB-TGCONSTRCT-170913-6,ZDB-FISH-170915-40,ZDB-FMREL-170915-26,ZDB-GENOFEAT-170915-38,
ZDB-ALT-170915-34,ZDB-GENO-170915-38,ZDB-TGCONSTRCT-170913-6,ZDB-FISH-170915-41,ZDB-FMREL-170915-25,ZDB-GENOFEAT-170915-39,
ZDB-ALT-170915-35,ZDB-GENO-170915-39,ZDB-TGCONSTRCT-170913-6,ZDB-FISH-170915-42,ZDB-FMREL-170915-34,ZDB-GENOFEAT-170915-40,
ZDB-ALT-170915-36,ZDB-GENO-170915-40,ZDB-TGCONSTRCT-170913-6,ZDB-FISH-170915-43,ZDB-FMREL-170915-35,ZDB-GENOFEAT-170915-41,
ZDB-ALT-170915-37,ZDB-GENO-170915-41,ZDB-TGCONSTRCT-170913-6,ZDB-FISH-170915-44,ZDB-FMREL-170915-36,ZDB-GENOFEAT-170915-42,
ZDB-ALT-170915-38,ZDB-GENO-170915-42,ZDB-TGCONSTRCT-170913-6,ZDB-FISH-170915-45,ZDB-FMREL-170915-37,ZDB-GENOFEAT-170915-43,
ZDB-ALT-170915-39,ZDB-GENO-170915-44,ZDB-TGCONSTRCT-170913-6,ZDB-FISH-170915-47,ZDB-FMREL-170915-39,ZDB-GENOFEAT-170915-45,
ZDB-ALT-170915-4,ZDB-GENO-170915-7,ZDB-TGCONSTRCT-170913-6,ZDB-FISH-170915-10,ZDB-FMREL-170915-4,ZDB-GENOFEAT-170915-7,
ZDB-ALT-170915-40,ZDB-GENO-170915-43,ZDB-TGCONSTRCT-170913-6,ZDB-FISH-170915-46,ZDB-FMREL-170915-38,ZDB-GENOFEAT-170915-44,
ZDB-ALT-170915-41,ZDB-GENO-170915-45,ZDB-TGCONSTRCT-170913-6,ZDB-FISH-170915-48,ZDB-FMREL-170915-47,ZDB-GENOFEAT-170915-46,
ZDB-ALT-170915-42,ZDB-GENO-170915-46,ZDB-TGCONSTRCT-170913-6,ZDB-FISH-170915-49,ZDB-FMREL-170915-46,ZDB-GENOFEAT-170915-47,
ZDB-ALT-170915-43,ZDB-GENO-170915-47,ZDB-TGCONSTRCT-170913-6,ZDB-FISH-170915-50,ZDB-FMREL-170915-45,ZDB-GENOFEAT-170915-48,
ZDB-ALT-170915-44,ZDB-GENO-170915-48,ZDB-TGCONSTRCT-170913-6,ZDB-FISH-170915-51,ZDB-FMREL-170915-44,ZDB-GENOFEAT-170915-49,
ZDB-ALT-170915-45,ZDB-GENO-170915-49,ZDB-TGCONSTRCT-170913-6,ZDB-FISH-170915-52,ZDB-FMREL-170915-43,ZDB-GENOFEAT-170915-50,
ZDB-ALT-170915-46,ZDB-GENO-170915-50,ZDB-TGCONSTRCT-170913-6,ZDB-FISH-170915-53,ZDB-FMREL-170915-42,ZDB-GENOFEAT-170915-51,
ZDB-ALT-170915-47,ZDB-GENO-170915-51,ZDB-TGCONSTRCT-170913-6,ZDB-FISH-170915-54,ZDB-FMREL-170915-41,ZDB-GENOFEAT-170915-52,
ZDB-ALT-170915-48,ZDB-GENO-170915-52,ZDB-TGCONSTRCT-170913-6,ZDB-FISH-170915-55,ZDB-FMREL-170915-40,ZDB-GENOFEAT-170915-53,
ZDB-ALT-170915-5,ZDB-GENO-170915-8,ZDB-TGCONSTRCT-170913-6,ZDB-FISH-170915-11,ZDB-FMREL-170915-5,ZDB-GENOFEAT-170915-8,
ZDB-ALT-170915-6,ZDB-GENO-170915-9,ZDB-TGCONSTRCT-170913-6,ZDB-FISH-170915-12,ZDB-FMREL-170915-6,ZDB-GENOFEAT-170915-9,
ZDB-ALT-170915-7,ZDB-GENO-170915-10,ZDB-TGCONSTRCT-170913-6,ZDB-FISH-170915-13,ZDB-FMREL-170915-7,ZDB-GENOFEAT-170915-10,
ZDB-ALT-170915-8,ZDB-GENO-170915-11,ZDB-TGCONSTRCT-170913-6,ZDB-FISH-170915-14,ZDB-FMREL-170915-8,ZDB-GENOFEAT-170915-11,
ZDB-ALT-170918-10,ZDB-GENO-170918-6,ZDB-TGCONSTRCT-170913-6,ZDB-FISH-170918-6,ZDB-FMREL-170918-7,ZDB-GENOFEAT-170918-6,
ZDB-ALT-170918-11,ZDB-GENO-170918-1,ZDB-TGCONSTRCT-170913-6,ZDB-FISH-170918-1,ZDB-FMREL-170918-6,ZDB-GENOFEAT-170918-1,
ZDB-ALT-170918-12,ZDB-GENO-170918-2,ZDB-TGCONSTRCT-170913-6,ZDB-FISH-170918-2,ZDB-FMREL-170918-5,ZDB-GENOFEAT-170918-2,
ZDB-ALT-170918-13,ZDB-GENO-170918-3,ZDB-TGCONSTRCT-170913-6,ZDB-FISH-170918-3,ZDB-FMREL-170918-4,ZDB-GENOFEAT-170918-3,
ZDB-ALT-170918-14,ZDB-GENO-170918-4,ZDB-TGCONSTRCT-170913-6,ZDB-FISH-170918-4,ZDB-FMREL-170918-3,ZDB-GENOFEAT-170918-4,
ZDB-ALT-170918-15,ZDB-GENO-170919-3,ZDB-TGCONSTRCT-170913-6,ZDB-FISH-170919-6,ZDB-FMREL-170918-2,ZDB-GENOFEAT-170919-4,
ZDB-ALT-170918-2,ZDB-GENO-170918-13,ZDB-TGCONSTRCT-170913-6,ZDB-FISH-170918-13,ZDB-FMREL-170918-14,ZDB-GENOFEAT-170918-13,
ZDB-ALT-170918-3,ZDB-GENO-170918-12,ZDB-TGCONSTRCT-170913-6,ZDB-FISH-170918-12,ZDB-FMREL-170918-13,ZDB-GENOFEAT-170918-12,
ZDB-ALT-170918-4,ZDB-GENO-170918-11,ZDB-TGCONSTRCT-170913-6,ZDB-FISH-170918-11,ZDB-FMREL-170918-12,ZDB-GENOFEAT-170918-11,
ZDB-ALT-170918-5,ZDB-GENO-170918-10,ZDB-TGCONSTRCT-170913-6,ZDB-FISH-170918-10,ZDB-FMREL-170918-11,ZDB-GENOFEAT-170918-10,
ZDB-ALT-170918-6,ZDB-GENO-170918-9,ZDB-TGCONSTRCT-170913-6,ZDB-FISH-170918-9,ZDB-FMREL-170918-10,ZDB-GENOFEAT-170918-9,
ZDB-ALT-170918-8,ZDB-GENO-170918-8,ZDB-TGCONSTRCT-170913-6,ZDB-FISH-170918-8,ZDB-FMREL-170918-9,ZDB-GENOFEAT-170918-8,
ZDB-ALT-170918-9,ZDB-GENO-170918-7,ZDB-TGCONSTRCT-170913-6,ZDB-FISH-170918-7,ZDB-FMREL-170918-8,ZDB-GENOFEAT-170918-7,
ZDB-ALT-170919-1,ZDB-GENO-170919-2,ZDB-TGCONSTRCT-170913-6,ZDB-FISH-170919-5,ZDB-FMREL-170919-1,ZDB-GENOFEAT-170919-3,
ZDB-ALT-170919-10,ZDB-GENO-170919-4,ZDB-TGCONSTRCT-170913-6,ZDB-FISH-170919-7,ZDB-FMREL-170919-10,ZDB-GENOFEAT-170919-5,
ZDB-ALT-170919-11,ZDB-GENO-170919-14,ZDB-TGCONSTRCT-170913-6,ZDB-FISH-170919-17,ZDB-FMREL-170919-11,ZDB-GENOFEAT-170919-15,
ZDB-ALT-170919-12,ZDB-GENO-170919-15,ZDB-TGCONSTRCT-170913-6,ZDB-FISH-170919-18,ZDB-FMREL-170919-12,ZDB-GENOFEAT-170919-16,
ZDB-ALT-170919-13,ZDB-GENO-170919-17,ZDB-TGCONSTRCT-170913-6,ZDB-FISH-170919-20,ZDB-FMREL-170919-13,ZDB-GENOFEAT-170919-18,
ZDB-ALT-170919-14,ZDB-GENO-170928-15,ZDB-TGCONSTRCT-170913-6,ZDB-FISH-170928-19,ZDB-FMREL-170919-24,ZDB-GENOFEAT-170928-23,
ZDB-ALT-170919-15,ZDB-GENO-170919-19,ZDB-TGCONSTRCT-170913-6,ZDB-FISH-170919-22,ZDB-FMREL-170919-14,ZDB-GENOFEAT-170919-20,
ZDB-ALT-170919-16,ZDB-GENO-170919-20,ZDB-TGCONSTRCT-170913-6,ZDB-FISH-170919-23,ZDB-FMREL-170919-15,ZDB-GENOFEAT-170919-21,
ZDB-ALT-170919-17,ZDB-GENO-170919-21,ZDB-TGCONSTRCT-170913-6,ZDB-FISH-170919-24,ZDB-FMREL-170919-16,ZDB-GENOFEAT-170919-22,
ZDB-ALT-170919-18,ZDB-GENO-170919-22,ZDB-TGCONSTRCT-170913-6,ZDB-FISH-170919-25,ZDB-FMREL-170919-17,ZDB-GENOFEAT-170919-23,
ZDB-ALT-170919-19,ZDB-GENO-170919-23,ZDB-TGCONSTRCT-170913-6,ZDB-FISH-170919-29,ZDB-FMREL-170919-18,ZDB-GENOFEAT-170919-24,
ZDB-ALT-170919-2,ZDB-GENO-170919-5,ZDB-TGCONSTRCT-170913-6,ZDB-FISH-170919-8,ZDB-FMREL-170919-2,ZDB-GENOFEAT-170919-6,
ZDB-ALT-170919-20,ZDB-GENO-170919-24,ZDB-TGCONSTRCT-170913-6,ZDB-FISH-170919-30,ZDB-FMREL-170919-19,ZDB-GENOFEAT-170919-25,
ZDB-ALT-170919-21,ZDB-GENO-170919-25,ZDB-TGCONSTRCT-170913-6,ZDB-FISH-170919-31,ZDB-FMREL-170919-20,ZDB-GENOFEAT-170919-26,
ZDB-ALT-170919-22,ZDB-GENO-170919-26,ZDB-TGCONSTRCT-170913-6,ZDB-FISH-170919-32,ZDB-FMREL-170919-21,ZDB-GENOFEAT-170919-27,
ZDB-ALT-170919-23,ZDB-GENO-170919-27,ZDB-TGCONSTRCT-170913-6,ZDB-FISH-170919-33,ZDB-FMREL-170919-23,ZDB-GENOFEAT-170919-28,
ZDB-ALT-170919-24,ZDB-GENO-170919-28,ZDB-TGCONSTRCT-170913-6,ZDB-FISH-170919-34,ZDB-FMREL-170919-22,ZDB-GENOFEAT-170919-29,
ZDB-ALT-170919-25,ZDB-GENO-170919-29,ZDB-TGCONSTRCT-170913-6,ZDB-FISH-170919-35,ZDB-FMREL-170919-25,ZDB-GENOFEAT-170919-30,
ZDB-ALT-170919-26,ZDB-GENO-170919-30,ZDB-TGCONSTRCT-170913-6,ZDB-FISH-170919-36,ZDB-FMREL-170919-27,ZDB-GENOFEAT-170919-31,
ZDB-ALT-170919-27,ZDB-GENO-170919-31,ZDB-TGCONSTRCT-170913-6,ZDB-FISH-170919-37,ZDB-FMREL-170919-28,ZDB-GENOFEAT-170919-32,
ZDB-ALT-170919-28,ZDB-GENO-170919-32,ZDB-TGCONSTRCT-170913-6,ZDB-FISH-170919-38,ZDB-FMREL-170919-29,ZDB-GENOFEAT-170919-33,
ZDB-ALT-170919-29,ZDB-GENO-170919-33,ZDB-TGCONSTRCT-170913-6,ZDB-FISH-170919-39,ZDB-FMREL-170919-30,ZDB-GENOFEAT-170919-34,
ZDB-ALT-170919-3,ZDB-GENO-170919-6,ZDB-TGCONSTRCT-170913-6,ZDB-FISH-170919-9,ZDB-FMREL-170919-3,ZDB-GENOFEAT-170919-7,
ZDB-ALT-170919-30,ZDB-GENO-170919-34,ZDB-TGCONSTRCT-170913-6,ZDB-FISH-170919-40,ZDB-FMREL-170919-26,ZDB-GENOFEAT-170919-35,
ZDB-ALT-170919-31,ZDB-GENO-170919-35,ZDB-TGCONSTRCT-170913-6,ZDB-FISH-170919-41,ZDB-FMREL-170919-31,ZDB-GENOFEAT-170919-36,
ZDB-ALT-170919-32,ZDB-GENO-170919-37,ZDB-TGCONSTRCT-170913-6,ZDB-FISH-170919-46,ZDB-FMREL-170919-38,ZDB-GENOFEAT-170919-40,
ZDB-ALT-170919-33,ZDB-GENO-170919-38,ZDB-TGCONSTRCT-170913-6,ZDB-FISH-170919-47,ZDB-FMREL-170919-32,ZDB-GENOFEAT-170919-41,
ZDB-ALT-170919-34,ZDB-GENO-170919-39,ZDB-TGCONSTRCT-170913-6,ZDB-FISH-170919-48,ZDB-FMREL-170919-33,ZDB-GENOFEAT-170919-42,
ZDB-ALT-170919-35,ZDB-GENO-170919-40,ZDB-TGCONSTRCT-170913-6,ZDB-FISH-170919-49,ZDB-FMREL-170919-34,ZDB-GENOFEAT-170919-43,
ZDB-ALT-170919-36,ZDB-GENO-170919-41,ZDB-TGCONSTRCT-170913-6,ZDB-FISH-170919-50,ZDB-FMREL-170919-35,ZDB-GENOFEAT-170919-44,
ZDB-ALT-170919-37,ZDB-GENO-170919-42,ZDB-TGCONSTRCT-170913-6,ZDB-FISH-170919-51,ZDB-FMREL-170919-36,ZDB-GENOFEAT-170919-45,
ZDB-ALT-170919-38,ZDB-GENO-170919-43,ZDB-TGCONSTRCT-170913-6,ZDB-FISH-170919-52,ZDB-FMREL-170919-37,ZDB-GENOFEAT-170919-46,
ZDB-ALT-170919-39,ZDB-GENO-170919-44,ZDB-TGCONSTRCT-170913-6,ZDB-FISH-170919-53,ZDB-FMREL-170919-40,ZDB-GENOFEAT-170919-47,
ZDB-ALT-170919-4,ZDB-GENO-170919-7,ZDB-TGCONSTRCT-170913-6,ZDB-FISH-170919-10,ZDB-FMREL-170919-4,ZDB-GENOFEAT-170919-8,
ZDB-ALT-170919-40,ZDB-GENO-170919-45,ZDB-TGCONSTRCT-170913-6,ZDB-FISH-170919-54,ZDB-FMREL-170919-39,ZDB-GENOFEAT-170919-48,
ZDB-ALT-170919-41,ZDB-GENO-170919-48,ZDB-TGCONSTRCT-170913-6,ZDB-FISH-170919-57,ZDB-FMREL-170919-43,ZDB-GENOFEAT-170919-51,
ZDB-ALT-170919-42,ZDB-GENO-170919-46,ZDB-TGCONSTRCT-170913-6,ZDB-FISH-170919-55,ZDB-FMREL-170919-41,ZDB-GENOFEAT-170919-49,
ZDB-ALT-170919-43,ZDB-GENO-170919-47,ZDB-TGCONSTRCT-170913-6,ZDB-FISH-170919-56,ZDB-FMREL-170919-42,ZDB-GENOFEAT-170919-50,
ZDB-ALT-170919-44,ZDB-GENO-170919-49,ZDB-TGCONSTRCT-170913-6,ZDB-FISH-170919-58,ZDB-FMREL-170919-44,ZDB-GENOFEAT-170919-52,
ZDB-ALT-170919-45,ZDB-GENO-170919-50,ZDB-TGCONSTRCT-170913-6,ZDB-FISH-170919-59,ZDB-FMREL-170919-45,ZDB-GENOFEAT-170919-53,
ZDB-ALT-170919-46,ZDB-GENO-170919-51,ZDB-TGCONSTRCT-170913-6,ZDB-FISH-170919-60,ZDB-FMREL-170919-46,ZDB-GENOFEAT-170919-54,
ZDB-ALT-170919-47,ZDB-GENO-170919-52,ZDB-TGCONSTRCT-170913-6,ZDB-FISH-170919-61,ZDB-FMREL-170919-47,ZDB-GENOFEAT-170919-55,
ZDB-ALT-170919-48,ZDB-GENO-170919-53,ZDB-TGCONSTRCT-170913-6,ZDB-FISH-170919-62,ZDB-FMREL-170919-48,ZDB-GENOFEAT-170919-56,
ZDB-ALT-170919-49,ZDB-GENO-170919-54,ZDB-TGCONSTRCT-170913-6,ZDB-FISH-170919-63,ZDB-FMREL-170919-49,ZDB-GENOFEAT-170919-57,
ZDB-ALT-170919-5,ZDB-GENO-170919-8,ZDB-TGCONSTRCT-170913-6,ZDB-FISH-170919-11,ZDB-FMREL-170919-5,ZDB-GENOFEAT-170919-9,
ZDB-ALT-170919-50,ZDB-GENO-170919-56,ZDB-TGCONSTRCT-170913-6,ZDB-FISH-170919-65,ZDB-FMREL-170919-51,ZDB-GENOFEAT-170919-59,
ZDB-ALT-170919-51,ZDB-GENO-170919-57,ZDB-TGCONSTRCT-170913-6,ZDB-FISH-170919-66,ZDB-FMREL-170919-52,ZDB-GENOFEAT-170919-60,
ZDB-ALT-170919-52,ZDB-GENO-170919-58,ZDB-TGCONSTRCT-170913-6,ZDB-FISH-170919-67,ZDB-FMREL-170919-53,ZDB-GENOFEAT-170919-61,
ZDB-ALT-170919-53,ZDB-GENO-170919-59,ZDB-TGCONSTRCT-170913-6,ZDB-FISH-170919-68,ZDB-FMREL-170919-54,ZDB-GENOFEAT-170919-62,
ZDB-ALT-170919-54,ZDB-GENO-170919-55,ZDB-TGCONSTRCT-170913-6,ZDB-FISH-170919-64,ZDB-FMREL-170919-50,ZDB-GENOFEAT-170919-58,
ZDB-ALT-170919-55,ZDB-GENO-170920-9,ZDB-TGCONSTRCT-170913-6,ZDB-FISH-170920-9,ZDB-FMREL-170919-55,ZDB-GENOFEAT-170920-14,
ZDB-ALT-170919-56,ZDB-GENO-170920-10,ZDB-TGCONSTRCT-170913-6,ZDB-FISH-170920-10,ZDB-FMREL-170919-56,ZDB-GENOFEAT-170920-15,
ZDB-ALT-170919-57,ZDB-GENO-170920-11,ZDB-TGCONSTRCT-170913-6,ZDB-FISH-170920-11,ZDB-FMREL-170919-57,ZDB-GENOFEAT-170920-16,
ZDB-ALT-170919-58,ZDB-GENO-170920-13,ZDB-TGCONSTRCT-170913-6,ZDB-FISH-170920-13,ZDB-FMREL-170919-58,ZDB-GENOFEAT-170920-18,
ZDB-ALT-170919-59,ZDB-GENO-170920-16,ZDB-TGCONSTRCT-170913-6,ZDB-FISH-170920-16,ZDB-FMREL-170919-59,ZDB-GENOFEAT-170920-23,
ZDB-ALT-170919-6,ZDB-GENO-170919-10,ZDB-TGCONSTRCT-170913-6,ZDB-FISH-170919-13,ZDB-FMREL-170919-6,ZDB-GENOFEAT-170919-11,
ZDB-ALT-170919-60,ZDB-GENO-170920-17,ZDB-TGCONSTRCT-170913-6,ZDB-FISH-170920-17,ZDB-FMREL-170919-60,ZDB-GENOFEAT-170920-24,
ZDB-ALT-170919-61,ZDB-GENO-170920-21,ZDB-TGCONSTRCT-170913-6,ZDB-FISH-170920-21,ZDB-FMREL-170919-61,ZDB-GENOFEAT-170920-28,
ZDB-ALT-170919-62,ZDB-GENO-170920-22,ZDB-TGCONSTRCT-170913-6,ZDB-FISH-170920-22,ZDB-FMREL-170919-62,ZDB-GENOFEAT-170920-29,
ZDB-ALT-170919-63,ZDB-GENO-170920-24,ZDB-TGCONSTRCT-170913-6,ZDB-FISH-170920-24,ZDB-FMREL-170919-63,ZDB-GENOFEAT-170920-31,
ZDB-ALT-170919-64,ZDB-GENO-170920-25,ZDB-TGCONSTRCT-170913-6,ZDB-FISH-170920-25,ZDB-FMREL-170919-64,ZDB-GENOFEAT-170920-32,
ZDB-ALT-170919-65,ZDB-GENO-170920-26,ZDB-TGCONSTRCT-170913-6,ZDB-FISH-170920-26,ZDB-FMREL-170919-65,ZDB-GENOFEAT-170920-33,
ZDB-ALT-170919-66,ZDB-GENO-170920-27,ZDB-TGCONSTRCT-170913-6,ZDB-FISH-170920-27,ZDB-FMREL-170919-66,ZDB-GENOFEAT-170920-34,
ZDB-ALT-170919-67,ZDB-GENO-170920-23,ZDB-TGCONSTRCT-170913-6,ZDB-FISH-170920-23,ZDB-FMREL-170919-67,ZDB-GENOFEAT-170920-30,
ZDB-ALT-170919-68,ZDB-GENO-170920-18,ZDB-TGCONSTRCT-170913-6,ZDB-FISH-170920-18,ZDB-FMREL-170919-68,ZDB-GENOFEAT-170920-25,
ZDB-ALT-170919-69,ZDB-GENO-170920-19,ZDB-TGCONSTRCT-170913-6,ZDB-FISH-170920-19,ZDB-FMREL-170919-69,ZDB-GENOFEAT-170920-26,
ZDB-ALT-170919-7,ZDB-GENO-170919-11,ZDB-TGCONSTRCT-170913-6,ZDB-FISH-170919-14,ZDB-FMREL-170919-7,ZDB-GENOFEAT-170919-12,
ZDB-ALT-170919-8,ZDB-GENO-170919-12,ZDB-TGCONSTRCT-170913-6,ZDB-FISH-170919-15,ZDB-FMREL-170919-8,ZDB-GENOFEAT-170919-13,
ZDB-ALT-170919-9,ZDB-GENO-170919-13,ZDB-TGCONSTRCT-170913-6,ZDB-FISH-170919-16,ZDB-FMREL-170919-9,ZDB-GENOFEAT-170919-14,
ZDB-ALT-170920-5,ZDB-GENO-170920-20,ZDB-TGCONSTRCT-170913-6,ZDB-FISH-170920-20,ZDB-FMREL-170920-9,ZDB-GENOFEAT-170920-27,
ZDB-ALT-171005-10,ZDB-GENO-171017-2,ZDB-TGCONSTRCT-170913-6,ZDB-FISH-171017-5,ZDB-FMREL-171005-10,ZDB-GENOFEAT-171017-3,
ZDB-ALT-171005-11,ZDB-GENO-171017-18,ZDB-TGCONSTRCT-170913-6,ZDB-FISH-171017-21,ZDB-FMREL-171005-11,ZDB-GENOFEAT-171017-19,
ZDB-ALT-171005-12,ZDB-GENO-171017-6,ZDB-TGCONSTRCT-170913-6,ZDB-FISH-171017-9,ZDB-FMREL-171005-12,ZDB-GENOFEAT-171017-7,
ZDB-ALT-171005-13,ZDB-GENO-171017-4,ZDB-TGCONSTRCT-170913-6,ZDB-FISH-171017-7,ZDB-FMREL-171005-13,ZDB-GENOFEAT-171017-5,
ZDB-ALT-171005-14,ZDB-GENO-171017-3,ZDB-TGCONSTRCT-170913-6,ZDB-FISH-171017-6,ZDB-FMREL-171005-14,ZDB-GENOFEAT-171017-4,
ZDB-ALT-171005-15,ZDB-GENO-171017-11,ZDB-TGCONSTRCT-170913-6,ZDB-FISH-171017-14,ZDB-FMREL-171005-15,ZDB-GENOFEAT-171017-12,
ZDB-ALT-171005-16,ZDB-GENO-171017-8,ZDB-TGCONSTRCT-170913-6,ZDB-FISH-171017-11,ZDB-FMREL-171005-16,ZDB-GENOFEAT-171017-9,
ZDB-ALT-171005-17,ZDB-GENO-171017-16,ZDB-TGCONSTRCT-170913-6,ZDB-FISH-171017-19,ZDB-FMREL-171005-17,ZDB-GENOFEAT-171017-17,
ZDB-ALT-171005-18,ZDB-GENO-171017-17,ZDB-TGCONSTRCT-170913-6,ZDB-FISH-171017-20,ZDB-FMREL-171005-18,ZDB-GENOFEAT-171017-18,
ZDB-ALT-171005-2,ZDB-GENO-171017-15,ZDB-TGCONSTRCT-170913-6,ZDB-FISH-171017-18,ZDB-FMREL-171005-2,ZDB-GENOFEAT-171017-16,
ZDB-ALT-171005-3,ZDB-GENO-171017-14,ZDB-TGCONSTRCT-170913-6,ZDB-FISH-171017-17,ZDB-FMREL-171005-3,ZDB-GENOFEAT-171017-15,
ZDB-ALT-171005-4,ZDB-GENO-171017-5,ZDB-TGCONSTRCT-170913-6,ZDB-FISH-171017-8,ZDB-FMREL-171005-4,ZDB-GENOFEAT-171017-6,
ZDB-ALT-171005-5,ZDB-GENO-171017-12,ZDB-TGCONSTRCT-170913-6,ZDB-FISH-171017-15,ZDB-FMREL-171005-5,ZDB-GENOFEAT-171017-13,
ZDB-ALT-171005-6,ZDB-GENO-171017-9,ZDB-TGCONSTRCT-170913-6,ZDB-FISH-171017-12,ZDB-FMREL-171005-6,ZDB-GENOFEAT-171017-10,
ZDB-ALT-171005-7,ZDB-GENO-171017-7,ZDB-TGCONSTRCT-170913-6,ZDB-FISH-171017-10,ZDB-FMREL-171005-7,ZDB-GENOFEAT-171017-8,
ZDB-ALT-171005-8,ZDB-GENO-171017-13,ZDB-TGCONSTRCT-170913-6,ZDB-FISH-171017-16,ZDB-FMREL-171005-8,ZDB-GENOFEAT-171017-14,
ZDB-ALT-171005-9,ZDB-GENO-171017-10,ZDB-TGCONSTRCT-170913-6,ZDB-FISH-171017-13,ZDB-FMREL-171005-9,ZDB-GENOFEAT-171017-11,
ZDB-ALT-171128-1,ZDB-GENO-171128-1,ZDB-TGCONSTRCT-170913-6,ZDB-FISH-171128-1,ZDB-FMREL-171128-1,ZDB-GENOFEAT-171128-1,
ZDB-ALT-171128-10,ZDB-GENO-171128-10,ZDB-TGCONSTRCT-170913-6,ZDB-FISH-171128-10,ZDB-FMREL-171128-10,ZDB-GENOFEAT-171128-10,
ZDB-ALT-171128-100,ZDB-GENO-171128-100,ZDB-TGCONSTRCT-170913-6,ZDB-FISH-171128-100,ZDB-FMREL-171128-100,ZDB-GENOFEAT-171128-100,
ZDB-ALT-171128-101,ZDB-GENO-171128-101,ZDB-TGCONSTRCT-170913-6,ZDB-FISH-171128-101,ZDB-FMREL-171128-101,ZDB-GENOFEAT-171128-101,
ZDB-ALT-171128-102,ZDB-GENO-171128-102,ZDB-TGCONSTRCT-170913-6,ZDB-FISH-171128-102,ZDB-FMREL-171128-102,ZDB-GENOFEAT-171128-102,
ZDB-ALT-171128-103,ZDB-GENO-171128-103,ZDB-TGCONSTRCT-170913-6,ZDB-FISH-171128-103,ZDB-FMREL-171128-103,ZDB-GENOFEAT-171128-103,
ZDB-ALT-171128-104,ZDB-GENO-171128-104,ZDB-TGCONSTRCT-170913-6,ZDB-FISH-171128-104,ZDB-FMREL-171128-104,ZDB-GENOFEAT-171128-104,
ZDB-ALT-171128-105,ZDB-GENO-171128-105,ZDB-TGCONSTRCT-170913-6,ZDB-FISH-171128-105,ZDB-FMREL-171128-105,ZDB-GENOFEAT-171128-105,
ZDB-ALT-171128-106,ZDB-GENO-171128-106,ZDB-TGCONSTRCT-170913-6,ZDB-FISH-171128-106,ZDB-FMREL-171128-106,ZDB-GENOFEAT-171128-106,
ZDB-ALT-171128-107,ZDB-GENO-171128-107,ZDB-TGCONSTRCT-170913-6,ZDB-FISH-171128-107,ZDB-FMREL-171128-107,ZDB-GENOFEAT-171128-107,
ZDB-ALT-171128-108,ZDB-GENO-171128-108,ZDB-TGCONSTRCT-170913-6,ZDB-FISH-171128-108,ZDB-FMREL-171128-108,ZDB-GENOFEAT-171128-108,
ZDB-ALT-171128-109,ZDB-GENO-171128-109,ZDB-TGCONSTRCT-170913-6,ZDB-FISH-171128-109,ZDB-FMREL-171128-109,ZDB-GENOFEAT-171128-109,
ZDB-ALT-171128-11,ZDB-GENO-171128-11,ZDB-TGCONSTRCT-170913-6,ZDB-FISH-171128-11,ZDB-FMREL-171128-11,ZDB-GENOFEAT-171128-11,
ZDB-ALT-171128-110,ZDB-GENO-171128-110,ZDB-TGCONSTRCT-170913-6,ZDB-FISH-171128-110,ZDB-FMREL-171128-110,ZDB-GENOFEAT-171128-110,
ZDB-ALT-171128-111,ZDB-GENO-171128-111,ZDB-TGCONSTRCT-170913-6,ZDB-FISH-171128-111,ZDB-FMREL-171128-111,ZDB-GENOFEAT-171128-111,
ZDB-ALT-171128-112,ZDB-GENO-171128-112,ZDB-TGCONSTRCT-170913-6,ZDB-FISH-171128-112,ZDB-FMREL-171128-112,ZDB-GENOFEAT-171128-112,
ZDB-ALT-171128-12,ZDB-GENO-171128-12,ZDB-TGCONSTRCT-170913-6,ZDB-FISH-171128-12,ZDB-FMREL-171128-12,ZDB-GENOFEAT-171128-12,
ZDB-ALT-171128-13,ZDB-GENO-171128-13,ZDB-TGCONSTRCT-170913-6,ZDB-FISH-171128-13,ZDB-FMREL-171128-13,ZDB-GENOFEAT-171128-13,
ZDB-ALT-171128-14,ZDB-GENO-171128-14,ZDB-TGCONSTRCT-170913-6,ZDB-FISH-171128-14,ZDB-FMREL-171128-14,ZDB-GENOFEAT-171128-14,
ZDB-ALT-171128-15,ZDB-GENO-171128-15,ZDB-TGCONSTRCT-170913-6,ZDB-FISH-171128-15,ZDB-FMREL-171128-15,ZDB-GENOFEAT-171128-15,
ZDB-ALT-171128-16,ZDB-GENO-171128-16,ZDB-TGCONSTRCT-170913-6,ZDB-FISH-171128-16,ZDB-FMREL-171128-16,ZDB-GENOFEAT-171128-16,
ZDB-ALT-171128-17,ZDB-GENO-171128-17,ZDB-TGCONSTRCT-170913-6,ZDB-FISH-171128-17,ZDB-FMREL-171128-17,ZDB-GENOFEAT-171128-17,
ZDB-ALT-171128-18,ZDB-GENO-171128-18,ZDB-TGCONSTRCT-170913-6,ZDB-FISH-171128-18,ZDB-FMREL-171128-18,ZDB-GENOFEAT-171128-18,
ZDB-ALT-171128-19,ZDB-GENO-171128-19,ZDB-TGCONSTRCT-170913-6,ZDB-FISH-171128-19,ZDB-FMREL-171128-19,ZDB-GENOFEAT-171128-19,
ZDB-ALT-171128-2,ZDB-GENO-171128-2,ZDB-TGCONSTRCT-170913-6,ZDB-FISH-171128-2,ZDB-FMREL-171128-2,ZDB-GENOFEAT-171128-2,
ZDB-ALT-171128-20,ZDB-GENO-171128-20,ZDB-TGCONSTRCT-170913-6,ZDB-FISH-171128-20,ZDB-FMREL-171128-20,ZDB-GENOFEAT-171128-20,
ZDB-ALT-171128-21,ZDB-GENO-171128-21,ZDB-TGCONSTRCT-170913-6,ZDB-FISH-171128-21,ZDB-FMREL-171128-21,ZDB-GENOFEAT-171128-21,
ZDB-ALT-171128-22,ZDB-GENO-171128-22,ZDB-TGCONSTRCT-170913-6,ZDB-FISH-171128-22,ZDB-FMREL-171128-22,ZDB-GENOFEAT-171128-22,
ZDB-ALT-171128-23,ZDB-GENO-171128-23,ZDB-TGCONSTRCT-170913-6,ZDB-FISH-171128-23,ZDB-FMREL-171128-23,ZDB-GENOFEAT-171128-23,
ZDB-ALT-171128-24,ZDB-GENO-171128-24,ZDB-TGCONSTRCT-170913-6,ZDB-FISH-171128-24,ZDB-FMREL-171128-24,ZDB-GENOFEAT-171128-24,
ZDB-ALT-171128-25,ZDB-GENO-171128-25,ZDB-TGCONSTRCT-170913-6,ZDB-FISH-171128-25,ZDB-FMREL-171128-25,ZDB-GENOFEAT-171128-25,
ZDB-ALT-171128-26,ZDB-GENO-171128-26,ZDB-TGCONSTRCT-170913-6,ZDB-FISH-171128-26,ZDB-FMREL-171128-26,ZDB-GENOFEAT-171128-26,
ZDB-ALT-171128-27,ZDB-GENO-171128-27,ZDB-TGCONSTRCT-170913-6,ZDB-FISH-171128-27,ZDB-FMREL-171128-27,ZDB-GENOFEAT-171128-27,
ZDB-ALT-171128-28,ZDB-GENO-171128-28,ZDB-TGCONSTRCT-170913-6,ZDB-FISH-171128-28,ZDB-FMREL-171128-28,ZDB-GENOFEAT-171128-28,
ZDB-ALT-171128-29,ZDB-GENO-171128-29,ZDB-TGCONSTRCT-170913-6,ZDB-FISH-171128-29,ZDB-FMREL-171128-29,ZDB-GENOFEAT-171128-29,
ZDB-ALT-171128-3,ZDB-GENO-171128-3,ZDB-TGCONSTRCT-170913-6,ZDB-FISH-171128-3,ZDB-FMREL-171128-3,ZDB-GENOFEAT-171128-3,
ZDB-ALT-171128-30,ZDB-GENO-171128-30,ZDB-TGCONSTRCT-170913-6,ZDB-FISH-171128-30,ZDB-FMREL-171128-30,ZDB-GENOFEAT-171128-30,
ZDB-ALT-171128-31,ZDB-GENO-171128-31,ZDB-TGCONSTRCT-170913-6,ZDB-FISH-171128-31,ZDB-FMREL-171128-31,ZDB-GENOFEAT-171128-31,
ZDB-ALT-171128-32,ZDB-GENO-171128-32,ZDB-TGCONSTRCT-170913-6,ZDB-FISH-171128-32,ZDB-FMREL-171128-32,ZDB-GENOFEAT-171128-32,
ZDB-ALT-171128-33,ZDB-GENO-171128-33,ZDB-TGCONSTRCT-170913-6,ZDB-FISH-171128-33,ZDB-FMREL-171128-33,ZDB-GENOFEAT-171128-33,
ZDB-ALT-171128-34,ZDB-GENO-171128-34,ZDB-TGCONSTRCT-170913-6,ZDB-FISH-171128-34,ZDB-FMREL-171128-34,ZDB-GENOFEAT-171128-34,
ZDB-ALT-171128-35,ZDB-GENO-171128-35,ZDB-TGCONSTRCT-170913-6,ZDB-FISH-171128-35,ZDB-FMREL-171128-35,ZDB-GENOFEAT-171128-35,
ZDB-ALT-171128-36,ZDB-GENO-171128-36,ZDB-TGCONSTRCT-170913-6,ZDB-FISH-171128-36,ZDB-FMREL-171128-36,ZDB-GENOFEAT-171128-36,
ZDB-ALT-171128-37,ZDB-GENO-171128-37,ZDB-TGCONSTRCT-170913-6,ZDB-FISH-171128-37,ZDB-FMREL-171128-37,ZDB-GENOFEAT-171128-37,
ZDB-ALT-171128-38,ZDB-GENO-171128-38,ZDB-TGCONSTRCT-170913-6,ZDB-FISH-171128-38,ZDB-FMREL-171128-38,ZDB-GENOFEAT-171128-38,
ZDB-ALT-171128-39,ZDB-GENO-171128-39,ZDB-TGCONSTRCT-170913-6,ZDB-FISH-171128-39,ZDB-FMREL-171128-39,ZDB-GENOFEAT-171128-39,
ZDB-ALT-171128-4,ZDB-GENO-171128-4,ZDB-TGCONSTRCT-170913-6,ZDB-FISH-171128-4,ZDB-FMREL-171128-4,ZDB-GENOFEAT-171128-4,
ZDB-ALT-171128-40,ZDB-GENO-171128-40,ZDB-TGCONSTRCT-170913-6,ZDB-FISH-171128-40,ZDB-FMREL-171128-40,ZDB-GENOFEAT-171128-40,
ZDB-ALT-171128-41,ZDB-GENO-171128-41,ZDB-TGCONSTRCT-170913-6,ZDB-FISH-171128-41,ZDB-FMREL-171128-41,ZDB-GENOFEAT-171128-41,
ZDB-ALT-171128-42,ZDB-GENO-171128-42,ZDB-TGCONSTRCT-170913-6,ZDB-FISH-171128-42,ZDB-FMREL-171128-42,ZDB-GENOFEAT-171128-42,
ZDB-ALT-171128-43,ZDB-GENO-171128-43,ZDB-TGCONSTRCT-170913-6,ZDB-FISH-171128-43,ZDB-FMREL-171128-43,ZDB-GENOFEAT-171128-43,
ZDB-ALT-171128-44,ZDB-GENO-171128-44,ZDB-TGCONSTRCT-170913-6,ZDB-FISH-171128-44,ZDB-FMREL-171128-44,ZDB-GENOFEAT-171128-44,
ZDB-ALT-171128-45,ZDB-GENO-171128-45,ZDB-TGCONSTRCT-170913-6,ZDB-FISH-171128-45,ZDB-FMREL-171128-45,ZDB-GENOFEAT-171128-45,
ZDB-ALT-171128-46,ZDB-GENO-171128-46,ZDB-TGCONSTRCT-170913-6,ZDB-FISH-171128-46,ZDB-FMREL-171128-46,ZDB-GENOFEAT-171128-46,
ZDB-ALT-171128-47,ZDB-GENO-171128-47,ZDB-TGCONSTRCT-170913-6,ZDB-FISH-171128-47,ZDB-FMREL-171128-47,ZDB-GENOFEAT-171128-47,
ZDB-ALT-171128-48,ZDB-GENO-171128-48,ZDB-TGCONSTRCT-170913-6,ZDB-FISH-171128-48,ZDB-FMREL-171128-48,ZDB-GENOFEAT-171128-48,
ZDB-ALT-171128-49,ZDB-GENO-171128-49,ZDB-TGCONSTRCT-170913-6,ZDB-FISH-171128-49,ZDB-FMREL-171128-49,ZDB-GENOFEAT-171128-49,
ZDB-ALT-171128-5,ZDB-GENO-171128-5,ZDB-TGCONSTRCT-170913-6,ZDB-FISH-171128-5,ZDB-FMREL-171128-5,ZDB-GENOFEAT-171128-5,
ZDB-ALT-171128-50,ZDB-GENO-171128-50,ZDB-TGCONSTRCT-170913-6,ZDB-FISH-171128-50,ZDB-FMREL-171128-50,ZDB-GENOFEAT-171128-50,
ZDB-ALT-171128-51,ZDB-GENO-171128-51,ZDB-TGCONSTRCT-170913-6,ZDB-FISH-171128-51,ZDB-FMREL-171128-51,ZDB-GENOFEAT-171128-51,
ZDB-ALT-171128-52,ZDB-GENO-171128-52,ZDB-TGCONSTRCT-170913-6,ZDB-FISH-171128-52,ZDB-FMREL-171128-52,ZDB-GENOFEAT-171128-52,
ZDB-ALT-171128-53,ZDB-GENO-171128-53,ZDB-TGCONSTRCT-170913-6,ZDB-FISH-171128-53,ZDB-FMREL-171128-53,ZDB-GENOFEAT-171128-53,
ZDB-ALT-171128-54,ZDB-GENO-171128-54,ZDB-TGCONSTRCT-170913-6,ZDB-FISH-171128-54,ZDB-FMREL-171128-54,ZDB-GENOFEAT-171128-54,
ZDB-ALT-171128-55,ZDB-GENO-171128-55,ZDB-TGCONSTRCT-170913-6,ZDB-FISH-171128-55,ZDB-FMREL-171128-55,ZDB-GENOFEAT-171128-55,
ZDB-ALT-171128-56,ZDB-GENO-171128-56,ZDB-TGCONSTRCT-170913-6,ZDB-FISH-171128-56,ZDB-FMREL-171128-56,ZDB-GENOFEAT-171128-56,
ZDB-ALT-171128-57,ZDB-GENO-171128-57,ZDB-TGCONSTRCT-170913-6,ZDB-FISH-171128-57,ZDB-FMREL-171128-57,ZDB-GENOFEAT-171128-57,
ZDB-ALT-171128-58,ZDB-GENO-171128-58,ZDB-TGCONSTRCT-170913-6,ZDB-FISH-171128-58,ZDB-FMREL-171128-58,ZDB-GENOFEAT-171128-58,
ZDB-ALT-171128-59,ZDB-GENO-171128-59,ZDB-TGCONSTRCT-170913-6,ZDB-FISH-171128-59,ZDB-FMREL-171128-59,ZDB-GENOFEAT-171128-59,
ZDB-ALT-171128-6,ZDB-GENO-171128-6,ZDB-TGCONSTRCT-170913-6,ZDB-FISH-171128-6,ZDB-FMREL-171128-6,ZDB-GENOFEAT-171128-6,
ZDB-ALT-171128-60,ZDB-GENO-171128-60,ZDB-TGCONSTRCT-170913-6,ZDB-FISH-171128-60,ZDB-FMREL-171128-60,ZDB-GENOFEAT-171128-60,
ZDB-ALT-171128-61,ZDB-GENO-171128-61,ZDB-TGCONSTRCT-170913-6,ZDB-FISH-171128-61,ZDB-FMREL-171128-61,ZDB-GENOFEAT-171128-61,
ZDB-ALT-171128-62,ZDB-GENO-171128-62,ZDB-TGCONSTRCT-170913-6,ZDB-FISH-171128-62,ZDB-FMREL-171128-62,ZDB-GENOFEAT-171128-62,
ZDB-ALT-171128-63,ZDB-GENO-171128-63,ZDB-TGCONSTRCT-170913-6,ZDB-FISH-171128-63,ZDB-FMREL-171128-63,ZDB-GENOFEAT-171128-63,
ZDB-ALT-171128-64,ZDB-GENO-171128-64,ZDB-TGCONSTRCT-170913-6,ZDB-FISH-171128-64,ZDB-FMREL-171128-64,ZDB-GENOFEAT-171128-64,
ZDB-ALT-171128-65,ZDB-GENO-171128-65,ZDB-TGCONSTRCT-170913-6,ZDB-FISH-171128-65,ZDB-FMREL-171128-65,ZDB-GENOFEAT-171128-65,
ZDB-ALT-171128-66,ZDB-GENO-171128-66,ZDB-TGCONSTRCT-170913-6,ZDB-FISH-171128-66,ZDB-FMREL-171128-66,ZDB-GENOFEAT-171128-66,
ZDB-ALT-171128-67,ZDB-GENO-171128-67,ZDB-TGCONSTRCT-170913-6,ZDB-FISH-171128-67,ZDB-FMREL-171128-67,ZDB-GENOFEAT-171128-67,
ZDB-ALT-171128-68,ZDB-GENO-171128-68,ZDB-TGCONSTRCT-170913-6,ZDB-FISH-171128-68,ZDB-FMREL-171128-68,ZDB-GENOFEAT-171128-68,
ZDB-ALT-171128-69,ZDB-GENO-171128-69,ZDB-TGCONSTRCT-170913-6,ZDB-FISH-171128-69,ZDB-FMREL-171128-69,ZDB-GENOFEAT-171128-69,
ZDB-ALT-171128-7,ZDB-GENO-171128-7,ZDB-TGCONSTRCT-170913-6,ZDB-FISH-171128-7,ZDB-FMREL-171128-7,ZDB-GENOFEAT-171128-7,
ZDB-ALT-171128-70,ZDB-GENO-171128-70,ZDB-TGCONSTRCT-170913-6,ZDB-FISH-171128-70,ZDB-FMREL-171128-70,ZDB-GENOFEAT-171128-70,
ZDB-ALT-171128-71,ZDB-GENO-171128-71,ZDB-TGCONSTRCT-170913-6,ZDB-FISH-171128-71,ZDB-FMREL-171128-71,ZDB-GENOFEAT-171128-71,
ZDB-ALT-171128-72,ZDB-GENO-171128-72,ZDB-TGCONSTRCT-170913-6,ZDB-FISH-171128-72,ZDB-FMREL-171128-72,ZDB-GENOFEAT-171128-72,
ZDB-ALT-171128-73,ZDB-GENO-171128-73,ZDB-TGCONSTRCT-170913-6,ZDB-FISH-171128-73,ZDB-FMREL-171128-73,ZDB-GENOFEAT-171128-73,
ZDB-ALT-171128-74,ZDB-GENO-171128-74,ZDB-TGCONSTRCT-170913-6,ZDB-FISH-171128-74,ZDB-FMREL-171128-74,ZDB-GENOFEAT-171128-74,
ZDB-ALT-171128-75,ZDB-GENO-171128-75,ZDB-TGCONSTRCT-170913-6,ZDB-FISH-171128-75,ZDB-FMREL-171128-75,ZDB-GENOFEAT-171128-75,
ZDB-ALT-171128-76,ZDB-GENO-171128-76,ZDB-TGCONSTRCT-170913-6,ZDB-FISH-171128-76,ZDB-FMREL-171128-76,ZDB-GENOFEAT-171128-76,
ZDB-ALT-171128-77,ZDB-GENO-171128-77,ZDB-TGCONSTRCT-170913-6,ZDB-FISH-171128-77,ZDB-FMREL-171128-77,ZDB-GENOFEAT-171128-77,
ZDB-ALT-171128-78,ZDB-GENO-171128-78,ZDB-TGCONSTRCT-170913-6,ZDB-FISH-171128-78,ZDB-FMREL-171128-78,ZDB-GENOFEAT-171128-78,
ZDB-ALT-171128-79,ZDB-GENO-171128-79,ZDB-TGCONSTRCT-170913-6,ZDB-FISH-171128-79,ZDB-FMREL-171128-79,ZDB-GENOFEAT-171128-79,
ZDB-ALT-171128-8,ZDB-GENO-171128-8,ZDB-TGCONSTRCT-170913-6,ZDB-FISH-171128-8,ZDB-FMREL-171128-8,ZDB-GENOFEAT-171128-8,
ZDB-ALT-171128-80,ZDB-GENO-171128-80,ZDB-TGCONSTRCT-170913-6,ZDB-FISH-171128-80,ZDB-FMREL-171128-80,ZDB-GENOFEAT-171128-80,
ZDB-ALT-171128-81,ZDB-GENO-171128-81,ZDB-TGCONSTRCT-170913-6,ZDB-FISH-171128-81,ZDB-FMREL-171128-81,ZDB-GENOFEAT-171128-81,
ZDB-ALT-171128-82,ZDB-GENO-171128-82,ZDB-TGCONSTRCT-170913-6,ZDB-FISH-171128-82,ZDB-FMREL-171128-82,ZDB-GENOFEAT-171128-82,
ZDB-ALT-171128-83,ZDB-GENO-171128-83,ZDB-TGCONSTRCT-170913-6,ZDB-FISH-171128-83,ZDB-FMREL-171128-83,ZDB-GENOFEAT-171128-83,
ZDB-ALT-171128-84,ZDB-GENO-171128-84,ZDB-TGCONSTRCT-170913-6,ZDB-FISH-171128-84,ZDB-FMREL-171128-84,ZDB-GENOFEAT-171128-84,
ZDB-ALT-171128-85,ZDB-GENO-171128-85,ZDB-TGCONSTRCT-170913-6,ZDB-FISH-171128-85,ZDB-FMREL-171128-85,ZDB-GENOFEAT-171128-85,
ZDB-ALT-171128-86,ZDB-GENO-171128-86,ZDB-TGCONSTRCT-170913-6,ZDB-FISH-171128-86,ZDB-FMREL-171128-86,ZDB-GENOFEAT-171128-86,
ZDB-ALT-171128-87,ZDB-GENO-171128-87,ZDB-TGCONSTRCT-170913-6,ZDB-FISH-171128-87,ZDB-FMREL-171128-87,ZDB-GENOFEAT-171128-87,
ZDB-ALT-171128-88,ZDB-GENO-171128-88,ZDB-TGCONSTRCT-170913-6,ZDB-FISH-171128-88,ZDB-FMREL-171128-88,ZDB-GENOFEAT-171128-88,
ZDB-ALT-171128-89,ZDB-GENO-171128-89,ZDB-TGCONSTRCT-170913-6,ZDB-FISH-171128-89,ZDB-FMREL-171128-89,ZDB-GENOFEAT-171128-89,
ZDB-ALT-171128-9,ZDB-GENO-171128-9,ZDB-TGCONSTRCT-170913-6,ZDB-FISH-171128-9,ZDB-FMREL-171128-9,ZDB-GENOFEAT-171128-9,
ZDB-ALT-171128-90,ZDB-GENO-171128-90,ZDB-TGCONSTRCT-170913-6,ZDB-FISH-171128-90,ZDB-FMREL-171128-90,ZDB-GENOFEAT-171128-90,
ZDB-ALT-171128-91,ZDB-GENO-171128-91,ZDB-TGCONSTRCT-170913-6,ZDB-FISH-171128-91,ZDB-FMREL-171128-91,ZDB-GENOFEAT-171128-91,
ZDB-ALT-171128-92,ZDB-GENO-171128-92,ZDB-TGCONSTRCT-170913-6,ZDB-FISH-171128-92,ZDB-FMREL-171128-92,ZDB-GENOFEAT-171128-92,
ZDB-ALT-171128-93,ZDB-GENO-171128-93,ZDB-TGCONSTRCT-170913-6,ZDB-FISH-171128-93,ZDB-FMREL-171128-93,ZDB-GENOFEAT-171128-93,
ZDB-ALT-171128-94,ZDB-GENO-171128-94,ZDB-TGCONSTRCT-170913-6,ZDB-FISH-171128-94,ZDB-FMREL-171128-94,ZDB-GENOFEAT-171128-94,
ZDB-ALT-171128-95,ZDB-GENO-171128-95,ZDB-TGCONSTRCT-170913-6,ZDB-FISH-171128-95,ZDB-FMREL-171128-95,ZDB-GENOFEAT-171128-95,
ZDB-ALT-171128-96,ZDB-GENO-171128-96,ZDB-TGCONSTRCT-170913-6,ZDB-FISH-171128-96,ZDB-FMREL-171128-96,ZDB-GENOFEAT-171128-96,
ZDB-ALT-171128-97,ZDB-GENO-171128-97,ZDB-TGCONSTRCT-170913-6,ZDB-FISH-171128-97,ZDB-FMREL-171128-97,ZDB-GENOFEAT-171128-97,
ZDB-ALT-171128-98,ZDB-GENO-171128-98,ZDB-TGCONSTRCT-170913-6,ZDB-FISH-171128-98,ZDB-FMREL-171128-98,ZDB-GENOFEAT-171128-98,
ZDB-ALT-171128-99,ZDB-GENO-171128-99,ZDB-TGCONSTRCT-170913-6,ZDB-FISH-171128-99,ZDB-FMREL-171128-99,ZDB-GENOFEAT-171128-99,
