feature_abbrev,sequence,tgtgeneid,tgtgenesymbol,mutationtype,pageURL
zko1a,GGGGACGGTGAAGATCTCTCtgg,ZDB-GENE-070424-102,zgc:163025,INDEL,1201
zko2a,GGAGCTGAAGACGGGGAATCtgg,ZDB-GENE-010814-1,f7,DELETION,1202
zko6a,GGTGTACTCGTCCTTCAGGTtgg,ZDB-GENE-041114-79,pcid2,DELETION,1181
zko9a,GGATGAGAATAAGATCGGTGtgg,ZDB-GENE-040625-171,dcun1d2,DELETION,1191
zko10a,GGCAGAGAAACACCAGCAGGagg,ZDB-GENE-071030-1,tmco3,DELETION,1192
zko10b,GGCAGAGAAACACCAGCAGGagg,ZDB-GENE-071030-1,tmco3,DELETION,1192
zko12a,GGCGGAGATGTAGGCAGAGTtgg,ZDB-GENE-050823-1,grk1a,DELETION,1194
zko13a,GGCATCTGAGAGCTCGGAGCcgg,ZDB-GENE-060929-860,zgc:152925,DELETION,453
zko14a,GGTCATTAAGATTGACAGGGagg,ZDB-GENE-030131-7773,gas6,DELETION,1183
zko14b,GGTCATTAAGATTGACAGGGagg,ZDB-GENE-030131-7773,gas6,DELETION,1183
zko16b,GGAGAATCTGGACACAAACAggg,ZDB-GENE-090313-21,rasa3,INSERTION,1185
zko17a,GGCGTGGACCCAGGGGCCCCggg,ZDB-GENE-121214-290,tpp2,DELETION,1195
zko18a,GGTGTACCTGCAGCGGCCGCggg,ZDB-GENE-121214-178,si:ch73-244f7.3,DELETION,1206
zko18b,GGTGTACCTGCAGCGGCCGCggg,ZDB-GENE-121214-178,si:ch73-244f7.3,DELETION,1206
zko19a,GGAGTCGACGGACTGCTATGggg,ZDB-GENE-040718-53,zgc:92518,DELETION,1207
zko19b,GGAGTCGACGGACTGCTATGggg,ZDB-GENE-040718-53,zgc:92518,DELETION,1207
zko20a,GGCGGTGGAAGAGCGTGAGCagg,ZDB-GENE-050327-28,ercc5,INDEL,1208
zko20b,GGCGGTGGAAGAGCGTGAGCagg,ZDB-GENE-050327-28,ercc5,INDEL,1208
zko21a,GGTGAGCCGGGACGCCTGTTtgg,ZDB-GENE-010724-1,blzf1,INSERTION,1209
zko21b,GGTGAGCCGGGACGCCTGTTtgg,ZDB-GENE-010724-1,blzf1,INDEL,1209
zko22a,GGTGTTTCCCGCCGGTCAGAcgg,ZDB-GENE-041114-12,trmt10c,DELETION,1210
zko23a,GGCTCATGATCTGAGTAATAtgg,ZDB-GENE-051030-63,zgc:123253,INDEL,1196
zko23b,GGCTCATGATCTGAGTAATAtgg,ZDB-GENE-051030-63,zgc:123253,INSERTION,1196
zko24a,GGATCTGCTGTGCTGCCGGAtgg,ZDB-GENE-090313-163,si:ch73-41e3.7,DELETION,1197
zko25a,GGGGTCAATGCTGCGGTTTAtgg,ZDB-GENE-041122-1,mrpl16,DELETION,1198
zko25b,GGGGTCAATGCTGCGGTTTAtgg,ZDB-GENE-041122-1,mrpl16,INSERTION,1198
zko26a,GGAGGTGCAGCTGCAGGGGCcgg,ZDB-GENE-030131-6520,mrpl39,INDEL,1199
zko27a,GGTCTGGAAGGGCCTCCACAcgg,,,DELETION,1200
zko27b,GGTCTGGAAGGGCCTCCACAcgg,,,DELETION,1200
zko30a,GGTGGCGTTGGGATGGCGGAtgg,ZDB-GENE-031204-3,jam2a,DELETION,1212
zko30b,GGTGGCGTTGGGATGGCGGAtgg,ZDB-GENE-031204-3,jam2a,INDEL,1212
zko32a,GGACCGATATCTGGAGACGCcgg,ZDB-GENE-000616-13,appa,DELETION,1214
zko32b,GGACCGATATCTGGAGACGCcgg,ZDB-GENE-000616-13,appa,INDEL,1214
zko33a,GGCGGCGGGGTGAAGGCGCAggg,ZDB-GENE-080229-4,sc:d0144,INDEL,1215
zko33b,GGCGGCGGGGTGAAGGCGCAggg,ZDB-GENE-080229-4,sc:d0144,DELETION,1215
zko34a,GGCAGCGGCAGTGGCGTCATggg,ZDB-GENE-040426-1412,ildr1a,DELETION,1216
zko34b,GGCAGCGGCAGTGGCGTCATggg,ZDB-GENE-040426-1412,ildr1a,INDEL,1216
zko36a,GGAAGGGCACCGTGCCCAGCagg,ZDB-GENE-050417-34,zgc:110091,INDEL,1218
zko36b,GGAAGGGCACCGTGCCCAGCagg,ZDB-GENE-050417-34,zgc:110091,INSERTION,1218
zko37a,GGTGGGAGTGTCGGGACGCTcgg,ZDB-GENE-050417-287,eed,DELETION,1219
zko37b,GGTGGGAGTGTCGGGACGCTcgg,ZDB-GENE-050417-287,eed,DELETION,1219
zko38a,GGAGCTGATGAGCCGAGATGagg,ZDB-GENE-071024-1,nfkbiz,DELETION,1220
zko38b,GGAGCTGATGAGCCGAGATGagg,ZDB-GENE-071024-1,nfkbiz,INDEL,1220
zko39a,GGTGCTGCAGGGAGACGCAGtgg,ZDB-GENE-031030-11,cep97,DELETION,1176
zko40a,GGCGTATCGCCGGCCGTGACcgg,ZDB-GENE-020419-25,rpl24,INDEL,1177
zko43a,GGAGAACATGGCTCTTCTGGcgg,ZDB-GENE-030131-7567,wu:fj30f06,INDEL,1180
zko45a,GGACGAGCTGCAGGTTTACTggg,,,DELETION,1222
zko45b,GGACGAGCTGCAGGTTTACTggg,,,INDEL,1222
zko46a,GGTCTCGTTCGCAGGGCCACagg,,,DELETION,1223
zko46b,GGTCTCGTTCGCAGGGCCACagg,,,INDEL,1223
zko48a,GGTACTCGATCACCGCAGTCagg,ZDB-GENE-040426-1113,phc2b,DELETION,1225
zko50a,GGCCGGTCGCGGCCGCTTTTcgg,ZDB-GENE-040718-206,zgc:92834,DELETION,1227
zko52a,GGGTTTGTGAAGACGGTGAtgg,ZDB-GENE-000605-1,runx1,DELETION,1229
zko54a,GGGCTTTTCTGGGCTCTAGagg; GGACAGGATCGGCCCAGGAGagg,,,DELETION,411
zko55a,GGTAATGATGGTGATCCGGtgg,ZDB-GENE-110718-3,urp2,INDEL,1231
zko55b,GGTAATGATGGTGATCCGGtgg,ZDB-GENE-110718-3,urp2,DELETION,1231
zko57a,GGATGACTGTTGCTCACATGtgg,ZDB-GENE-001212-4,atp1a1a.4,DELETION,497
zko58a,gGACGATCACAAACTGTCCC; CCTCAGAGCAGGGGGGCAAG,ZDB-GENE-001212-1,atp1a1,DELETION,749
zko58b,gGACGATCACAAACTGTCCC; CCTCAGAGCAGGGGGGCAAG,ZDB-GENE-001212-1,atp1a1,DELETION,749
zko59a,GGGACTTGTGCTTGCGTTTGtgg,ZDB-GENE-001212-2,atp1a1a.2,DELETION,692
zko59b,GGGACTTGTGCTTGCGTTTGtgg,ZDB-GENE-001212-2,atp1a1a.2,INDEL,692
zko60a,GACATTGGAGGAGCTCAGCagg,ZDB-GENE-001212-3,atp1a1a.3,DELETION,694
zko61a,GTGGCGGCGACTTCAGAAGAtgg,ZDB-GENE-020501-1,atp1a1a.5,DELETION,498
zko64a,GCCAATGGCCAACAGATTGggg,ZDB-GENE-091204-469,si:ch211-132g1.6,INDEL,147
zko67b,GGCCCTTTGCTCCGGGTGGAggg,ZDB-GENE-121214-287,si:ch211-132g1.7,INSERTION,162
zko76b,GAAGTAATCGCCCTCGACGagg,ZDB-GENE-070424-163,si:ch211-235f1.1,DELETION,642
zko78a,GGCTCTGGAAAGCAGGTCTCtgg,ZDB-GENE-070424-26,zgc:162208,DELETION,651
zko78b,GGCTCTGGAAAGCAGGTCTCtgg,ZDB-GENE-070424-26,zgc:162208,INDEL,651
zko79a,GCTGAATGTGCCTGGCTCtgg,ZDB-GENE-040912-8,zgc:92115,DELETION,653
zko80a,GGATCTTTGGTCCGGGCACagg,ZDB-GENE-061103-94,zgc:154024,DELETION,655
zko84a,GTGCTACTGCTTTGTTCTGGagg; GGTGTTCAGCTGCTGTGCATtgg,,,DELETION,233
zko85a,GGCAAGACACCCAACCTAAcgg; GGTGTTCAGCTGCTGTGCATtgg,,,INDEL,237
zko91a,GGAGGACACATTCCAGGGGTtgg,ZDB-GENE-030131-2816,wu:fc18f06,INSERTION,674
zko92a,GTACACGGAGGGCCCGAcgg,ZDB-GENE-030131-7038,spry2,INDEL,682
zko93a,GATTCCCTCCAAAGCGCCAAcgg,ZDB-GENE-040426-2662,zgc:63948,INDEL,683
zko100a,GCCACAGTATCGTCCGATCAAggg,ZDB-GENE-040611-2,nrp2a,INDEL,171
zko100b,GCCACAGTATCGTCCGATCAAggg,ZDB-GENE-040611-2,nrp2a,DELETION,171
zko103b,GGCTGTAGTAGCTCTTCAGAGagg,ZDB-GENE-091204-447,si:ch1073-345a8.1,DELETION,202
zko105a,GCTCTATCATGCCCCATGACagg,ZDB-GENE-030131-6808,cnppd1,INDEL,208
zko105b,GCTCTATCATGCCCCATGACagg,ZDB-GENE-030131-6808,cnppd1,INDEL,208
zko107a,GGGTCTGGAGGCCTGGTTCCcgg,ZDB-GENE-061215-128,fam134a,DELETION,216
zko108a,GGAGGACACCTGCGCATCTATtgg,ZDB-GENE-060929-384,zgc:153922,INDEL,217
zko108b,GGAGGACACCTGCGCATCTATtgg,ZDB-GENE-060929-384,zgc:153922,INDEL,217
zko130a,GGGAAAGAGTTCGGTTCagg,,mxa/mxb,DELETION,1387
zko155a,GGAGAAGCGCGGACCCGGGCagg,ZDB-GENE-061013-602,alkbh5,DELETION,666
zko155b,GGAGAAGCGCGGACCCGGGCagg,ZDB-GENE-061013-602,alkbh5,DELETION,666
zko169b,GGAGGAAGCCCGTTCGCTAggg,ZDB-GENE-070424-223,grin2ab,DELETION,1343
zko172a,GGAGGCTCTGCGGATTTGGGtgg,ZDB-GENE-090313-141,si:ch73-191k20.2,DELETION,416
zko172b,GGAGGCTCTGCGGATTTGGGtgg,ZDB-GENE-090313-141,si:ch73-191k20.2,INDEL,416
zko175a,GGGTGGGAGACATCTTGAagg,ZDB-GENE-040219-6,tlr2,INDEL,1361
zko175b,GGGTGGGAGACATCTTGAagg,ZDB-GENE-040219-6,tlr2,DELETION,1361
zko176a,GGGGAGTCTTACCTTGACACtgg,ZDB-GENE-040426-1354,prkcba,INDEL,697
zko176b,GGGGAGTCTTACCTTGACACtgg,ZDB-GENE-040426-1354,prkcba,DELETION,697
zko180a,GAGAGCATAGTGGCTCAATCcgg,ZDB-GENE-090313-42,vap,DELETION,1234
zko181a,GCAGCTCCGCTCATCCATGGCcgg,ZDB-GENE-040801-1,ndufab1a,DELETION,258
zko182a,GGGCTTCGCTTGCATGCAGggg; GGATTAATACTCTCCAGTTGggg,ZDB-GENE-090313-43,palb2,DELETION,491
zko183a,GAGGGTCAGTGGGAAATTTTcgg; GCAGAAGAACACAAGTTGACtgg,ZDB-GENE-060818-9,zgc:152698,DELETION,514
zko188a,GCTCCTAAACCTCAGTGTCagg; GCCATGAAGGACAACCCGTggg,ZDB-GENE-081022-188,gng13a,DELETION,532
zko190a,GAATATGGGCTTGCTAAGAagg,ZDB-GENE-070928-28,zgc:171747,INDEL,407
zko204a,GAACAAATTTTCAACTCCAagg,ZDB-GENE-040426-705,pdia2,DELETION,393
zko207a,GGCAGTCTAAGAGAGTGAGAtgg,ZDB-GENE-090313-396,si:dkeyp-75b4.9,DELETION,417
zko207b,GGCAGTCTAAGAGAGTGAGAtgg,ZDB-GENE-090313-396,si:dkeyp-75b4.9,INSERTION,417
zko209a,GGACGCTCTTCCTGGTGTCGagg,ZDB-GENE-090312-70,trim2b,DELETION,418
zko209b,GGACGCTCTTCCTGGTGTCGagg,ZDB-GENE-090312-70,trim2b,INDEL,418
zko210a,GGCTACACGTGAAGCACAGagg,ZDB-GENE-040426-1104,rnf175,DELETION,419
zko210b,GGCTACACGTGAAGCACAGagg,ZDB-GENE-040426-1104,rnf175,INDEL,419
zko211a,GGAGCAACCTGAATCAGGcgg,ZDB-GENE-030131-9261,fgb,DELETION,175
zko212a,TGATAACAGGTATATGTCTCtgg,ZDB-GENE-031010-21,fga,DELETION,178
zko213a,GGGGGACAGCACCAAGCTGCtgg,ZDB-GENE-111115-4,npy2rl,INDEL,420
zko213b,GGGGGACAGCACCAAGCTGCtgg,ZDB-GENE-111115-4,npy2rl,INDEL,420
zko215a,GGCTACACACCTTGTCCATAtgg,ZDB-GENE-081022-106,lratb.2,DELETION,421
zko215b,GGCTACACACCTTGTCCATAtgg,ZDB-GENE-081022-106,lratb.2,INDEL,421
zko216a,GGCTCGTTGGGCTTTCTCGCggg,ZDB-GENE-061013-298,rbm46,DELETION,422
zko216b,GGCTCGTTGGGCTTTCTCGCggg,ZDB-GENE-061013-298,rbm46,DELETION,422
zko218a,GGTGGTTTTGGCTTCGATTGtgg,ZDB-GENE-100215-2,eif3f,DELETION,424
zko218b,GGTGGTTTTGGCTTCGATTGtgg,ZDB-GENE-100215-2,eif3f,DELETION,424
zko219a,GGCTGAAACCACCAGTGCCAtgg,ZDB-GENE-040426-1901,zgc:77880,INSERTION,425
zko219b,GGCTGAAACCACCAGTGCCAtgg,ZDB-GENE-040426-1901,zgc:77880,INDEL,425
zko220a,GGTTTGCTGATCGGTCGGTAggg,ZDB-GENE-121214-195,tmem55bb,DELETION,426
zko220b,GGTTTGCTGATCGGTCGGTAggg,ZDB-GENE-121214-195,tmem55bb,DELETION,426
zko221a,GGAGAAGGAGTACTTTGGCCtgg,ZDB-GENE-121214-124,si:ch211-243g6.3,DELETION,427
zko221b,GGAGAAGGAGTACTTTGGCCtgg,ZDB-GENE-121214-124,si:ch211-243g6.3,DELETION,427
zko222a,TCAGCGGGACTCGAGAAGAA,ZDB-GENE-020402-4,dachb,INSERTION,568
zko222b,TCAGCGGGACTCGAGAAGAA,ZDB-GENE-020402-4,dachb,DELETION,568
zko223a,GGCGGTGCCCCTTTATCATCCagg,ZDB-GENE-050411-12,tnrc5,DELETION,428
zko223b,GGCGGTGCCCCTTTATCATCCagg,ZDB-GENE-050411-12,tnrc5,INDEL,428
zko224a,GGAGGTAGAGCTCTCTCCAGagg,ZDB-GENE-040812-1,trpc5a,INSERTION,429
zko224b,GGAGGTAGAGCTCTCTCCAGagg,ZDB-GENE-040812-1,trpc5a,DELETION,429
zko225a,GGCCTTCCATCTCCTCCACcgg,ZDB-GENE-080204-80,zgc:174945,INDEL,430
zko225b,GGCCTTCCATCTCCTCCACcgg,ZDB-GENE-080204-80,zgc:174945,INDEL,430
zko227a,GGAGACACGGCTGTTGTGTTtgg,ZDB-GENE-121214-76,si:dkey-31e10.5,DELETION,432
zko227b,GGAGACACGGCTGTTGTGTTtgg,ZDB-GENE-121214-76,si:dkey-31e10.5,DELETION,432
zko228a,GGCAGACTTTATTCACGACTGcgg,ZDB-GENE-040912-107,zgc:103678,DELETION,433
zko228b,GGCAGACTTTATTCACGACTGcgg,ZDB-GENE-040912-107,zgc:103678,INSERTION,433
zko229a,GGACGTACCGGCGGGAGTTGggg,ZDB-GENE-001127-4,atp1b1b,DELETION,434
zko229b,GGACGTACCGGCGGGAGTTGggg,ZDB-GENE-001127-4,atp1b1b,INSERTION,434
zko230a,GGATGATTACACAATCCTAtgg,ZDB-GENE-090312-121,cnga3b,DELETION,435
zko230b,GGATGATTACACAATCCTAtgg,ZDB-GENE-090312-121,cnga3b,DELETION,435
zko231a,GGGGAAGACTAATGTGAGATggg,ZDB-GENE-090313-144,si:ch73-222h13.1,INDEL,436
zko231b,GGGGAAGACTAATGTGAGATggg,ZDB-GENE-090313-144,si:ch73-222h13.1,INSERTION,436
zko232a,GGCTGCACCTCAGAACGTGAagg,ZDB-GENE-071120-6,crfb15,DELETION,437
zko232b,GGCTGCACCTCAGAACGTGAagg,ZDB-GENE-071120-6,crfb15,INDEL,437
zko233a,GGATGGACACCACATCTATGCtgg,ZDB-GENE-071120-6,crfb15,DELETION,438
zko233b,GGATGGACACCACATCTATGCtgg,ZDB-GENE-071120-6,crfb15,DELETION,438
zko234a,GGCCGAAGCAGTGAACCCACagg,ZDB-GENE-010426-1,dmd,INSERTION,1251
zko234b,GGCCGAAGCAGTGAACCCACagg,ZDB-GENE-010426-1,dmd,INDEL,1251
zko235a,GGACCTCTTACATCACTATCtgg,ZDB-GENE-030131-5437,casc5,INDEL,1252
zko236a,GGTCAAGCTTTTCTGCTACTagg,ZDB-GENE-081022-187,zgc:195152,DELETION,439
zko236b,GGTCAAGCTTTTCTGCTACTagg,ZDB-GENE-081022-187,zgc:195152,INDEL,439
zko237a,GGTGCTCACCTGTCTGGCGGagg,ZDB-GENE-090311-17,sdk1b,INSERTION,449
zko237b,GGTGCTCACCTGTCTGGCGGagg,ZDB-GENE-090311-17,sdk1b,DELETION,449
zko239a,GGCCTCTGGAGCCAAAGTAGggg,ZDB-GENE-090312-165,si:dkey-26i13.6,INSERTION,1255
zko239b,GGCCTCTGGAGCCAAAGTAGggg,ZDB-GENE-090312-165,si:dkey-26i13.6,INDEL,1255
zko243a,GGACTTCAACCTTAAACAAcgg,,BX569798.1,DELETION,492
zko244a,GGGCGTGCAGCTGCTGTCACtgg,ZDB-GENE-060421-6989,brat1,DELETION,493
zko244b,GGGCGTGCAGCTGCTGTCACtgg,ZDB-GENE-060421-6989,brat1,DELETION,493
zko245a,GGAGTATGCTTCCCCTAACCagg,ZDB-GENE-090312-175,eif3bb,DELETION,536
zko246a,GGACTCTGACAATGTCTTGAggg,ZDB-GENE-090312-134,si:dkey-26i13.8,DELETION,1257
zko248a,GGCCAAACTTCTCCACAGACggg,ZDB-GENE-140106-29,zmp:0000001069,INSERTION,1258
zko248b,GGCCAAACTTCTCCACAGACggg,ZDB-GENE-140106-29,zmp:0000001069,DELETION,1258
zko249a,GGCATTGCAGTCGGTTTCTAtgg,ZDB-GENE-051120-105,ttyh3b,INDEL,504
zko249b,GGCATTGCAGTCGGTTTCTAtgg,ZDB-GENE-051120-105,ttyh3b,DELETION,504
zko250a,GAGACTTGTGCGACGAATCCtgg,ZDB-GENE-090312-217,iqce,INDEL,454
zko252a,GGCCAACACCGTGCTGCTGAagg,ZDB-GENE-060929-1198,grk4,INDEL,520
zko252b,GGCCAACACCGTGCTGCTGAagg,ZDB-GENE-060929-1198,grk4,INDEL,520
zko253b,GGTGGAGTGATGTTCGTCCTcgg,ZDB-GENE-041212-12,zgc:101855,INDEL,529
zko254a,GGGGAGCGCTGGTAATCATCggg,ZDB-GENE-040419-2,mtp,INDEL,534
zko255a,GGACTGTGATCTGGATAAGAggg,ZDB-GENE-040426-1205,xpa,DELETION,545
zko255b,GGACTGTGATCTGGATAAGAggg,ZDB-GENE-040426-1205,xpa,DELETION,545
zko256a,GGATGTGGTTCACCGCTGTTtgg,ZDB-GENE-070410-18,pla2g12a,DELETION,1259
zko256b,GGATGTGGTTCACCGCTGTTtgg,ZDB-GENE-070410-18,pla2g12a,INSERTION,1259
zko257a,GGGAACAGGGCTAGAGCGGCggg,ZDB-GENE-060929-208,zgc:153286,DELETION,1260
zko258a,GGCAGACGTGCCTATCGCCAtgg,ZDB-GENE-060825-277,zgc:153443,INSERTION,551
zko258b,GGCAGACGTGCCTATCGCCAtgg,ZDB-GENE-060825-277,zgc:153443,INDEL,551
zko261a,GGGTCAGCAAGGCCCTCTGAtgg,ZDB-GENE-090313-317,si:dkey-58j15.9,INDEL,553
zko261b,GGGTCAGCAAGGCCCTCTGAtgg,ZDB-GENE-090313-317,si:dkey-58j15.9,INDEL,553
zko262b,GGATCCCCTGGAGGCAATGTtgg,ZDB-GENE-040419-2,mtp,INDEL,1261
zko263a,GGGTCATCCCGAAAGGTATGggg,ZDB-GENE-130821-1,spink4,DELETION,556
zko263b,GGGTCATCCCGAAAGGTATGggg,ZDB-GENE-130821-1,spink4,DELETION,556
zko264a,GGGCCAAACTGCTCAATGTggg,ZDB-GENE-050417-236,b4galt1,INDEL,630
zko265a,GGACCGCTTTCCATATCTCAAggg,ZDB-GENE-070410-116,zgc:162946,INDEL,631
zko265b,GGACCGCTTTCCATATCTCAAggg,ZDB-GENE-070410-116,zgc:162946,DELETION,631
zko267a,GGAACTAGATCATCCCGGTCtgg,ZDB-GENE-090312-131,tmod1,DELETION,455
zko267b,GGAACTAGATCATCCCGGTCtgg,ZDB-GENE-090312-131,tmod1,DELETION,455
zko268a,GGAAGCTCTGAGACAGGAAGagg,ZDB-GENE-040718-160,cplx2l,INSERTION,632
zko268b,GGAAGCTCTGAGACAGGAAGagg,ZDB-GENE-040718-160,cplx2l,DELETION,632
zko269b,GGACATCTTTGACCTGGAGGtgg,ZDB-GENE-040426-1848,gne,INDEL,1262
zko271b,GGAGAGAGGAGCAGCGAGATagg,ZDB-GENE-040426-1986,clta,DELETION,1264
zko272a,GCTCCCTGGCTCGCAGACAGagg,ZDB-GENE-030131-3278,sclt1,DELETION,1265
zko274b,GGAGGGCAGCCGCAGAGGACtgg,ZDB-GENE-020731-1,pcdh10a,DELETION,1267
zko275a,GGACTGAGACAGCACAACAAagg,ZDB-GENE-000607-1,pcdh18a,INDEL,1268
zko275b,GGACTGAGACAGCACAACAAagg,ZDB-GENE-000607-1,pcdh18a,DELETION,1268
zko277a,GGGACTGTACGTAGAGCCACagg,ZDB-GENE-110930-4,noctb,INDEL,1269
zko279a,GGATTTTCACAGCACTCATTagg,,,DELETION,1270
zko279b,GGATTTTCACAGCACTCATTagg,,,DELETION,1270
zko295b,GGGTCTGTGCCCACTTTATTtgg,ZDB-GENE-141215-40,si:dkey-194g4.1,INDEL,538
zko319a,GTGGCATGTATCCTCCAAAtgg,ZDB-GENE-040426-1512,asah1b,DELETION,464
zko320a,ccataggctccagagagcag,ZDB-GENE-050417-324,zgc:112426,DELETION,484
zko331a,GGCATCTGCATCACAGCCCATGCagg,ZDB-GENE-011210-1,casp3a,DELETION,633
zko332a,GGATAAAGCTCGTCTGATCCtgg,ZDB-GENE-050809-115,acsl1,DELETION,465
zko334b,GGAGCTCCCAGTCTCTTCCagg,ZDB-GENE-080225-6,si:ch211-197n1.2,DELETION,466
zko335a,GGAGCCGTATAGAAAAAACAGtgg,ZDB-GENE-090313-282,si:dkey-256e7.5,DELETION,467
zko335b,GGAGCCGTATAGAAAAAACAGtgg,ZDB-GENE-090313-282,si:dkey-256e7.5,DELETION,467
zko336a,GGATTTCTTGGCCGGTGGTGtgg,ZDB-GENE-030131-5275,slc25a4,DELETION,634
zko336b,GGATTTCTTGGCCGGTGGTGtgg,ZDB-GENE-030131-5275,slc25a4,INDEL,634
zko337a,GTCACATCTATTGACTGGGAagg,ZDB-GENE-030131-9405,zgc:85910,DELETION,468
zko337b,GTCACATCTATTGACTGGGAagg,ZDB-GENE-030131-9405,zgc:85910,DELETION,468
zko338a,GCATCAGTGTGTTGATGGCCagg,ZDB-GENE-070308-1,ankrd37,DELETION,469
zko338b,GCATCAGTGTGTTGATGGCCagg,ZDB-GENE-070308-1,ankrd37,DELETION,469
zko339b,GGCTGTGGCACCAGGAACGagg,ZDB-GENE-030131-8726,ufsp2,DELETION,470
zko340a,GGAAAGAGTTCAGACAGAGCtgg,ZDB-GENE-090313-283,si:dkey-256e7.8,DELETION,471
zko340b,GGAAAGAGTTCAGACAGAGCtgg,ZDB-GENE-090313-283,si:dkey-256e7.8,DELETION,471
zko342a,GGTGGAGGAGGAGGGTGTGCagg,ZDB-GENE-070308-2,sorbs2a,INDEL,472
zko348a,CCGGAGGAACGCGCGCCACC,ZDB-GENE-990415-155,mtnr1aa,DELETION,968
zko349a,GGCGTATGGAGGCCTACCTGagg,ZDB-GENE-080424-7,klhl5,DELETION,473
zko349b,GGCGTATGGAGGCCTACCTGagg,ZDB-GENE-080424-7,klhl5,INDEL,473
zko350a,GAAGAGGGTCTGCTCATCGTggg,ZDB-GENE-090313-219,si:dkey-192k22.2,DELETION,474
zko351a,GGAGTAGTTGGGGATCCTGGggg,ZDB-GENE-070410-52,fam114a1,DELETION,475
zko352a,GGGTGCGGCTCAGATTTGATtgg,ZDB-GENE-011116-1,klf3,DELETION,1235
zko353a,GGATCCTGAGAGTCCGCCTCagg,ZDB-GENE-060710-1,tbc1d1,DELETION,1186
zko353b,GGATCCTGAGAGTCCGCCTCagg,ZDB-GENE-060710-1,tbc1d1,DELETION,1186
zko354a,GGACTCCCTCTCCCTCCTCAggg,ZDB-GENE-040426-2218,pgm2,DELETION,1187
zko355a,GAGATCTGCTGACAATGCCAtgg,ZDB-GENE-090313-198,si:dkey-167i21.2,INDEL,476
zko356a,GGCTTTCTAGAGCTGTACCGtgg,ZDB-GENE-040426-1722,zgc:73228,DELETION,477
zko357a,GAGTCTTATGAAGTGCTCCAagg,ZDB-GENE-100921-3,si:dkey-167i21.4,DELETION,461
zko358a,GTGGCACTTCAAACACAGCggg,ZDB-GENE-081022-208,zgc:195282,INSERTION,478
zko359a,GGGGTTCCATAGTTACCGGAtgg,ZDB-GENE-030131-8693,si:dkey-20n3.1,INDEL,479
zko360b,GGGGATAAGGACTTCAGAAGtgg,ZDB-GENE-090312-153,limch1a,DELETION,480
zko361a,GGCTTATGAACGAGGCGTCCagg,ZDB-GENE-090313-51,phox2ba,DELETION,575
zko361b,GGCTTATGAACGAGGCGTCCagg,ZDB-GENE-090313-51,phox2ba,DELETION,575
zko362a,AGACAGCTGGAGAGGTGCCTGagg,ZDB-GENE-041010-180,exosc9,DELETION,485
zko364a,GGTACAGGAGCTGGACGCAG,ZDB-GENE-070615-38,ptprdb,DELETION,1289
zko366a,GTGTTCCTGAAGCTCTGAGagg,ZDB-GENE-040718-249,tyrp1b,INDEL,481
zko366b,GTGTTCCTGAAGCTCTGAGagg,ZDB-GENE-040718-249,tyrp1b,INSERTION,481
zko367a,GGGGAAGTGCCTTGCCAGCCtgg,ZDB-GENE-030131-9612,si:ch211-241e15.2,INDEL,482
zko367b,GGGGAAGTGCCTTGCCAGCCtgg,ZDB-GENE-030131-9612,si:ch211-241e15.2,INDEL,482
zko368a,GGCAAGAGCAGGATCTTCTAtgg,ZDB-GENE-060719-1,lap3,INDEL,483
zko368b,GGCAAGAGCAGGATCTTCTAtgg,ZDB-GENE-060719-1,lap3,DELETION,483
zko370a,GGGGGGCATCAGGAGTGATAAC,ZDB-GENE-050916-2,kitb,DELETION,931
zko370b,GGGGGGCATCAGGAGTGATAAC,ZDB-GENE-050916-2,kitb,DELETION,931
zko371a,GTGCCAGACAGGAGTGGATCtgg,ZDB-GENE-061207-64,si:dkey-245p14.5,INSERTION,506
zko372a,atcactggactgaacggcag,ZDB-GENE-030131-105,smc2,DELETION,511
zko374a,tgaaacagacgagcagttgc,ZDB-GENE-061207-66,si:dkey-245p14.7,INDEL,513
zko375a,ctgcctgcctccacctcttc,ZDB-GENE-090313-270,si:dkey-245p14.2,DELETION,517
zko376a,cagataggcttccctatgta,ZDB-GENE-050522-251,polr1e,DELETION,521
zko377a,ATCCCAAGATGCACTTGAGTcgg,ZDB-GENE-040426-2254,tmem192,DELETION,522
zko381a,AGGCGGCTTTCCTGCTGTATggg,ZDB-GENE-050522-20,tma16,DELETION,530
zko382b,GGGACTGCTCGACGGGAGcgg,ZDB-GENE-090312-31,si:ch211-42i9.8,DELETION,635
zko384a,GTCCTCAGCACCATGTCAGTggg,ZDB-GENE-040426-1847,grhprb,DELETION,499
zko385a,GGAAGCTGTGCATTCACGAG,ZDB-GENE-090312-139,si:dkey-82j4.2,DELETION,557
zko386a,GGGCACCACACAGTGGGAGcgg,ZDB-GENE-090313-73,apbb2b,DELETION,533
zko387a,AGGATAAATCTCGGAGTCtgg,,,INDEL,537
zko388b,GGAAGAGAGTGGACCATATGAAGagg,ZDB-GENE-040426-2328,mettl14,DELETION,539
zko389a,ggtggtccatcggcatatga,ZDB-GENE-090313-45,prss12,DELETION,540
zko390a,TCTGGTGGTTTCCTCATATGtgg,ZDB-GENE-090312-199,ndst3,INDEL,541
zko391a,gggtgattgctgttaccca; ggaggactggacatgttgac,ZDB-GENE-090313-212,si:dkey-189j19.1,DELETION,542
zko392a,ggacataagataggggagc,ZDB-GENE-060616-129,zgc:136652,INDEL,544
zko394a,GGACGACAAATGGTTGAC,ZDB-GENE-090311-24,spock3,DELETION,182
zko395a,GGATCGCACTCCTGCTGGCcgg,ZDB-GENE-041020-1,tll1,DELETION,1273
zko395b,GGATCGCACTCCTGCTGGCcgg,ZDB-GENE-041020-1,tll1,DELETION,1273
zko396a,CTGGAGATGAGCGACAATCCcgg,ZDB-GENE-090313-68,cpe,INDEL,184
zko397a,GGCATGGTGTCCCAGTCATAagg,ZDB-GENE-040426-2670,msmo1,DELETION,185
zko399a,TATGGCCTGGTTCTTCAGGTggt; ACCAACTGCCTTGGTATCCGggt,ZDB-GENE-090312-193,si:ch211-287c11.1,DELETION,189
zko401a,GGAGCGACACCTCAAGAACGcgg; GGGTTCCAGCAACTGTGGGTtgg,ZDB-GENE-090312-87,si:ch211-287c11.5,INDEL,191
zko405a,GGGCTTCCTGAAACAGCAGtgg,ZDB-GENE-090313-280,si:dkey-253i9.4,INDEL,195
zko406a,GGACCATTGGGTTTTCGGTG,ZDB-GENE-080221-1,npy1r,DELETION,196
zko408a,TGGCCTCTTGTTATGCTGGG,ZDB-GENE-040822-12,tmem144a,INDEL,198
zko413a,GGAGCAGACTGAGAGAGATGtgg,ZDB-GENE-040426-737,ncapd3,INSERTION,199
zko414a,GGTTTGTATGGACAGGACAAagg,ZDB-GENE-051113-100,zgc:123274,DELETION,200
zko415a,TGGGACAGCGACTCCAGCAGcgg; GGTTTCCAGGTGGATGTGTGcgg,ZDB-GENE-070816-2,adamtsl7,DELETION,201
zko416a,GGAGCAGGAGGCATGGTTTCcgg,ZDB-GENE-030102-2,zcchc7,DELETION,263
zko416b,GGAGCAGGAGGCATGGTTTCcgg,ZDB-GENE-030102-2,zcchc7,INSERTION,263
zko418a,GGAGGGGTGAATCAGCTGGGtgg,ZDB-GENE-001030-2,pax5,DELETION,264
zko418b,GGAGGGGTGAATCAGCTGGGtgg,ZDB-GENE-001030-2,pax5,DELETION,264
zko419a,GGGTTTGCCAAGGTCAAACTtgg,ZDB-GENE-990603-5,melk,DELETION,204
zko420a,GGAGAACGGCCAAACGAagg,ZDB-GENE-090313-137,si:ch73-173k21.1,DELETION,636
zko420b,GGAGAACGGCCAAACGAagg,ZDB-GENE-090313-137,si:ch73-173k21.1,INDEL,636
zko421a,GGTTGATTCAGGCTCAGACTggg,ZDB-GENE-070209-38,zgc:153957,DELETION,663
zko422a,GGACATCCCAGGAGCCAGAGagg,ZDB-GENE-030616-623,dnah7l,INDEL,211
zko423a,GAGTCCCAGCTCCACCACTAtgg,ZDB-GENE-090313-161,si:ch73-380n15.2,DELETION,282
zko423b,GAGTCCCAGCTCCACCACTAtgg,ZDB-GENE-090313-161,si:ch73-380n15.2,DELETION,282
zko424a,GACACGATTACTGTTCGCTTcgg,ZDB-GENE-040108-1,chrnb3a,DELETION,352
zko426a,GGATGAAGTCAATCAGATCAtgg,ZDB-GENE-090312-91,chrna6,DELETION,355
zko426b,GGATGAAGTCAATCAGATCAtgg,ZDB-GENE-090312-91,chrna6,DELETION,355
zko428a,GTGTAGGTGTTGAGCAAGCTggg,ZDB-GENE-030131-3844,uchl1,DELETION,378
zko429a,GGATGTGACTGGTGATACCGggg,ZDB-GENE-030131-9076,anxa5b,INDEL,555
zko429b,GGATGTGACTGGTGATACCGggg,ZDB-GENE-030131-9076,anxa5b,DELETION,555
zko430a,GAGGAGCCAGGAGGAAAGGAagg,ZDB-GENE-081106-1,fgfbp1,DELETION,379
zko431a,GGCGAAGGTGTAATGGACTGagg,ZDB-GENE-070410-95,zgc:162825,DELETION,328
zko434b,GACAGAAAGACCAATGTGTCagg,ZDB-GENE-030131-4025,tapt1b,INDEL,333
zko436a,GGGAAAAGGAGCTCTGGGCTcgg,ZDB-GENE-050522-320,qdprb1,DELETION,334
zko436b,GGGAAAAGGAGCTCTGGGCTcgg,ZDB-GENE-050522-320,qdprb1,INDEL,334
zko441a,GGTGGGGTTGGTGCCACCTTagg,ZDB-GENE-070410-99,rfc1,DELETION,363
zko441b,GGTGGGGTTGGTGCCACCTTagg,ZDB-GENE-070410-99,rfc1,DELETION,363
zko444a,GGGTAGTGTATCAGAGTTCCagg,ZDB-GENE-011022-1,ugdh,DELETION,368
zko445a,GGCCCCAACTCCTCAGTAGAagg,ZDB-GENE-040426-22,zgc:77713,INDEL,370
zko445b,GGCCCCAACTCCTCAGTAGAagg,ZDB-GENE-040426-22,zgc:77713,INDEL,370
zko448a,GGATCCAGAAGTCATTTGCAtgg,ZDB-GENE-061103-451,n4bp2,INSERTION,374
zko449a,GGAGTTGATGTCTTCATGGAtgg,ZDB-GENE-060228-7,rhoh,DELETION,375
zko449b,GGAGTTGATGTCTTCATGGAtgg,ZDB-GENE-060228-7,rhoh,INDEL,375
zko450a,GGTGCTGACTACATATCTGTggg,ZDB-GENE-090312-63,chrna9,INSERTION,376
zko450b,GGTGCTGACTACATATCTGTggg,ZDB-GENE-090312-63,chrna9,DELETION,376
zko451b,GGTGAAGGGACATTTGGAGagg,ZDB-GENE-090313-379,si:dkeyp-26a9.2,INSERTION,1290
zko452a,GGCGGCAGCGGTGCATGCAAcgg,ZDB-GENE-090313-380,fam184b,DELETION,274
zko452b,GGCGGCAGCGGTGCATGCAAcgg,ZDB-GENE-090313-380,fam184b,DELETION,274
zko454a,GGTGCATACCTTGAAGGGCtgg,ZDB-GENE-030131-6300,lcorl,INSERTION,276
zko454b,GGTGCATACCTTGAAGGGCtgg,ZDB-GENE-030131-6300,lcorl,INDEL,276
zko456a,GGAGCGTTCAGAGCTCTGCggg,ZDB-GENE-010306-3,slit2,DELETION,279
zko456b,GGAGCGTTCAGAGCTCTGCggg,ZDB-GENE-010306-3,slit2,DELETION,279
zko462a,GGTTGGAGAGTTTGATATCCcgg,ZDB-GENE-090312-160,si:dkey-40h17.6,DELETION,284
zko462b,GGTTGGAGAGTTTGATATCCcgg,ZDB-GENE-090312-160,si:dkey-40h17.6,DELETION,284
zko463a,GGGGGACTGCTCACACTGACtgg,ZDB-GENE-080219-12,zgc:171517,INSERTION,285
zko463b,GGGGGACTGCTCACACTGACtgg,ZDB-GENE-080219-12,zgc:171517,INDEL,285
zko469a,GGTATCCTGTGCCATCTGGAcgg,ZDB-GENE-050522-481,sh3d19,DELETION,291
zko469b,GGTATCCTGTGCCATCTGGAcgg,ZDB-GENE-050522-481,sh3d19,INDEL,291
zko470a,GGACACAGCACAGCTGGTTCagg,ZDB-GENE-090312-132,fam160a1,DELETION,292
zko471a,GGATACAGCGGTGTACTCTTCagg,ZDB-GENE-040724-131,pet112,INSERTION,293
zko471b,GGATACAGCGGTGTACTCTTCagg,ZDB-GENE-040724-131,pet112,INSERTION,293
zko476a,GGGTCTCGGTCTCTGCTGCTggg,ZDB-GENE-090313-171,si:dkey-104e13.1,INSERTION,297
zko478a,GGGCACCTCCAACTATTACTggg,ZDB-GENE-040801-116,mnd1,INDEL,298
zko479a,GGTCGAAGTTTGGCAGGCTGagg,ZDB-GENE-030131-6110,si:ch211-208h7.4,DELETION,299
zko480a,GGCAAGACAGAGTCAGACTGtgg,ZDB-GENE-050327-99,trim2a,INDEL,300
zko480b,GGCAAGACAGAGTCAGACTGtgg,ZDB-GENE-050327-99,trim2a,DELETION,300
zko481a,GGCCAGAATTACCTGGTGCCtgg,ZDB-GENE-040826-4,fhdc1,DELETION,301
zko482a,GCGAGCCGACTGGCTGCTGCagg,ZDB-GENE-040426-2690,arfip1,DELETION,302
zko483a,GGTGCAGAAACAGTGTCATC,ZDB-GENE-061013-293,sfrp2,DELETION,179
zko485a,GGTGCTTTGCCCATGTCCTtgg,,,INDEL,304
zko487a,GGCCATATGGGTCAGAGGTGtgg,ZDB-GENE-040426-2787,plrg1,DELETION,306
zko487b,GGCCATATGGGTCAGAGGTGtgg,ZDB-GENE-040426-2787,plrg1,DELETION,306
zko488a,CATGGGCTCGATCATGCATGtgg,ZDB-GENE-040426-1998,fgg,DELETION,180
zko489b,AATGCCCGACATCATGCCCC,ZDB-GENE-060720-1,lrata,DELETION,1292
zko490a,GGCGCTTCCAGCCACATGTAcgg,,,DELETION,307
zko490b,GGCGCTTCCAGCCACATGTAcgg,,,DELETION,307
zko495a,GGCCTGCTGCAGATCGGGGAtgg,ZDB-GENE-050417-230,gucy1a3,DELETION,312
zko496a,GGTCTTCAGGACATCGTCATagg,ZDB-GENE-090313-160,gucy1b3,INSERTION,313
zko496b,GGTCTTCAGGACATCGTCATagg,ZDB-GENE-090313-160,gucy1b3,DELETION,313
zko497a,GGTATAAAAGAGTGGCTCG; GGGGACTTTCACACGCA,ZDB-GENE-991019-5,fabp2,DELETION,181
zko500a,GGAACAGCCGAACCTTGGTGtgg,ZDB-GENE-101230-1,synpo2b,DELETION,316
zko500b,GGAACAGCCGAACCTTGGTGtgg,ZDB-GENE-101230-1,synpo2b,INSERTION,316
zko552a,GGAAGCCATCAGAGACATATtgg,ZDB-GENE-030131-1458,si:ch211-237a6.7,INDEL,338
zko557a,GGATTACAGTTCCAGCCCAGggg,ZDB-GENE-040426-975,zgc:56306,DELETION,402
zko558a,GGTGTGAGGGAGCCCTCTAGtgg,ZDB-GENE-070820-10,lig4,DELETION,403
zko558b,GGTGTGAGGGAGCCCTCTAGtgg,ZDB-GENE-070820-10,lig4,DELETION,403
zko564a,GGTGTTTCCTCAGTGAGGGGagg; GGATTCAGAACTCAACTGCTggg,ZDB-GENE-100922-103,si:dkey-1h24.6,DELETION,414
zko565a,GGAGCTTTTTGTACTTTCTCagg,ZDB-GENE-090311-54,si:dkey-1h24.3,DELETION,415
zko566a,GGAGGCCTTGTTTTCAAAATagg; GGTGGACCAAGGTGAATGCTtgg,ZDB-GENE-090313-223,si:dkey-1h24.4,DELETION,441
zko568a,GGACTGTGGTATTCATGCACggg,ZDB-GENE-050522-259,cpb2,DELETION,463
zko573a,GGATTAGTGAGAGAGGATCCtgg,ZDB-GENE-060825-323,zgc:153256,DELETION,489
zko575a,GGATGAGCCATTCATTTTAGagg,ZDB-GENE-060503-348,vps8,INSERTION,490
zko578a,GGGATGGGGATGTTGAGGATtgg,ZDB-GENE-040426-2050,tmem41ab,DELETION,496
zko581a,GGGACTCTTAGGAAATGCTCtgg,ZDB-GENE-081031-74,gpr183b,DELETION,515
zko582a,GGCTCAGAATCGGAGAAGATtgg,ZDB-GENE-070112-2122,zgc:158645,DELETION,554
zko585a,GGCTAAAAAACACAGCCTGGcgg,ZDB-GENE-041114-165,bora,DELETION,518
zko589a,GGATCCCTTTAAGATCACAGagg; GGAAAGCCCCCATAATGTAAggg,ZDB-GENE-050522-71,metap1d,DELETION,578
zko590a,GGGTCTTCTGGAATCTGCGCtgg,ZDB-GENE-980526-18,dlx2b,DELETION,586
zko592a,GGAAGAGACGGAGCCAGAGGggg,ZDB-GENE-090312-99,si:ch211-269i23.2,INDEL,601
zko598a,GGGCTCGGAGCAGCAGTACCtgg,,,INDEL,652
zko599a,GGAGTTCGTTTGCCACTGGAagg,ZDB-GENE-030321-1,gli1,INDEL,654
zko600a,GGATGTGTGCGGGTCGAGAGcgg,ZDB-GENE-090313-203,si:dkey-179o14.1,DELETION,656
zko606a,CTGGCAACGCTCGAGATCtgg,ZDB-GENE-060825-166,dpcd,DELETION,698
zko606b,CTGGCAACGCTCGAGATCtgg,ZDB-GENE-060825-166,dpcd,DELETION,698
zko608a,GTAGCTACTACTATGAGCTCtgg,ZDB-GENE-050522-112,wbp1lb,INDEL,563
zko609a,GGCCTTGGTGGAAGCCGGGCtgg,ZDB-GENE-060312-15,as3mt,DELETION,457
zko611a,GGCCGTCCATGTTTGCCGGGagg,ZDB-GENE-061013-522,nt5c2b,INDEL,339
zko611b,GGCCGTCCATGTTTGCCGGGagg,ZDB-GENE-061013-522,nt5c2b,DELETION,339
zko612b,GGCGTTGAGTTCCTCGAGTTggg,ZDB-GENE-990415-83,inab,DELETION,1125
zko613b,GGAGCCATGCAAAGACTCCTggg,ZDB-GENE-000201-9,kal1a,INDEL,1121
zko614a,GGGATATCTGCCTGTGAGAAagg,ZDB-GENE-030717-5,sts,DELETION,1123
zko616b,GGTAAATGTCTCGTTTGCTGcgg,,,INDEL,1126
zko617a,GGCTGGGGGAGAGAATCTTTtgg,ZDB-GENE-050522-36,hdhd1,INSERTION,1120
zko617b,GGCTGGGGGAGAGAATCTTTtgg,ZDB-GENE-050522-36,hdhd1,DELETION,1120
zko618b,GGTTCCTCTGAGCCGTGACAtgg,ZDB-GENE-100309-2,nlgn4a,INDEL,1122
zko622a,GGCAGCCCCACGTTACCCGCagg,ZDB-GENE-090313-408,prkx,DELETION,1294
zko623a,GGTGGCACGCACATGGCCGCggg,ZDB-GENE-090312-22,mxra5,DELETION,1164
zko623b,GGTGGCACGCACATGGCCGCggg,ZDB-GENE-090312-22,mxra5,INDEL,1164
zko625a,GGTGGATATAAACCCGATGG,ZDB-GENE-061103-391,cd99,INDEL,936
zko625b,GGTGGATATAAACCCGATGG,ZDB-GENE-061103-391,cd99,INDEL,936
zko628a,ggaagttctgcagggtctgca,ZDB-GENE-040426-2539,chmp2bb,INSERTION,547
zko630b,AACAACACTAGGCACTCT,ZDB-GENE-010328-7,cldng,INSERTION,1295
zko635a,GGCTGCGCAGAAGATCTACGtgg,ZDB-GENE-090311-43,epha6,DELETION,1166
zko638b,GGATCGCAGCGAGACTATTAtgg,ZDB-GENE-090313-273,slc5a7a,DELETION,1168
zko640a,GGTGGACTCTGCTGACTTGGggg,ZDB-GENE-090313-274,si:dkey-24h22.5,DELETION,1170
zko641a,GGTAACTGCTTGCCCATTGGagg,ZDB-GENE-060825-242,lmo7b,DELETION,1296
zko642a,TCCAGCAAGTCTCTGCCATC,ZDB-GENE-030131-9188,klf12a,INDEL,1297
zko642b,TCCAGCAAGTCTCTGCCATC,ZDB-GENE-030131-9188,klf12a,INDEL,1297
zko644b,GGAGTCCTCCTGAAAGCCGTcgg,ZDB-GENE-090312-167,klf5a,DELETION,1171
zko646a,GACATTGATGATGCCCTGATtgg,ZDB-GENE-990603-10,tpt1,INSERTION,1298
zko657b,GGGCTGACCAACATCCCAGTtgg,ZDB-GENE-990603-10,tpt1,INDEL,1151
zko662a,GGACTGTGATCATTTGCAGAggg,ZDB-GENE-101007-2,usp38,DELETION,1128
zko663a,GGAGGAGATGTGGTTTACTCggg,ZDB-GENE-040426-2674,gab1,DELETION,1157
zko664b,GGGCCTGGATATCCATGGAA,ZDB-GENE-030131-9788,frem3,DELETION,1299
zko666a,GGAGTGTTCTAGACTGCTGGagg,ZDB-GENE-030131-4827,hhip,INDEL,1160
zko668a,GGTCGGGCCATCGCCACACAcgg,ZDB-GENE-991119-8,smad1,DELETION,1027
zko668b,GGTCGGGCCATCGCCACACAcgg,ZDB-GENE-991119-8,smad1,DELETION,1027
zko670a,AACTAGTGGTCAGAAGTATGtgg,ZDB-GENE-061013-448,zgc:152968,INDEL,1029
zko671a,GCTCCAAGACAAGAACGCGGtgg,ZDB-GENE-080728-3,znf827,DELETION,1030
zko674a,GATGTCTCTGAACAGCAAGCagg,ZDB-GENE-040401-1,pou4f2,INDEL,1033
zko678a,GGCGTCATAGACGAGCTCAGagg,ZDB-GENE-080728-4,prmt10,INSERTION,1037
zko713a,GGAAACCATAACTCCAGAACCagg,ZDB-GENE-090313-377,si:dkeyp-13d11.1,DELETION,805
zko713b,AGAAGACAAAGAGGGCCAGCagg,ZDB-GENE-090313-377,si:dkeyp-13d11.1,INDEL,805
zko716a,GTCAGGTCTCCTGCCATGGCtgg,ZDB-GENE-050522-284,galnt7,INDEL,808
zko716b,GTCAGGTCTCCTGCCATGGCtgg,ZDB-GENE-050522-284,galnt7,DELETION,808
zko722a,TCATCGTCATCCTCTCCTggg,ZDB-GENE-020402-1,glra3,DELETION,788
zko724a,GGAAAAGGGGAACCGTATCCagg,ZDB-GENE-110411-74,si:ch211-103d13.3,INDEL,790
zko725a,GTCATAAACAGTGTCTAGACagg,ZDB-GENE-090313-131,wdr17,DELETION,458
zko725b,GTCATAAACAGTGTCTAGACagg,ZDB-GENE-090313-131,wdr17,DELETION,458
zko730a,ggagctgtaggacttctggg,ZDB-GENE-990714-19,odz3,INSERTION,1300
zko730b,ggagctgtaggacttctggg,ZDB-GENE-990714-19,odz3,DELETION,1300
zko733a,GGACAGAATGCGAATGCGCCCCtgg,ZDB-GENE-030131-4135,irf2a,DELETION,214
zko737a,GGGGAAAGTCCCCGGACACtgg,,,INDEL,1501
zko737b,GGGGAAAGTCCCCGGACACtgg,,,DELETION,1501
zko742a,GCGAGGTTACAGTCGACGGcgg,ZDB-GENE-040718-35,cdk2ap2,DELETION,821
zko747a,ccacctccacctctgggctc,ZDB-GENE-090313-12,si:ch211-113e8.11,DELETION,799
zko748b,GGTTTTACGGGACAGGTCAACG,ZDB-GENE-090313-11,si:ch211-113e8.10,INSERTION,1301
zko749a,AGTTTGAGTAGAGCCCGTCGGggg,ZDB-GENE-060929-68,zgc:152658,DELETION,1443
zko751a,TTGCTTGGACCAGTCTCAGGtgg,ZDB-GENE-090313-14,si:ch211-113e8.9,DELETION,813
zko751b,TTGCTTGGACCAGTCTCAGGtgg,ZDB-GENE-090313-14,si:ch211-113e8.9,DELETION,813
zko759a,GGGACATCGCCATTGCCCAGggg,ZDB-GENE-090313-295,si:dkey-27f16.4,INDEL,690
zko762b,ATGGGAGGTTGAGCCCCTGAagg,ZDB-GENE-060929-708,clgn,DELETION,702
zko775a,GGTTTGGGAAAAGGCGATAagg,ZDB-GENE-030131-5871,lrpap1,DELETION,340
zko775b,GGTTTGGGAAAAGGCGATAagg,ZDB-GENE-030131-5871,lrpap1,INDEL,340
zko778a,GTTCCGTGTGCTTGCCCGCAtgg,ZDB-GENE-990415-131,htt,DELETION,210
zko778b,GTTCCGTGTGCTTGCCCGCAtgg,ZDB-GENE-990415-131,htt,INDEL,210
zko781a,AGAGACCTTCCATCTGGAGTagg,ZDB-GENE-040426-1736,paip2b,INSERTION,589
zko781b,AGAGACCTTCCATCTGGAGTagg,ZDB-GENE-040426-1736,paip2b,INSERTION,589
zko782a,GGCTTGTCCTGGAGAAAACAtgg,ZDB-GENE-080721-2,dok1a,INDEL,592
zko782b,GGCTTGTCCTGGAGAAAACAtgg,ZDB-GENE-080721-2,dok1a,DELETION,592
zko786a,GGAACTAGCACAAACGAAGAggg,ZDB-GENE-090313-316,si:dkey-56e3.2,INSERTION,364
zko786b,GGAACTAGCACAAACGAAGAggg,ZDB-GENE-090313-316,si:dkey-56e3.2,INDEL,364
zko790a,GACAGATCGCTCTCTGTGGTtgg,ZDB-GENE-090313-350,si:dkey-8f21.3,INDEL,114
zko792a,GGGAACCCCGTCTACCACCtgg,ZDB-GENE-031201-3,smox,INSERTION,1547
zko792b,GGGAACCCCGTCTACCACCtgg,ZDB-GENE-031201-3,smox,DELETION,1547
zko797a,GCGGGAAGGGAACTTTGTggg,ZDB-GENE-050506-80,lrrtm1,INDEL,123
zko798a,GGAGTGAGACACTGTTATTCtgg,ZDB-GENE-040912-101,suclg1,INSERTION,149
zko798b,GGAGTGAGACACTGTTATTCtgg,ZDB-GENE-040912-101,suclg1,DELETION,149
zko799b,GGCAGCTTCTTGAGGTAGGCtgg,ZDB-GENE-040426-1381,cisd2,INSERTION,150
zko803b,GGTCAGAGGTGTAGTCCAGGagg,ZDB-GENE-090312-66,si:dkey-22i16.2,DELETION,154
zko806a,CAAACCTGTAATGGCTCCACagg,ZDB-GENE-090313-257,scpp7,DELETION,158
zko806c,CAAACCTGTAATGGCTCCACagg,ZDB-GENE-090313-257,scpp7,DELETION,158
zko807b,GATATGCAACAGTTTCAGCCtgg,ZDB-GENE-090313-258,scpp6,INDEL,159
zko810a,tatgtgcttcagcctccagt,ZDB-GENE-090424-3,scpp9,INDEL,549
zko815a,GGAACTTGTGCATTGGAGTGagg,ZDB-GENE-110411-256,si:ch73-109d9.1,DELETION,641
zko815b,GGAACTTGTGCATTGGAGTGagg,ZDB-GENE-110411-256,si:ch73-109d9.1,DELETION,641
zko827a,GGATGGCACTGGTTCAGTTAC,ZDB-GENE-110208-9,ctnnd1,DELETION,827
zko828a,GGTTGTAAGATACAAACTGACTC,ZDB-GENE-110208-8,slc43a3a,DELETION,784
zko829a,GGACGACGAGGATGAAGAGTTG,ZDB-GENE-050913-25,zgc:112300,DELETION,824
zko829b,GGACGACGAGGATGAAGAGTTG,ZDB-GENE-050913-25,zgc:112300,DELETION,824
zko835a,GGAAATGCTCCTGCTCGAACA,ZDB-GENE-041010-40,zgc:101859,INDEL,829
zko837a,GGATAACACACACACCGGTGC,ZDB-GENE-040310-4,rtn4rl2a,DELETION,831
zko838a,GGCAGTATGAGTGGGGGCGTCTC,ZDB-GENE-090312-92,zdhhc5a,DELETION,832
zko838b,GGCAGTATGAGTGGGGGCGTCTC,ZDB-GENE-090312-92,zdhhc5a,DELETION,832
zko840a,GGACCACAGAGTGACCTGGATTG,ZDB-GENE-040625-105,tmx2b,DELETION,833
zko840b,GGACCACAGAGTGACCTGGATTG,ZDB-GENE-040625-105,tmx2b,DELETION,833
zko841a,GGACCGTCCGCGCTGGGCTT,ZDB-GENE-040727-4,med19b,DELETION,834
zko841b,GGACCGTCCGCGCTGGGCTT,ZDB-GENE-040727-4,med19b,DELETION,834
zko842b,GGAGTCTTGATGGACAAGTTcgg,ZDB-GENE-070209-173,slc43a1b,INSERTION,629
zko843a,GGTCACTTCAATGACCCGGTGCA,ZDB-GENE-090501-2,si:dkey-28b4.8,INSERTION,837
zko844a,GGAGCTGAAGAACTTTGATC,ZDB-GENE-050506-118,si:dkey-28b4.7,DELETION,849
zko844b,GGAGCTGAAGAACTTTGATC,ZDB-GENE-050506-118,si:dkey-28b4.7,INDEL,849
zko845a,GGGGCACTGCTAAATTTAA,ZDB-GENE-041008-209,ssrp1b,DELETION,1473
zko845b,GGGGCACTGCTAAATTTAA,ZDB-GENE-041008-209,ssrp1b,DELETION,1473
zko846a,GGACTTCGTCAATCTCTGCA,ZDB-GENE-030319-3,p2rx3b,DELETION,861
zko846b,GGACTTCGTCAATCTCTGCA,ZDB-GENE-030319-3,p2rx3b,DELETION,861
zko849a,GGATTGTTGAAAGTCCCTTT,ZDB-GENE-090313-365,si:dkey-9i23.6,DELETION,870
zko849b,GGATTGTTGAAAGTCCCTTT,ZDB-GENE-090313-365,si:dkey-9i23.6,INDEL,870
zko850a,GGACGTCAGTTATGATCACTACG,ZDB-GENE-090313-366,tmem187,DELETION,873
zko851a,GGTCAGGTTTCACCGTGGTGTG,ZDB-GENE-090313-367,si:dkey-9i23.8,DELETION,876
zko851b,GGTCAGGTTTCACCGTGGTGTG,ZDB-GENE-090313-367,si:dkey-9i23.8,DELETION,876
zko853a,ggcagctaacaccgaggaga,ZDB-GENE-070620-13,zgc:165520,DELETION,892
zko854b,GGAGGAGGGGGCTGGTACCAggg,ZDB-GENE-061215-144,kdm2aa,INDEL,1165
zko859a,ggagctgtgaggcaggcgctg,ZDB-GENE-090313-361,si:dkey-9i23.15,DELETION,912
zko859b,ggagctgtgaggcaggcgctg,ZDB-GENE-090313-361,si:dkey-9i23.15,DELETION,912
zko860a,GGATAGTCGGCAAAAGCTTCA,ZDB-GENE-090313-360,si:dkey-9i23.14,INSERTION,913
zko861a,GGGGGAGCCCAAAATATTTGG,ZDB-GENE-080902-2,tmem176,DELETION,915
zko862a,GGTTCCATGACCCTGAAGTGG,ZDB-GENE-090313-362,si:dkey-9i23.16,INDEL,917
zko862b,GGTTCCATGACCCTGAAGTGG,ZDB-GENE-090313-362,si:dkey-9i23.16,DELETION,917
zko866b,GGACATCAACAACGGGCAG,ZDB-GENE-130530-635,smu1b,DELETION,927
zko875a,GGAAGGCCAGTTCTCGTGTGtgg,ZDB-GENE-030131-4275,ddx39aa,INSERTION,1348
zko876a,GGCCAGGACAGCCTGGGACagg,ZDB-GENE-061207-24,si:ch211-239f4.1,INDEL,1351
zko876b,GGCCAGGACAGCCTGGGACagg,ZDB-GENE-061207-24,si:ch211-239f4.1,INDEL,1351
zko879a,GTGGGGCCAATGGGTGAtgg,ZDB-GENE-070822-2,emp1,DELETION,1446
zko880a,GATTTTCTGATGCGCTACCGGGCGG,ZDB-GENE-041010-181,zgc:101679,DELETION,956
zko890b,GATGGAGATTGCCGTGTACtgg,ZDB-GENE-061207-17,pkn1,INDEL,960
zko891a,GCGGGCTCATGTCGATGTTCagg,ZDB-GENE-090312-186,map2k7,DELETION,1352
zko892a,GTGGGGATTGTAATCGGCGCtgg,ZDB-GENE-050107-4,pnpla6,DELETION,961
zko892b,GTGGGGATTGTAATCGGCGCtgg,ZDB-GENE-050107-4,pnpla6,DELETION,961
zko894a,GTACACTGCACCGCAACGagg,ZDB-GENE-050208-20,eif5b,INSERTION,962
zko894b,GTACACTGCACCGCAACGagg,ZDB-GENE-050208-20,eif5b,DELETION,962
zko895a,GTTCCCGTCAATCGTCTTCTCTGcgg,ZDB-GENE-041212-49,arhgef7b,INDEL,963
zko897a,GAGTTTCCACTCCGCCCCGagg,ZDB-GENE-060322-5,sox1b,INDEL,964
zko897b,GAGTTTCCACTCCGCCCCGagg,ZDB-GENE-060322-5,sox1b,INDEL,964
zko900a,GTCCTCTCTGCAGGGGTACGagg,ZDB-GENE-090311-52,atp11a,DELETION,965
zko900b,GTCCTCTCTGCAGGGGTACGagg,ZDB-GENE-090311-52,atp11a,INDEL,965
zko902a,GGTCCTCACAGAGGCTGAGCagg,ZDB-GENE-030616-538,tubgcp3,DELETION,966
zko902b,GGTCCTCACAGAGGCTGAGCagg,ZDB-GENE-030616-538,tubgcp3,INSERTION,966
zko903a,AGACATCAGCCCAGACCTCagg,ZDB-GENE-090312-122,mcf2la,INDEL,967
zko903b,AGACATCAGCCCAGACCTCagg,ZDB-GENE-090312-122,mcf2la,INDEL,967
zko905a,GGAGCCGCACACAGAAACCGtgg,ZDB-GENE-041114-204,cab39l,INDEL,332
zko907a,GGAGCTCTCCTCTATTCGACagg,ZDB-GENE-030131-7951,rcbtb1,DELETION,383
zko907b,GGAGCTCTCCTCTATTCGACagg,ZDB-GENE-030131-7951,rcbtb1,DELETION,383
zko908a,GGTCGCCACATTGAAGCCCAcgg,ZDB-GENE-030131-3410,arl11,INDEL,385
zko909a,GGTCAACCGCTGAACATTTAtgg,ZDB-GENE-030616-542,ebpl,DELETION,386
zko909b,GGTCAACCGCTGAACATTTAtgg,ZDB-GENE-030616-542,ebpl,INDEL,386
zko910a,GAGTCTGGAGGACTCTGACGtgg,ZDB-GENE-030616-541,kpna3,INDEL,390
zko911a,GGAAATGCCCACGGTTCAGCtgg,ZDB-GENE-040426-2713,spryd7a,DELETION,392
zko911b,GGAAATGCCCACGGTTCAGCtgg,ZDB-GENE-040426-2713,spryd7a,DELETION,392
zko913a,GGTGCAGGCCGTACTGTGCTGcgg,,,DELETION,398
zko916a,GGTAAAGTGGCCGCTCGCCCggg,ZDB-GENE-100922-213,si:ch73-160h15.3,DELETION,342
zko916b,GGTAAAGTGGCCGCTCGCCCggg,ZDB-GENE-100922-213,si:ch73-160h15.3,DELETION,342
zko918a,GACTCTGGATAGACAGCACTcgg,ZDB-GENE-030616-521,pdxkb,INDEL,343
zko918b,GACTCTGGATAGACAGCACTcgg,ZDB-GENE-030616-521,pdxkb,DELETION,343
zko919b,GGAGTACAGGACTGTAGAGAtgg,ZDB-GENE-090312-200,si:dkey-22n8.2,DELETION,344
zko920a,GAGCTCGGAGTGCGTGACCTcgg,ZDB-GENE-020123-1,pknox1.2,INDEL,345
zko920b,GAGCTCGGAGTGCGTGACCTcgg,ZDB-GENE-020123-1,pknox1.2,INDEL,345
zko921a,GAAGCTTTCTGTAGTAGATCtgg,ZDB-GENE-110914-188,si:dkey-22n8.3,INSERTION,346
zko923a,GGTTGGAAAAACATCACTTTggg,ZDB-GENE-040718-378,cryzl1,INSERTION,348
zko923b,GGTTGGAAAAACATCACTTTggg,ZDB-GENE-040718-378,cryzl1,DELETION,348
zko925a,GAAAACTCACCGGTCCAGGCtgg,ZDB-GENE-070705-176,mhc1zea,DELETION,350
zko925b,GAAAACTCACCGGTCCAGGCtgg,ZDB-GENE-070705-176,mhc1zea,INSERTION,350
zko928a,GGCGACTCACCGGTCCAGGCtgg,ZDB-GENE-030916-1,mhc1ze,DELETION,266
zko929a,GGGACGTGTATCTGTCATCCcgg,ZDB-GENE-030902-2,cbr1,DELETION,267
zko933a,GGGAAGCGTCCGTACGGCCAagg,ZDB-GENE-010607-3,cx44.1,INSERTION,271
zko961a,TGAGCTGGAGGACTACATGGtgg,ZDB-GENE-030131-1684,slkb,DELETION,838
zko961b,TGAGCTGGAGGACTACATGGtgg,ZDB-GENE-030131-1684,slkb,DELETION,838
zko969a,GCCAGTTGATGCCCGACCGCAggg,ZDB-GENE-050320-41,gstcd,DELETION,261
zko970a,GGGCTGGACGAGAGTCTCCTggg,ZDB-GENE-090312-201,npnt,DELETION,743
zko970b,GGGCTGGACGAGAGTCTCCTggg,ZDB-GENE-090312-201,npnt,INSERTION,743
zko972a,GGAAGTCGACATCTGCTCCAtgg,ZDB-GENE-070112-1062,tbck,DELETION,1188
zko972b,GGAAGTCGACATCTGCTCCAtgg,ZDB-GENE-070112-1062,tbck,INSERTION,1188
zko974a,GGCAGCGCTTCTTCCTCCGGcgg,ZDB-GENE-080204-14,dkk2,DELETION,1286
zko977a,GGACAACCCAGGGTTCGAGCcgg,ZDB-GENE-040827-4,pkd2,DELETION,750
zko977b,GGACAACCCAGGGTTCGAGCcgg,ZDB-GENE-040827-4,pkd2,INDEL,750
zko979a,GGTGGACAAAGCATTAGCG,ZDB-GENE-050517-38,abcg2d,INSERTION,1287
zko980a,GGTAAAGACAGTGACCAAGA,ZDB-GENE-090311-56,si:ch73-190m4.1,INDEL,205
zko981a,GGTCTGGGAACAGCTGAAGagg,ZDB-GENE-090313-139,herc3,INSERTION,459
zko982a,GGAATTTCAAGGGCCGTCTGagg,ZDB-GENE-050208-102,im:7139293,DELETION,786
zko982b,GGAATTTCAAGGGCCGTCTGagg,ZDB-GENE-050208-102,im:7139293,DELETION,786
zko985a,GGGGCTCGGCGGGGCAACCAtgg,ZDB-GENE-980526-27,otx1a,DELETION,1118
zko985b,GGGGCTCGGCGGGGCAACCAtgg,ZDB-GENE-980526-27,otx1a,DELETION,1118
zko986a,GGTGCTGGATGGAGTCGTCAtgg,ZDB-GENE-040204-1,mdh1a,DELETION,501
zko987a,TGCTGGACGGTCAGGTCCagg,ZDB-GENE-090311-46,ugp2a,INSERTION,617
zko987b,TGCTGGACGGTCAGGTCCagg,ZDB-GENE-090311-46,ugp2a,DELETION,617
zko988a,GGGTGCTGCTGCTGCTTCTC,ZDB-GENE-040426-2331,spast,DELETION,626
zko988b,GGGTGCTGCTGCTGCTTCTC,ZDB-GENE-040426-2331,spast,INDEL,626
zko989a,GGCCAGAACCGACAAGCCCTGC,ZDB-GENE-040718-136,dpy30,INDEL,933
zko989b,GGCCAGAACCGACAAGCCCTGC,ZDB-GENE-040718-136,dpy30,INDEL,933
zko991a,AAGACGGAGAAGACAGCAggg,,,INSERTION,724
zko992a,GGCGGAGCGCTCCTGCGCGGcgg,ZDB-GENE-011128-2,jag1a,DELETION,719
zko992b,GGCGGAGCGCTCCTGCGCGGcgg,ZDB-GENE-011128-2,jag1a,DELETION,719
zko993a,GGACGGCGCTGGCACTGACGGTggg,ZDB-GENE-090312-7,btbd3a,INDEL,569
zko995a,GGATTGGGCTTCATCTTTACtgg,ZDB-GENE-070410-110,ndufaf5,DELETION,696
zko995b,GGATTGGGCTTCATCTTTACtgg,ZDB-GENE-070410-110,ndufaf5,DELETION,696
zko996a,GGGAAGTCACACACCATGATggg,ZDB-GENE-090313-233,kif16ba,DELETION,610
zko996b,GGGAAGTCACACACCATGATggg,ZDB-GENE-090313-233,kif16ba,INSERTION,610
zko997a,GGATCTGGTTCCGCAGGATCagg,ZDB-GENE-121214-221,mast1a,DELETION,742
zko999a,GGTCTGTGACAACGGGACAGggg,ZDB-GENE-040426-2894,actr2a,DELETION,612
zko1000a,GGCGGAGGTCTCAGTCGGGTggg,ZDB-GENE-110830-2,spred2a,INDEL,1548
zko1001a,GGTGGTGGATGATAAAGAAGggg,ZDB-GENE-020122-3,meis4.1a,DELETION,726
zko1001b,GGTGGTGGATGATAAAGAAGggg,ZDB-GENE-020122-3,meis4.1a,DELETION,726
zko1002b,GGCAGTCAGGGTCATTGCTGggg,ZDB-GENE-080204-12,etaa1,DELETION,748
zko1004a,GGACGAGGTTCGGACAGACCagg,ZDB-GENE-040801-126,cnrip1a,DELETION,591
zko1004b,GGACGAGGTTCGGACAGACCagg,ZDB-GENE-040801-126,cnrip1a,DELETION,591
zko1005a,GGAGCAGCAGCGCCGTCTGCagg,ZDB-GENE-121214-308,si:dkey-202b17.4,DELETION,597
zko1005b,GGAGCAGCAGCGCCGTCTGCagg,ZDB-GENE-121214-308,si:dkey-202b17.4,DELETION,597
zko1006a,GATCGGCCTGAGTGTCCATAcgg,ZDB-GENE-121214-230,si:ch1073-147h9.1,DELETION,1546
zko1006b,GATCGGCCTGAGTGTCCATAcgg,ZDB-GENE-121214-230,si:ch1073-147h9.1,INDEL,1546
zko1007a,GGCCCGTGGCCACCATGTcgg,ZDB-GENE-110411-180,prokr1a,DELETION,250
zko1007b,GGCCCGTGGCCACCATGTcgg,ZDB-GENE-110411-180,prokr1a,INDEL,250
zko1009a,GGAATCCCTGAAGCTGTCTGagg,ZDB-GENE-060616-2,snrpb2,INDEL,248
zko1010a,GGGCATCGATGAGGCGGGCAggg,ZDB-GENE-040426-976,rnaseh2a,DELETION,246
zko1012a,GGACGGATTCGTCAAAGCGCtgg,ZDB-GENE-040426-2172,junba,DELETION,215
zko1012b,GGACGGATTCGTCAAAGCGCtgg,ZDB-GENE-040426-2172,junba,INDEL,215
zko1017a,GGCCGACAAAGTCTGGCGCC,ZDB-GENE-080722-15,nfixa,DELETION,1303
zko1017b,GGCCGACAAAGTCTGGCGCC,ZDB-GENE-080722-15,nfixa,DELETION,1303
zko1019a,GGGAACTGTCTGTCTTCTCAagg,ZDB-GENE-040426-1277,rnf11a,DELETION,318
zko1019b,GGGAACTGTCTGTCTTCTCAagg,ZDB-GENE-040426-1277,rnf11a,INDEL,318
zko1021a,GGCCTTCTTCGCCATGTACAcgg,ZDB-GENE-090312-127,best2,INDEL,1145
zko1022b,GGCCGACGCCATCTAGAGGAggg,ZDB-GENE-080722-14,rab3da,INDEL,1133
zko1025a,GGAGCTTCTTCCCTTCCTTAggg,ZDB-GENE-090312-176,si:dkey-121b10.7,DELETION,319
zko1028a,ACAGCGAATCCAACCCAACC,ZDB-GENE-061207-21,si:ch211-217k17.9,INDEL,1307
zko1028b,ACAGCGAATCCAACCCAACC,ZDB-GENE-061207-21,si:ch211-217k17.9,DELETION,1307
zko1029b,GGAGCCAGGCAGCATGTCAGagg,ZDB-GENE-080723-68,zgc:194101,DELETION,1308
zko1030a,GGAGCCAGGCAGCATTTCAGagg,ZDB-GENE-061207-20,si:ch211-217k17.12,DELETION,1309
zko1033a,GGATGTCTATCGCTTCTTCTggg,ZDB-GENE-061009-11,si:ch211-217k17.7,INDEL,745
zko1037a,GGAGCACGTCGGACTTCATAtgg,ZDB-GENE-040718-345,acy3.1,DELETION,1314
zko1039a,GGCGTTTTCCGACGCGTCCAtgg,ZDB-GENE-061207-19,tacr3l,DELETION,460
zko1039b,GGCGTTTTCCGACGCGTCCAtgg,ZDB-GENE-061207-19,tacr3l,INDEL,460
zko1040a,GCCAGACTGGTGGAGGATCTcgg,ZDB-GENE-031006-12,abca1a,INSERTION,503
zko1041a,GGTCTGGATTCTCACAGCAGtgg,ZDB-GENE-050417-204,slc44a1a,INDEL,885
zko1041b,GGTCTGGATTCTCACAGCAGtgg,ZDB-GENE-050417-204,slc44a1a,INDEL,885
zko1043a,GAGGCACCATAAACCTGGCCAcgg,ZDB-GENE-090312-18,osbp,DELETION,1316
zko1044b,ggaagccaaagtctccattctc,,,INDEL,1317
zko1045a,GGTCAGCCAGAGCCCAGACAcgg,,,DELETION,1318
zko1047a,gagagaccgctgcgaaactgtgg,ZDB-GENE-030131-4139,wu:fc75a09,DELETION,1320
zko1047b,gagagaccgctgcgaaactgtgg,ZDB-GENE-030131-4139,wu:fc75a09,DELETION,1320
zko1049a,GGACCTGCTGGGTGGATATGagg,ZDB-GENE-021125-1,smarca5,DELETION,320
zko1049b,GGACCTGCTGGGTGGATATGagg,ZDB-GENE-021125-1,smarca5,DELETION,320
zko1053a,GGAGTGAATGTGGCAGGTATggg,ZDB-GENE-060213-1,rnf150a,DELETION,321
zko1054a,GGAGGCCTTTTGGCTGCTAG,ZDB-GENE-060810-33,tbc1d9,INDEL,1323
zko1054b,GGAGGCCTTTTGGCTGCTAG,ZDB-GENE-060810-33,tbc1d9,INSERTION,1323
zko1057a,GAAACACACAGACGCAGCC,ZDB-GENE-060824-2,elmod2,DELETION,1324
zko1057b,GAAACACACAGACGCAGCC,ZDB-GENE-060824-2,elmod2,DELETION,1324
zko1058a,GATCCACATGCTTGCCCGG,ZDB-GENE-040426-1642,zgc:66455,INSERTION,1325
zko1061a,GGTCACTTTATTATGCATAG,ZDB-GENE-090313-82,si:ch211-213b8.4,DELETION,1326
zko1063b,GAGAACTGCGCCGAGCTGC,ZDB-GENE-100210-6,usp34,DELETION,1328
zko1064a,GAAGGACCATCCAGATGCC,ZDB-GENE-050309-201,xpo1a,DELETION,1329
zko1065a,TTTAAAGCCAAACCTGTCCC,ZDB-GENE-110310-1,fam161a,DELETION,1330
zko1068a,GGTCGAGGCCATTCAGATGGtgg,ZDB-GENE-110309-3,akt3b,INDEL,1333
zko1069b,GGAGCTTTAGATGCATTATGagg,,,DELETION,243
zko1071a,GGACAGTGCTCGGCTGGAGGagg,ZDB-GENE-040712-1,ltv1,DELETION,744
zko1071b,GGACAGTGCTCGGCTGGAGGagg,ZDB-GENE-040712-1,ltv1,INDEL,744
zko1072a,GCAAGACATACGAGCAGCTGcgg,ZDB-GENE-010724-2,capn9,DELETION,577
zko1072b,GCAAGACATACGAGCAGCTGcgg,ZDB-GENE-010724-2,capn9,DELETION,577
zko1074a,GGCCTGAGCCCGGTGTGCCGcgg,ZDB-GENE-040426-2941,nup133,DELETION,231
zko1074b,GGCCTGAGCCCGGTGTGCCGcgg,ZDB-GENE-040426-2941,nup133,INDEL,231
zko1075b,GGCTCTAGGGGCGTCATCTCcgg,ZDB-GENE-050417-267,acta1a,INDEL,228
zko1077a,GGGTAAAGTGTGTGATGGTcgg,ZDB-GENE-141219-14,si:ch211-133l11.10,DELETION,223
zko1077c,GGGTAAAGTGTGTGATGGTcgg,ZDB-GENE-141219-14,si:ch211-133l11.10,DELETION,223
zko1078a,GGCGGCTCTGGAGACGCATTggg,ZDB-GENE-980526-29,dla,INDEL,220
zko1078b,GGCGGCTCTGGAGACGCATTggg,ZDB-GENE-980526-29,dla,INSERTION,220
zko1079b,GGCCCGACATCGAGAAGAAGtgg; GGCGCAGGAGAGGTTTGTGAtgg,ZDB-GENE-110411-40,triobpa,INSERTION,219
zko1080a,GGTGTAGGACAGAACATACcgg,ZDB-GENE-030131-2374,dcaf15,DELETION,1082
zko1081b,GGCCTGTGCTCTGATGATGGagg,ZDB-GENE-041008-101,rfx1b,INDEL,1045
zko1085a,GGTTTGAGGTGGGCGTCCGGcgg,,,DELETION,1046
zko1085b,GGTTTGAGGTGGGCGTCCGGcgg,,,DELETION,1046
zko1086a,GGTCACCACCTGCAGCTCGcgg,ZDB-GENE-030131-2702,tsc2,INDEL,1096
zko1086b,GGTCACCACCTGCAGCTCGcgg,ZDB-GENE-030131-2702,tsc2,DELETION,1096
zko1087b,GGCTGTGGTGTTGGGCGTGGagg,ZDB-GENE-100707-1,pkd1a,DELETION,1085
zko1089a,GGATCCTGATGTGACTCTCAagg,ZDB-GENE-110914-121,si:ch211-202h22.10,DELETION,1069
zko1090a,GGCGCTCCGGTAACCCGCGGtgg,ZDB-GENE-070410-98,tekt4,DELETION,1070
zko1091a,GGATACGGTGCCGGCTGTACagg,ZDB-GENE-030131-1143,si:ch211-202h22.9,INSERTION,1047
zko1093a,CACGACTGGGTGAGTGTCCagg,ZDB-GENE-090313-77,si:ch211-202h22.7,DELETION,552
zko1098a,GGAAGGAGAGCTCGTTGACCggg,ZDB-GENE-090313-74,cdc25d,DELETION,1048
zko1107a,GGGCCTTTTAGTTCGGGCCggg,ZDB-GENE-030131-4156,r3hcc1l,INDEL,1097
zko1108a,GGACGCGGTACAGCGCGCGcgg,ZDB-GENE-030131-4357,khsrp,DELETION,1073
zko1109a,GGATGTCAACGAGCTGCGGATcgg,ZDB-GENE-121214-154,slc25a23a,DELETION,1074
zko1110a,GGGCTTTGGAGATGCGCTtgg,ZDB-GENE-121214-351,si:ch211-196h16.12,DELETION,1093
zko1111a,GGTTTGGAGGTGGCCATCagg,ZDB-GENE-060331-129,zgc:136864,INSERTION,1075
zko1112a,GGACCAGCTGCGCGAGACAGcgg,ZDB-GENE-081022-176,vps54,DELETION,1076
zko1114a,GGCAAGAAGATCACCATCAT,ZDB-GENE-060616-24,lgalsla,INDEL,1056
zko1114b,GGCAAGAAGATCACCATCAT,ZDB-GENE-060616-24,lgalsla,DELETION,1056
zko1115a,TGTGATGTGAGCTTGATGCTcgg,ZDB-GENE-030131-1437,aftpha,DELETION,1100
zko1116a,GGACTCAGACTCGTCCAGACtgg,ZDB-GENE-050309-236,sertad2a,DELETION,1080
zko1119a,AGTAGCGGTGTTCAGCTCGggg,ZDB-GENE-040611-4,pane1,DELETION,1101
zko1121a,GGATCTGCAGAGACCCGGAC,ZDB-GENE-080204-109,mri1,DELETION,1052
zko1121b,GGATCTGCAGAGACCCGGAC,ZDB-GENE-080204-109,mri1,DELETION,1052
zko1124a,GGACCTGACCAAGAGTTTACagg,ZDB-GENE-121214-140,si:ch211-286b5.4,INSERTION,1079
zko1127a,cccTTATGGTCTCACTGTGAC,ZDB-GENE-121214-63,si:ch211-286b5.9,DELETION,1078
zko1130a,GGAAAATGGACGGGGATTCC,,,DELETION,1057
zko1131a,GGACAGGCTTTGACTCGAGT,ZDB-GENE-121214-192,umod,INDEL,1064
zko1131b,GGACAGGCTTTGACTCGAGT,ZDB-GENE-121214-192,umod,INSERTION,1064
zko1133a,GAAGGTGAAGTTGACTGCTT,ZDB-GENE-121214-35,adgre8,INDEL,1102
zko1133b,GAAGGTGAAGTTGACTGCTT,ZDB-GENE-121214-35,adgre8,DELETION,1102
zko1134a,GAAGGTGAAGTTGACTGGTT,ZDB-GENE-090313-150,si:ch73-341p18.5,DELETION,1066
zko1134b,GAAGGTGAAGTTGACTGGTT,ZDB-GENE-090313-150,si:ch73-341p18.5,DELETION,1066
zko1136a,GGAACGTCAAAACTGACCAT,ZDB-GENE-090313-152,si:ch73-341p18.7,INDEL,1543
zko1136b,GGAACGTCAAAACTGACCAT,ZDB-GENE-090313-152,si:ch73-341p18.7,INDEL,1543
zko1137a,GGAAAAGTTCAAGGAGATCG,ZDB-GENE-030131-5455,dnajb1b,DELETION,1059
zko1137b,GGAAAAGTTCAAGGAGATCG,ZDB-GENE-030131-5455,dnajb1b,DELETION,1059
zko1138a,GGGTGCATAAATGAAGGGCACT; GAGCGGGTGGTTGATATAAT,ZDB-GENE-030131-5154,tecrb,INDEL,1068
zko1138b,GGGTGCATAAATGAAGGGCACT; GAGCGGGTGGTTGATATAAT,ZDB-GENE-030131-5154,tecrb,INDEL,1068
zko1139a,GGATGGGCGCTCATCTTGTGcgg,ZDB-GENE-040426-1886,zgc:77820,DELETION,1095
zko1141a,TCTACCCGCGAGGGGGATGGggg,ZDB-GENE-090313-2,samd1b,DELETION,985
zko1141b,TCTACCCGCGAGGGGGATGGggg,ZDB-GENE-090313-2,samd1b,DELETION,985
zko1144a,GGATGAGCTGGTATGAGAGCagg,ZDB-GENE-090313-155,si:ch73-343l4.3,DELETION,987
zko1147a,AGGCAGTTCTGCAGGAATCGtgg,ZDB-GENE-090313-157,si:ch73-343l4.5,DELETION,990
zko1149a,GGTGCTGAATGTGGCTGTTC,ZDB-GENE-040426-2594,asf1bb,DELETION,971
zko1149b,GGTGCTGAATGTGGCTGTTC,ZDB-GENE-040426-2594,asf1bb,DELETION,971
zko1155a,GGTCCTTACCAGTGGATAAC,,,DELETION,972
zko1155b,GGTCCTTACCAGTGGATAAC,,,INDEL,972
zko1156a,GGATTTCGAGAGCGCCGGGC,,,DELETION,973
zko1156b,GGATTTCGAGAGCGCCGGGC,,,DELETION,973
zko1157a,GGGATGTCCTTCGATGTCTC,ZDB-GENE-090311-30,si:dkey-76b14.5,INDEL,969
zko1158a,GGATCTGCTTGTCTTTCTTCggg,ZDB-GENE-990415-35,c3a.1,DELETION,995
zko1160a,GGTGAAGAGTCGCGCTCTGG,ZDB-GENE-090313-329,si:dkey-76b14.2,INSERTION,974
zko1160b,GGTGAAGAGTCGCGCTCTGG,ZDB-GENE-090313-329,si:dkey-76b14.2,DELETION,974
zko1161a,GGATCTAGAGCCTGGAACCA,ZDB-GENE-030131-7741,zgc:65894,INDEL,975
zko1161b,GGATCTAGAGCCTGGAACCA,ZDB-GENE-030131-7741,zgc:65894,INDEL,975
zko1162a,GGTTGGATCATTTACTAGTG,,,DELETION,731
zko1163a,GAGCCATCAGAACATACCTGagg,ZDB-GENE-990415-36,c3a.2,DELETION,976
zko1164a,GGATAAGACAATGATTGCTCagg,ZDB-GENE-990415-37,c3a.3,INDEL,997
zko1167a,GGAGCAGGAAAGAGCGCATCagg,,,INDEL,999
zko1169a,GGTGTCGCAGGTGCTGTGGGagg,,,INDEL,977
zko1169b,GGTGTCGCAGGTGCTGTGGGagg,,,INDEL,977
zko1170a,GACGTAGTCAATCAATGTGGagg,,,DELETION,981
zko1171b,GGACTGTGTGACACGTCAATcgg,,,DELETION,982
zko1172a,GGAGGAGCCATTGAAGGAGCagg,ZDB-GENE-071004-84,zgc:171452,INDEL,983
zko1173a,GATCGCACTGCACCGTTATCagg,,,DELETION,1384
zko1173b,GATCGCACTGCACCGTTATCagg,,,DELETION,1384
zko1175a,GGAGGATCAGCTACTATATggg,,,INSERTION,1383
zko1175b,GGAGGATCAGCTACTATATggg,,,INDEL,1383
zko1192a,GTGCTGAAGGCTCTCTGCAGtgg,ZDB-GENE-121214-223,si:dkey-27j5.3,DELETION,1509
zko1194a,GGCGACCTCTAATGACCCCTggg,ZDB-GENE-130530-635,smu1b,DELETION,92
zko1270a,ACTGCAGCCTCGCCAACAtgg,ZDB-GENE-061013-672,slc27a1b,INDEL,700
